solid OpenSCAD_Model
  facet normal 0.995186 0.098009 0
    outer loop
      vertex 36.9208 2.41992 115
      vertex 36.6835 4.82947 95
      vertex 36.6835 4.82947 115
    endloop
  endfacet
  facet normal 0.995186 0.098009 0
    outer loop
      vertex 36.6835 4.82947 95
      vertex 36.9208 2.41992 115
      vertex 36.9208 2.41992 95
    endloop
  endfacet
  facet normal 0.999466 0.0326903 0
    outer loop
      vertex 36.9943 0.172747 115
      vertex 36.9208 2.41992 95
      vertex 36.9208 2.41992 115
    endloop
  endfacet
  facet normal 0.999466 0.0326903 0
    outer loop
      vertex 36.9208 2.41992 95
      vertex 36.9943 0.172747 115
      vertex 36.9943 0.172747 95
    endloop
  endfacet
  facet normal 0.986644 0.162894 0
    outer loop
      vertex 36.6835 4.82947 115
      vertex 36.2891 7.21834 95
      vertex 36.2891 7.21834 115
    endloop
  endfacet
  facet normal 0.986644 0.162894 0
    outer loop
      vertex 36.2891 7.21834 95
      vertex 36.6835 4.82947 115
      vertex 36.6835 4.82947 95
    endloop
  endfacet
  facet normal -0.290302 -0.956935 0
    outer loop
      vertex -11.8933 -35.0364 95
      vertex -9.5763 -35.7393 115
      vertex -11.8933 -35.0364 115
    endloop
  endfacet
  facet normal -0.290302 -0.956935 -0
    outer loop
      vertex -9.5763 -35.7393 115
      vertex -11.8933 -35.0364 95
      vertex -9.5763 -35.7393 95
    endloop
  endfacet
  facet normal 0.412689 -0.910872 0
    outer loop
      vertex 14.1593 -34.1835 95
      vertex 16.3647 -33.1843 115
      vertex 14.1593 -34.1835 115
    endloop
  endfacet
  facet normal 0.412689 -0.910872 0
    outer loop
      vertex 16.3647 -33.1843 115
      vertex 14.1593 -34.1835 95
      vertex 16.3647 -33.1843 95
    endloop
  endfacet
  facet normal 0.412689 0.910872 -0
    outer loop
      vertex 16.3647 33.1843 95
      vertex 14.1593 34.1835 115
      vertex 16.3647 33.1843 115
    endloop
  endfacet
  facet normal 0.412689 0.910872 0
    outer loop
      vertex 14.1593 34.1835 115
      vertex 16.3647 33.1843 95
      vertex 14.1593 34.1835 95
    endloop
  endfacet
  facet normal 0.634398 0.773007 -0
    outer loop
      vertex 24.3958 27.8181 95
      vertex 22.5242 29.3541 115
      vertex 24.3958 27.8181 115
    endloop
  endfacet
  facet normal 0.634398 0.773007 0
    outer loop
      vertex 22.5242 29.3541 115
      vertex 24.3958 27.8181 95
      vertex 22.5242 29.3541 95
    endloop
  endfacet
  facet normal 0.849214 -0.528048 0
    outer loop
      vertex 30.7644 -20.5561 115
      vertex 32.0429 -18.5 95
      vertex 32.0429 -18.5 115
    endloop
  endfacet
  facet normal 0.849214 -0.528048 0
    outer loop
      vertex 32.0429 -18.5 95
      vertex 30.7644 -20.5561 115
      vertex 30.7644 -20.5561 95
    endloop
  endfacet
  facet normal 0.881911 0.471415 0
    outer loop
      vertex 33.1843 16.3647 115
      vertex 32.0429 18.5 95
      vertex 32.0429 18.5 115
    endloop
  endfacet
  facet normal 0.881911 0.471415 0
    outer loop
      vertex 32.0429 18.5 95
      vertex 33.1843 16.3647 115
      vertex 33.1843 16.3647 95
    endloop
  endfacet
  facet normal 0.973877 0.227077 0
    outer loop
      vertex 36.2891 7.21834 115
      vertex 35.7393 9.5763 95
      vertex 35.7393 9.5763 115
    endloop
  endfacet
  facet normal 0.973877 0.227077 0
    outer loop
      vertex 35.7393 9.5763 95
      vertex 36.2891 7.21834 115
      vertex 36.2891 7.21834 95
    endloop
  endfacet
  facet normal -0.227077 -0.973877 0
    outer loop
      vertex -9.5763 -35.7393 95
      vertex -7.21834 -36.2891 115
      vertex -9.5763 -35.7393 115
    endloop
  endfacet
  facet normal -0.227077 -0.973877 -0
    outer loop
      vertex -7.21834 -36.2891 115
      vertex -9.5763 -35.7393 95
      vertex -7.21834 -36.2891 95
    endloop
  endfacet
  facet normal -0.773007 -0.634398 0
    outer loop
      vertex -27.8181 -24.3958 95
      vertex -29.3541 -22.5242 115
      vertex -29.3541 -22.5242 95
    endloop
  endfacet
  facet normal -0.773007 -0.634398 0
    outer loop
      vertex -29.3541 -22.5242 115
      vertex -27.8181 -24.3958 95
      vertex -27.8181 -24.3958 115
    endloop
  endfacet
  facet normal 0.227077 -0.973877 0
    outer loop
      vertex 7.21834 -36.2891 95
      vertex 9.5763 -35.7393 115
      vertex 7.21834 -36.2891 115
    endloop
  endfacet
  facet normal 0.227077 -0.973877 0
    outer loop
      vertex 9.5763 -35.7393 115
      vertex 7.21834 -36.2891 95
      vertex 9.5763 -35.7393 95
    endloop
  endfacet
  facet normal -0.935901 -0.352264 0
    outer loop
      vertex -34.1835 -14.1593 95
      vertex -35.0364 -11.8933 115
      vertex -35.0364 -11.8933 95
    endloop
  endfacet
  facet normal -0.935901 -0.352264 0
    outer loop
      vertex -35.0364 -11.8933 115
      vertex -34.1835 -14.1593 95
      vertex -34.1835 -14.1593 115
    endloop
  endfacet
  facet normal -0.634398 0.773007 0
    outer loop
      vertex -22.5242 29.3541 95
      vertex -24.3958 27.8181 115
      vertex -22.5242 29.3541 115
    endloop
  endfacet
  facet normal -0.634398 0.773007 0
    outer loop
      vertex -24.3958 27.8181 115
      vertex -22.5242 29.3541 95
      vertex -24.3958 27.8181 95
    endloop
  endfacet
  facet normal 0.729877 -0.683578 0
    outer loop
      vertex 26.163 -26.163 115
      vertex 27.8181 -24.3958 95
      vertex 27.8181 -24.3958 115
    endloop
  endfacet
  facet normal 0.729877 -0.683578 0
    outer loop
      vertex 27.8181 -24.3958 95
      vertex 26.163 -26.163 115
      vertex 26.163 -26.163 95
    endloop
  endfacet
  facet normal -0.849214 -0.528048 0
    outer loop
      vertex -30.7644 -20.5561 95
      vertex -32.0429 -18.5 115
      vertex -32.0429 -18.5 95
    endloop
  endfacet
  facet normal -0.849214 -0.528048 0
    outer loop
      vertex -32.0429 -18.5 115
      vertex -30.7644 -20.5561 95
      vertex -30.7644 -20.5561 115
    endloop
  endfacet
  facet normal 0.528048 -0.849214 0
    outer loop
      vertex 18.5 -32.0429 95
      vertex 20.5561 -30.7644 115
      vertex 18.5 -32.0429 115
    endloop
  endfacet
  facet normal 0.528048 -0.849214 0
    outer loop
      vertex 20.5561 -30.7644 115
      vertex 18.5 -32.0429 95
      vertex 20.5561 -30.7644 95
    endloop
  endfacet
  facet normal 0.849214 0.528048 0
    outer loop
      vertex 32.0429 18.5 115
      vertex 30.7644 20.5561 95
      vertex 30.7644 20.5561 115
    endloop
  endfacet
  facet normal 0.849214 0.528048 0
    outer loop
      vertex 30.7644 20.5561 95
      vertex 32.0429 18.5 115
      vertex 32.0429 18.5 95
    endloop
  endfacet
  facet normal 0.582472 0.812851 -0
    outer loop
      vertex 22.5242 29.3541 95
      vertex 20.5561 30.7644 115
      vertex 22.5242 29.3541 115
    endloop
  endfacet
  facet normal 0.582472 0.812851 0
    outer loop
      vertex 20.5561 30.7644 115
      vertex 22.5242 29.3541 95
      vertex 20.5561 30.7644 95
    endloop
  endfacet
  facet normal 0.528048 0.849214 -0
    outer loop
      vertex 20.5561 30.7644 95
      vertex 18.5 32.0429 115
      vertex 20.5561 30.7644 115
    endloop
  endfacet
  facet normal 0.528048 0.849214 0
    outer loop
      vertex 18.5 32.0429 115
      vertex 20.5561 30.7644 95
      vertex 18.5 32.0429 95
    endloop
  endfacet
  facet normal -0.999465 -0.0327108 0
    outer loop
      vertex -36.9208 -2.41992 95
      vertex -37 0 115
      vertex -37 0 95
    endloop
  endfacet
  facet normal -0.999465 -0.0327108 0
    outer loop
      vertex -37 0 115
      vertex -36.9208 -2.41992 95
      vertex -36.9208 -2.41992 115
    endloop
  endfacet
  facet normal 0.0981312 0.995173 -0
    outer loop
      vertex 3 36.8636 95
      vertex 2.41992 36.9208 115
      vertex 3 36.8636 115
    endloop
  endfacet
  facet normal 0.0981312 0.995173 0
    outer loop
      vertex 2.41992 36.9208 115
      vertex 3 36.8636 95
      vertex 2.41992 36.9208 95
    endloop
  endfacet
  facet normal 0.0327108 -0.999465 0
    outer loop
      vertex 0 -37 95
      vertex 2.41992 -36.9208 115
      vertex 0 -37 115
    endloop
  endfacet
  facet normal 0.0327108 -0.999465 0
    outer loop
      vertex 2.41992 -36.9208 115
      vertex 0 -37 95
      vertex 2.41992 -36.9208 95
    endloop
  endfacet
  facet normal -0.956935 0.290302 0
    outer loop
      vertex -35.7393 9.5763 95
      vertex -35.0364 11.8933 115
      vertex -35.0364 11.8933 95
    endloop
  endfacet
  facet normal -0.956935 0.290302 0
    outer loop
      vertex -35.0364 11.8933 115
      vertex -35.7393 9.5763 95
      vertex -35.7393 9.5763 115
    endloop
  endfacet
  facet normal 0.773007 -0.634398 0
    outer loop
      vertex 27.8181 -24.3958 115
      vertex 29.3541 -22.5242 95
      vertex 29.3541 -22.5242 115
    endloop
  endfacet
  facet normal 0.773007 -0.634398 0
    outer loop
      vertex 29.3541 -22.5242 95
      vertex 27.8181 -24.3958 115
      vertex 27.8181 -24.3958 95
    endloop
  endfacet
  facet normal 0.956935 0.290302 0
    outer loop
      vertex 35.7393 9.5763 115
      vertex 35.0364 11.8933 95
      vertex 35.0364 11.8933 115
    endloop
  endfacet
  facet normal 0.956935 0.290302 0
    outer loop
      vertex 35.0364 11.8933 95
      vertex 35.7393 9.5763 115
      vertex 35.7393 9.5763 95
    endloop
  endfacet
  facet normal -0.973877 -0.227077 0
    outer loop
      vertex -35.7393 -9.5763 95
      vertex -36.2891 -7.21834 115
      vertex -36.2891 -7.21834 95
    endloop
  endfacet
  facet normal -0.973877 -0.227077 0
    outer loop
      vertex -36.2891 -7.21834 115
      vertex -35.7393 -9.5763 95
      vertex -35.7393 -9.5763 115
    endloop
  endfacet
  facet normal 0.956938 -0.290293 0
    outer loop
      vertex 35.0364 -11.8933 115
      vertex 35.6891 -9.7417 95
      vertex 35.6891 -9.7417 115
    endloop
  endfacet
  facet normal 0.956938 -0.290293 0
    outer loop
      vertex 35.6891 -9.7417 95
      vertex 35.0364 -11.8933 115
      vertex 35.0364 -11.8933 95
    endloop
  endfacet
  facet normal -0.528075 0.849198 0
    outer loop
      vertex -18.6468 31.9517 95
      vertex -20.5561 30.7644 115
      vertex -18.6468 31.9517 115
    endloop
  endfacet
  facet normal -0.528075 0.849198 0
    outer loop
      vertex -20.5561 30.7644 115
      vertex -18.6468 31.9517 95
      vertex -20.5561 30.7644 95
    endloop
  endfacet
  facet normal 0.162894 -0.986644 0
    outer loop
      vertex 4.82947 -36.6835 95
      vertex 7.21834 -36.2891 115
      vertex 4.82947 -36.6835 115
    endloop
  endfacet
  facet normal 0.162894 -0.986644 0
    outer loop
      vertex 7.21834 -36.2891 115
      vertex 4.82947 -36.6835 95
      vertex 7.21834 -36.2891 95
    endloop
  endfacet
  facet normal 0.352264 0.935901 -0
    outer loop
      vertex 14.1593 34.1835 95
      vertex 11.8933 35.0364 115
      vertex 14.1593 34.1835 115
    endloop
  endfacet
  facet normal 0.352264 0.935901 0
    outer loop
      vertex 11.8933 35.0364 115
      vertex 14.1593 34.1835 95
      vertex 11.8933 35.0364 95
    endloop
  endfacet
  facet normal 0.935901 -0.352264 0
    outer loop
      vertex 34.1835 -14.1593 115
      vertex 35.0364 -11.8933 95
      vertex 35.0364 -11.8933 115
    endloop
  endfacet
  facet normal 0.935901 -0.352264 0
    outer loop
      vertex 35.0364 -11.8933 95
      vertex 34.1835 -14.1593 115
      vertex 34.1835 -14.1593 95
    endloop
  endfacet
  facet normal 0.812851 -0.582472 0
    outer loop
      vertex 29.3541 -22.5242 115
      vertex 30.7644 -20.5561 95
      vertex 30.7644 -20.5561 115
    endloop
  endfacet
  facet normal 0.812851 -0.582472 0
    outer loop
      vertex 30.7644 -20.5561 95
      vertex 29.3541 -22.5242 115
      vertex 29.3541 -22.5242 95
    endloop
  endfacet
  facet normal -0.935901 0.352264 0
    outer loop
      vertex -35.0364 11.8933 95
      vertex -34.1835 14.1593 115
      vertex -34.1835 14.1593 95
    endloop
  endfacet
  facet normal -0.935901 0.352264 0
    outer loop
      vertex -34.1835 14.1593 115
      vertex -35.0364 11.8933 95
      vertex -35.0364 11.8933 115
    endloop
  endfacet
  facet normal -0.812851 0.582472 0
    outer loop
      vertex -30.7644 20.5561 95
      vertex -29.3541 22.5242 115
      vertex -29.3541 22.5242 95
    endloop
  endfacet
  facet normal -0.812851 0.582472 0
    outer loop
      vertex -29.3541 22.5242 115
      vertex -30.7644 20.5561 95
      vertex -30.7644 20.5561 115
    endloop
  endfacet
  facet normal 0.683578 0.729877 -0
    outer loop
      vertex 26.163 26.163 95
      vertex 24.3958 27.8181 115
      vertex 26.163 26.163 115
    endloop
  endfacet
  facet normal 0.683578 0.729877 0
    outer loop
      vertex 24.3958 27.8181 115
      vertex 26.163 26.163 95
      vertex 24.3958 27.8181 95
    endloop
  endfacet
  facet normal -0.582472 0.812851 0
    outer loop
      vertex -20.5561 30.7644 95
      vertex -22.5242 29.3541 115
      vertex -20.5561 30.7644 115
    endloop
  endfacet
  facet normal -0.582472 0.812851 0
    outer loop
      vertex -22.5242 29.3541 115
      vertex -20.5561 30.7644 95
      vertex -22.5242 29.3541 95
    endloop
  endfacet
  facet normal -0.352264 -0.935901 0
    outer loop
      vertex -14.1593 -34.1835 95
      vertex -11.8933 -35.0364 115
      vertex -14.1593 -34.1835 115
    endloop
  endfacet
  facet normal -0.352264 -0.935901 -0
    outer loop
      vertex -11.8933 -35.0364 115
      vertex -14.1593 -34.1835 95
      vertex -11.8933 -35.0364 95
    endloop
  endfacet
  facet normal -0.881911 -0.471415 0
    outer loop
      vertex -32.0429 -18.5 95
      vertex -33.1843 -16.3647 115
      vertex -33.1843 -16.3647 95
    endloop
  endfacet
  facet normal -0.881911 -0.471415 0
    outer loop
      vertex -33.1843 -16.3647 115
      vertex -32.0429 -18.5 95
      vertex -32.0429 -18.5 115
    endloop
  endfacet
  facet normal 0.935901 0.352264 0
    outer loop
      vertex 35.0364 11.8933 115
      vertex 34.1835 14.1593 95
      vertex 34.1835 14.1593 115
    endloop
  endfacet
  facet normal 0.935901 0.352264 0
    outer loop
      vertex 34.1835 14.1593 95
      vertex 35.0364 11.8933 115
      vertex 35.0364 11.8933 95
    endloop
  endfacet
  facet normal -0.986644 -0.162894 0
    outer loop
      vertex -36.2891 -7.21834 95
      vertex -36.6835 -4.82947 115
      vertex -36.6835 -4.82947 95
    endloop
  endfacet
  facet normal -0.986644 -0.162894 0
    outer loop
      vertex -36.6835 -4.82947 115
      vertex -36.2891 -7.21834 95
      vertex -36.2891 -7.21834 115
    endloop
  endfacet
  facet normal -0 0 1
    outer loop
      vertex -11 39.622 115
      vertex -3 36.8636 115
      vertex -3 47 115
    endloop
  endfacet
  facet normal 0 -0 1
    outer loop
      vertex -6.48675 32.6111 115
      vertex -3 36.8636 115
      vertex -11 39.622 115
    endloop
  endfacet
  facet normal 0 0 1
    outer loop
      vertex -3 36.8636 115
      vertex -6.48675 32.6111 115
      vertex -4.34 32.9655 115
    endloop
  endfacet
  facet normal 0 0 1
    outer loop
      vertex -11 39.622 115
      vertex -3 47 115
      vertex -11 47 115
    endloop
  endfacet
  facet normal 0 0 1
    outer loop
      vertex -1.5 36.9509 115
      vertex -2.17465 33.1788 115
      vertex -1.5 33.2009 115
    endloop
  endfacet
  facet normal -0 0 1
    outer loop
      vertex -2.41992 36.9208 115
      vertex -2.17465 33.1788 115
      vertex -1.5 36.9509 115
    endloop
  endfacet
  facet normal -0 0 1
    outer loop
      vertex -3 36.8636 115
      vertex -2.17465 33.1788 115
      vertex -2.41992 36.9208 115
    endloop
  endfacet
  facet normal 0 0 1
    outer loop
      vertex -2.17465 33.1788 115
      vertex -3 36.8636 115
      vertex -4.34 32.9655 115
    endloop
  endfacet
  facet normal 0 0 1
    outer loop
      vertex -6.48675 32.6111 115
      vertex -11 39.622 115
      vertex -7.95427 32.2689 115
    endloop
  endfacet
  facet normal -0 0 1
    outer loop
      vertex -14.6438 45.8997 115
      vertex -11 39.622 115
      vertex -14.6342 46.194 115
    endloop
  endfacet
  facet normal -0 0 1
    outer loop
      vertex -14.6727 45.6066 115
      vertex -11 39.622 115
      vertex -14.6438 45.8997 115
    endloop
  endfacet
  facet normal -0 0 1
    outer loop
      vertex -14.7206 45.3161 115
      vertex -11 39.622 115
      vertex -14.6727 45.6066 115
    endloop
  endfacet
  facet normal -0 0 1
    outer loop
      vertex -14.7875 45.0293 115
      vertex -11 39.622 115
      vertex -14.7206 45.3161 115
    endloop
  endfacet
  facet normal -0 0 1
    outer loop
      vertex -14.873 44.7475 115
      vertex -11 39.622 115
      vertex -14.7875 45.0293 115
    endloop
  endfacet
  facet normal -0 0 1
    outer loop
      vertex -14.9767 44.4719 115
      vertex -11 39.622 115
      vertex -14.873 44.7475 115
    endloop
  endfacet
  facet normal -0 0 1
    outer loop
      vertex -15.0982 44.2037 115
      vertex -11 39.622 115
      vertex -14.9767 44.4719 115
    endloop
  endfacet
  facet normal -0 0 1
    outer loop
      vertex -15.2371 43.944 115
      vertex -11 39.622 115
      vertex -15.0982 44.2037 115
    endloop
  endfacet
  facet normal -0 0 1
    outer loop
      vertex -15.3926 43.6939 115
      vertex -11 39.622 115
      vertex -15.2371 43.944 115
    endloop
  endfacet
  facet normal -0 0 1
    outer loop
      vertex -15.5641 43.4546 115
      vertex -11 39.622 115
      vertex -15.3926 43.6939 115
    endloop
  endfacet
  facet normal -0 0 1
    outer loop
      vertex -15.7509 43.2269 115
      vertex -11 39.622 115
      vertex -15.5641 43.4546 115
    endloop
  endfacet
  facet normal -0 0 1
    outer loop
      vertex -15.9522 43.012 115
      vertex -11 39.622 115
      vertex -15.7509 43.2269 115
    endloop
  endfacet
  facet normal -0 0 1
    outer loop
      vertex -16.1671 42.8107 115
      vertex -11 39.622 115
      vertex -15.9522 43.012 115
    endloop
  endfacet
  facet normal -0 0 1
    outer loop
      vertex -16.3947 42.6239 115
      vertex -11 39.622 115
      vertex -16.1671 42.8107 115
    endloop
  endfacet
  facet normal -0 0 1
    outer loop
      vertex -16.6341 42.4524 115
      vertex -11 39.622 115
      vertex -16.3947 42.6239 115
    endloop
  endfacet
  facet normal -0 0 1
    outer loop
      vertex -16.8842 42.2969 115
      vertex -11 39.622 115
      vertex -16.6341 42.4524 115
    endloop
  endfacet
  facet normal -0 0 1
    outer loop
      vertex -17.1439 42.1581 115
      vertex -11 39.622 115
      vertex -16.8842 42.2969 115
    endloop
  endfacet
  facet normal 0 -0 1
    outer loop
      vertex -17.1931 28.4421 115
      vertex -7.95427 32.2689 115
      vertex -18.6468 31.9517 115
    endloop
  endfacet
  facet normal 0 0 1
    outer loop
      vertex -11 39.622 115
      vertex -18.6468 31.9517 115
      vertex -7.95427 32.2689 115
    endloop
  endfacet
  facet normal -0 0 1
    outer loop
      vertex -17.4121 42.0365 115
      vertex -11 39.622 115
      vertex -17.1439 42.1581 115
    endloop
  endfacet
  facet normal 0 0 1
    outer loop
      vertex -7.24379 30.5537 115
      vertex -17.1931 28.4421 115
      vertex -16.4826 26.7268 115
    endloop
  endfacet
  facet normal -0 0 1
    outer loop
      vertex -17.6877 41.9328 115
      vertex -11 39.622 115
      vertex -17.4121 42.0365 115
    endloop
  endfacet
  facet normal 0 0 1
    outer loop
      vertex -11 39.622 115
      vertex -17.6877 41.9328 115
      vertex -18.6468 31.9517 115
    endloop
  endfacet
  facet normal 0 0 1
    outer loop
      vertex -18.6468 31.9517 115
      vertex -17.6877 41.9328 115
      vertex -17.9695 41.8473 115
    endloop
  endfacet
  facet normal 0 0 1
    outer loop
      vertex -18.6468 31.9517 115
      vertex -17.9695 41.8473 115
      vertex -18.2563 41.7804 115
    endloop
  endfacet
  facet normal 0 0 1
    outer loop
      vertex -7.95427 32.2689 115
      vertex -17.1931 28.4421 115
      vertex -7.24379 30.5537 115
    endloop
  endfacet
  facet normal 0 0 1
    outer loop
      vertex -18.6468 31.9517 115
      vertex -18.2563 41.7804 115
      vertex -18.5468 41.7325 115
    endloop
  endfacet
  facet normal -0 0 1
    outer loop
      vertex -20.5561 30.7644 115
      vertex -17.1931 28.4421 115
      vertex -18.6468 31.9517 115
    endloop
  endfacet
  facet normal 0 0 1
    outer loop
      vertex -17.1931 28.4421 115
      vertex -20.5561 30.7644 115
      vertex -18.4727 27.6464 115
    endloop
  endfacet
  facet normal 0 0 1
    outer loop
      vertex -18.4727 27.6464 115
      vertex -20.5561 30.7644 115
      vertex -20.2413 26.379 115
    endloop
  endfacet
  facet normal -0 0 1
    outer loop
      vertex -22.5242 29.3541 115
      vertex -20.2413 26.379 115
      vertex -20.5561 30.7644 115
    endloop
  endfacet
  facet normal 0 0 1
    outer loop
      vertex -20.2413 26.379 115
      vertex -22.5242 29.3541 115
      vertex -21.9232 24.9987 115
    endloop
  endfacet
  facet normal -0 0 1
    outer loop
      vertex -24.3958 27.8181 115
      vertex -21.9232 24.9987 115
      vertex -22.5242 29.3541 115
    endloop
  endfacet
  facet normal 0 0 1
    outer loop
      vertex -21.9232 24.9987 115
      vertex -24.3958 27.8181 115
      vertex -23.5113 23.5113 115
    endloop
  endfacet
  facet normal -0 0 1
    outer loop
      vertex -26.163 26.163 115
      vertex -23.5113 23.5113 115
      vertex -24.3958 27.8181 115
    endloop
  endfacet
  facet normal 0 0 1
    outer loop
      vertex -23.5113 23.5113 115
      vertex -26.163 26.163 115
      vertex -24.9987 21.9232 115
    endloop
  endfacet
  facet normal -0 0 1
    outer loop
      vertex -27.8181 24.3958 115
      vertex -24.9987 21.9232 115
      vertex -26.163 26.163 115
    endloop
  endfacet
  facet normal 0 0 1
    outer loop
      vertex -24.9987 21.9232 115
      vertex -27.8181 24.3958 115
      vertex -26.379 20.2413 115
    endloop
  endfacet
  facet normal -0 0 1
    outer loop
      vertex -29.3541 22.5242 115
      vertex -26.379 20.2413 115
      vertex -27.8181 24.3958 115
    endloop
  endfacet
  facet normal 0 0 1
    outer loop
      vertex -26.379 20.2413 115
      vertex -29.3541 22.5242 115
      vertex -27.6464 18.4727 115
    endloop
  endfacet
  facet normal -0 0 1
    outer loop
      vertex -30.7644 20.5561 115
      vertex -27.6464 18.4727 115
      vertex -29.3541 22.5242 115
    endloop
  endfacet
  facet normal 0 0 1
    outer loop
      vertex -27.6464 18.4727 115
      vertex -30.7644 20.5561 115
      vertex -28.7953 16.625 115
    endloop
  endfacet
  facet normal -0 0 1
    outer loop
      vertex -32.0429 18.5 115
      vertex -28.7953 16.625 115
      vertex -30.7644 20.5561 115
    endloop
  endfacet
  facet normal 0 0 1
    outer loop
      vertex -28.7953 16.625 115
      vertex -32.0429 18.5 115
      vertex -29.821 14.7061 115
    endloop
  endfacet
  facet normal -0 0 1
    outer loop
      vertex -33.1843 16.3647 115
      vertex -29.821 14.7061 115
      vertex -32.0429 18.5 115
    endloop
  endfacet
  facet normal 0 0 1
    outer loop
      vertex -29.821 14.7061 115
      vertex -33.1843 16.3647 115
      vertex -30.719 12.7242 115
    endloop
  endfacet
  facet normal -0 0 1
    outer loop
      vertex -34.1835 14.1593 115
      vertex -30.719 12.7242 115
      vertex -33.1843 16.3647 115
    endloop
  endfacet
  facet normal 0 0 1
    outer loop
      vertex -30.719 12.7242 115
      vertex -34.1835 14.1593 115
      vertex -31.4854 10.6879 115
    endloop
  endfacet
  facet normal -0 0 1
    outer loop
      vertex -35.0364 11.8933 115
      vertex -31.4854 10.6879 115
      vertex -34.1835 14.1593 115
    endloop
  endfacet
  facet normal 0 0 1
    outer loop
      vertex -31.4854 10.6879 115
      vertex -35.0364 11.8933 115
      vertex -32.117 8.60573 115
    endloop
  endfacet
  facet normal -0 0 1
    outer loop
      vertex -35.7393 9.5763 115
      vertex -32.117 8.60573 115
      vertex -35.0364 11.8933 115
    endloop
  endfacet
  facet normal 0 0 1
    outer loop
      vertex -32.117 8.60573 115
      vertex -35.7393 9.5763 115
      vertex -32.6111 6.48675 115
    endloop
  endfacet
  facet normal -0 0 1
    outer loop
      vertex -36.2891 7.21834 115
      vertex -32.6111 6.48675 115
      vertex -35.7393 9.5763 115
    endloop
  endfacet
  facet normal 0 0 1
    outer loop
      vertex -18.3476 -32.1244 115
      vertex -25.9477 -39.3734 115
      vertex -25.9381 -39.6677 115
    endloop
  endfacet
  facet normal 0 0 1
    outer loop
      vertex -23.9686 -23.0231 115
      vertex -25.9766 -39.0803 115
      vertex -25.9477 -39.3734 115
    endloop
  endfacet
  facet normal 0 0 1
    outer loop
      vertex -23.9686 -23.0231 115
      vertex -26.0245 -38.7898 115
      vertex -25.9766 -39.0803 115
    endloop
  endfacet
  facet normal 0 0 1
    outer loop
      vertex -23.9686 -23.0231 115
      vertex -26.0914 -38.503 115
      vertex -26.0245 -38.7898 115
    endloop
  endfacet
  facet normal 0 0 1
    outer loop
      vertex -26.4021 -37.6774 115
      vertex -23.9686 -23.0231 115
      vertex -26.2811 -26.0368 115
    endloop
  endfacet
  facet normal 0 0 1
    outer loop
      vertex -23.9686 -23.0231 115
      vertex -26.1769 -38.2212 115
      vertex -26.0914 -38.503 115
    endloop
  endfacet
  facet normal 0 0 1
    outer loop
      vertex -23.9686 -23.0231 115
      vertex -26.2806 -37.9456 115
      vertex -26.1769 -38.2212 115
    endloop
  endfacet
  facet normal 0 0 1
    outer loop
      vertex -27.8181 -24.3958 115
      vertex -24.9987 -21.9232 115
      vertex -26.379 -20.2413 115
    endloop
  endfacet
  facet normal 0 0 1
    outer loop
      vertex -29.3541 -22.5242 115
      vertex -26.379 -20.2413 115
      vertex -27.6464 -18.4727 115
    endloop
  endfacet
  facet normal 0 0 1
    outer loop
      vertex -23.9686 -23.0231 115
      vertex -27.8181 -24.3958 115
      vertex -26.2811 -26.0368 115
    endloop
  endfacet
  facet normal 0 0 1
    outer loop
      vertex -30.7644 -20.5561 115
      vertex -27.6464 -18.4727 115
      vertex -28.7953 -16.625 115
    endloop
  endfacet
  facet normal 0 0 1
    outer loop
      vertex -26.379 -20.2413 115
      vertex -29.3541 -22.5242 115
      vertex -27.8181 -24.3958 115
    endloop
  endfacet
  facet normal 0 0 1
    outer loop
      vertex -32.0429 -18.5 115
      vertex -28.7953 -16.625 115
      vertex -29.821 -14.7061 115
    endloop
  endfacet
  facet normal 0 0 1
    outer loop
      vertex -33.1843 -16.3647 115
      vertex -29.821 -14.7061 115
      vertex -30.719 -12.7242 115
    endloop
  endfacet
  facet normal 0 0 1
    outer loop
      vertex -27.6464 -18.4727 115
      vertex -30.7644 -20.5561 115
      vertex -29.3541 -22.5242 115
    endloop
  endfacet
  facet normal 0 0 1
    outer loop
      vertex -34.1835 -14.1593 115
      vertex -30.719 -12.7242 115
      vertex -31.4854 -10.6879 115
    endloop
  endfacet
  facet normal 0 0 1
    outer loop
      vertex -28.7953 -16.625 115
      vertex -32.0429 -18.5 115
      vertex -30.7644 -20.5561 115
    endloop
  endfacet
  facet normal 0 0 1
    outer loop
      vertex -35.0364 -11.8933 115
      vertex -31.4854 -10.6879 115
      vertex -32.117 -8.60573 115
    endloop
  endfacet
  facet normal 0 0 1
    outer loop
      vertex -35.7393 -9.5763 115
      vertex -32.117 -8.60573 115
      vertex -32.6111 -6.48675 115
    endloop
  endfacet
  facet normal 0 0 1
    outer loop
      vertex -36.2891 -7.21834 115
      vertex -32.6111 -6.48675 115
      vertex -32.9655 -4.34 115
    endloop
  endfacet
  facet normal 0 0 1
    outer loop
      vertex -36.6835 -4.82947 115
      vertex -32.9655 -4.34 115
      vertex -33.1788 -2.17465 115
    endloop
  endfacet
  facet normal 0 0 1
    outer loop
      vertex -29.821 -14.7061 115
      vertex -33.1843 -16.3647 115
      vertex -32.0429 -18.5 115
    endloop
  endfacet
  facet normal 0 0 1
    outer loop
      vertex -36.9208 -2.41992 115
      vertex -33.1788 -2.17465 115
      vertex -33.25 0 115
    endloop
  endfacet
  facet normal 0 0 1
    outer loop
      vertex -32.6111 6.48675 115
      vertex -36.2891 7.21834 115
      vertex -32.9655 4.34 115
    endloop
  endfacet
  facet normal 0 0 1
    outer loop
      vertex -30.719 -12.7242 115
      vertex -34.1835 -14.1593 115
      vertex -33.1843 -16.3647 115
    endloop
  endfacet
  facet normal -0 0 1
    outer loop
      vertex -36.6835 4.82947 115
      vertex -32.9655 4.34 115
      vertex -36.2891 7.21834 115
    endloop
  endfacet
  facet normal 0 0 1
    outer loop
      vertex -31.4854 -10.6879 115
      vertex -35.0364 -11.8933 115
      vertex -34.1835 -14.1593 115
    endloop
  endfacet
  facet normal 0 0 1
    outer loop
      vertex -32.9655 4.34 115
      vertex -36.6835 4.82947 115
      vertex -33.1788 2.17465 115
    endloop
  endfacet
  facet normal 0 0 1
    outer loop
      vertex -32.117 -8.60573 115
      vertex -35.7393 -9.5763 115
      vertex -35.0364 -11.8933 115
    endloop
  endfacet
  facet normal -0 0 1
    outer loop
      vertex -36.9208 2.41992 115
      vertex -33.1788 2.17465 115
      vertex -36.6835 4.82947 115
    endloop
  endfacet
  facet normal 0 0 1
    outer loop
      vertex -32.6111 -6.48675 115
      vertex -36.2891 -7.21834 115
      vertex -35.7393 -9.5763 115
    endloop
  endfacet
  facet normal 0 0 1
    outer loop
      vertex -33.1788 2.17465 115
      vertex -36.9208 2.41992 115
      vertex -33.25 0 115
    endloop
  endfacet
  facet normal 0 0 1
    outer loop
      vertex -32.9655 -4.34 115
      vertex -36.6835 -4.82947 115
      vertex -36.2891 -7.21834 115
    endloop
  endfacet
  facet normal 0 0 1
    outer loop
      vertex -37 0 115
      vertex -33.25 0 115
      vertex -36.9208 2.41992 115
    endloop
  endfacet
  facet normal 0 0 1
    outer loop
      vertex -33.1788 -2.17465 115
      vertex -36.9208 -2.41992 115
      vertex -36.6835 -4.82947 115
    endloop
  endfacet
  facet normal 0 0 1
    outer loop
      vertex -33.25 0 115
      vertex -37 0 115
      vertex -36.9208 -2.41992 115
    endloop
  endfacet
  facet normal 0 0 1
    outer loop
      vertex -16.035 -29.1107 115
      vertex -18.3476 -32.1244 115
      vertex -16.3647 -33.1843 115
    endloop
  endfacet
  facet normal 0 0 1
    outer loop
      vertex -22.8384 -21.5501 115
      vertex -16.035 -29.1107 115
      vertex -14.9048 -27.6378 115
    endloop
  endfacet
  facet normal -0 0 1
    outer loop
      vertex -23.9686 -23.0231 115
      vertex -16.035 -29.1107 115
      vertex -22.8384 -21.5501 115
    endloop
  endfacet
  facet normal 0 0 1
    outer loop
      vertex -16.035 -29.1107 115
      vertex -23.9686 -23.0231 115
      vertex -18.3476 -32.1244 115
    endloop
  endfacet
  facet normal 0 0 1
    outer loop
      vertex -27.8181 -24.3958 115
      vertex -23.9686 -23.0231 115
      vertex -24.9987 -21.9232 115
    endloop
  endfacet
  facet normal 0 0 1
    outer loop
      vertex -25.9477 -39.3734 115
      vertex -18.3476 -32.1244 115
      vertex -23.9686 -23.0231 115
    endloop
  endfacet
  facet normal 0 0 1
    outer loop
      vertex -25.9477 -39.962 115
      vertex -18.3476 -32.1244 115
      vertex -25.9381 -39.6677 115
    endloop
  endfacet
  facet normal 0 0 1
    outer loop
      vertex -25.9766 -40.255 115
      vertex -18.3476 -32.1244 115
      vertex -25.9477 -39.962 115
    endloop
  endfacet
  facet normal 0 0 1
    outer loop
      vertex -26.0245 -40.5456 115
      vertex -18.3476 -32.1244 115
      vertex -25.9766 -40.255 115
    endloop
  endfacet
  facet normal 0 0 1
    outer loop
      vertex -26.0914 -40.8324 115
      vertex -18.3476 -32.1244 115
      vertex -26.0245 -40.5456 115
    endloop
  endfacet
  facet normal 0 0 1
    outer loop
      vertex -26.1769 -41.1141 115
      vertex -18.3476 -32.1244 115
      vertex -26.0914 -40.8324 115
    endloop
  endfacet
  facet normal 0 0 1
    outer loop
      vertex -26.2806 -41.3897 115
      vertex -18.3476 -32.1244 115
      vertex -26.1769 -41.1141 115
    endloop
  endfacet
  facet normal 0 0 1
    outer loop
      vertex -26.4021 -41.658 115
      vertex -18.3476 -32.1244 115
      vertex -26.2806 -41.3897 115
    endloop
  endfacet
  facet normal 0 0 1
    outer loop
      vertex -26.541 -41.9177 115
      vertex -18.3476 -32.1244 115
      vertex -26.4021 -41.658 115
    endloop
  endfacet
  facet normal 0 0 1
    outer loop
      vertex -26.6965 -42.1677 115
      vertex -18.3476 -32.1244 115
      vertex -26.541 -41.9177 115
    endloop
  endfacet
  facet normal 0 0 1
    outer loop
      vertex -30.1239 -47.4716 115
      vertex -26.6965 -42.1677 115
      vertex -26.868 -42.4071 115
    endloop
  endfacet
  facet normal 0 0 1
    outer loop
      vertex -30.1239 -47.4716 115
      vertex -26.868 -42.4071 115
      vertex -27.0548 -42.6347 115
    endloop
  endfacet
  facet normal -0 0 1
    outer loop
      vertex -26.6965 -42.1677 115
      vertex -30.1239 -47.4716 115
      vertex -18.3476 -32.1244 115
    endloop
  endfacet
  facet normal -0 0 1
    outer loop
      vertex -27.2561 -42.8496 115
      vertex -30.1239 -47.4716 115
      vertex -27.0548 -42.6347 115
    endloop
  endfacet
  facet normal -0 0 1
    outer loop
      vertex -27.471 -43.0509 115
      vertex -30.1239 -47.4716 115
      vertex -27.2561 -42.8496 115
    endloop
  endfacet
  facet normal -0 0 1
    outer loop
      vertex -27.6986 -43.2378 115
      vertex -30.1239 -47.4716 115
      vertex -27.471 -43.0509 115
    endloop
  endfacet
  facet normal -0 0 1
    outer loop
      vertex -27.938 -43.4093 115
      vertex -30.1239 -47.4716 115
      vertex -27.6986 -43.2378 115
    endloop
  endfacet
  facet normal -0 0 1
    outer loop
      vertex -28.1881 -43.5648 115
      vertex -30.1239 -47.4716 115
      vertex -27.938 -43.4093 115
    endloop
  endfacet
  facet normal -0 0 1
    outer loop
      vertex -28.4478 -43.7036 115
      vertex -30.1239 -47.4716 115
      vertex -28.1881 -43.5648 115
    endloop
  endfacet
  facet normal -0 0 1
    outer loop
      vertex -28.716 -43.8251 115
      vertex -30.1239 -47.4716 115
      vertex -28.4478 -43.7036 115
    endloop
  endfacet
  facet normal -0 0 1
    outer loop
      vertex -28.9916 -43.9289 115
      vertex -30.1239 -47.4716 115
      vertex -28.716 -43.8251 115
    endloop
  endfacet
  facet normal -0 0 1
    outer loop
      vertex -29.2734 -44.0143 115
      vertex -30.1239 -47.4716 115
      vertex -28.9916 -43.9289 115
    endloop
  endfacet
  facet normal -0 0 1
    outer loop
      vertex -29.5602 -44.0812 115
      vertex -30.1239 -47.4716 115
      vertex -29.2734 -44.0143 115
    endloop
  endfacet
  facet normal -0 0 1
    outer loop
      vertex -29.8507 -44.1292 115
      vertex -30.1239 -47.4716 115
      vertex -29.5602 -44.0812 115
    endloop
  endfacet
  facet normal -0 0 1
    outer loop
      vertex -30.1438 -44.158 115
      vertex -30.1239 -47.4716 115
      vertex -29.8507 -44.1292 115
    endloop
  endfacet
  facet normal -0 0 1
    outer loop
      vertex -30.4381 -44.1677 115
      vertex -30.1239 -47.4716 115
      vertex -30.1438 -44.158 115
    endloop
  endfacet
  facet normal 0 0 1
    outer loop
      vertex -30.7324 -44.158 115
      vertex -30.1239 -47.4716 115
      vertex -30.4381 -44.1677 115
    endloop
  endfacet
  facet normal 0 0 1
    outer loop
      vertex -31.0254 -44.1292 115
      vertex -30.1239 -47.4716 115
      vertex -30.7324 -44.158 115
    endloop
  endfacet
  facet normal 0 0 1
    outer loop
      vertex -31.316 -44.0812 115
      vertex -30.1239 -47.4716 115
      vertex -31.0254 -44.1292 115
    endloop
  endfacet
  facet normal 0 0 1
    outer loop
      vertex -31.6028 -44.0143 115
      vertex -30.1239 -47.4716 115
      vertex -31.316 -44.0812 115
    endloop
  endfacet
  facet normal 0 0 1
    outer loop
      vertex -31.8845 -43.9289 115
      vertex -30.1239 -47.4716 115
      vertex -31.6028 -44.0143 115
    endloop
  endfacet
  facet normal 0 0 1
    outer loop
      vertex -32.1601 -43.8251 115
      vertex -30.1239 -47.4716 115
      vertex -31.8845 -43.9289 115
    endloop
  endfacet
  facet normal 0 0 1
    outer loop
      vertex -32.4284 -43.7036 115
      vertex -30.1239 -47.4716 115
      vertex -32.1601 -43.8251 115
    endloop
  endfacet
  facet normal 0 0 1
    outer loop
      vertex -32.6881 -43.5648 115
      vertex -30.1239 -47.4716 115
      vertex -32.4284 -43.7036 115
    endloop
  endfacet
  facet normal 0 0 1
    outer loop
      vertex -32.9381 -43.4093 115
      vertex -30.1239 -47.4716 115
      vertex -32.6881 -43.5648 115
    endloop
  endfacet
  facet normal 0 0 1
    outer loop
      vertex -33.1775 -43.2378 115
      vertex -30.1239 -47.4716 115
      vertex -32.9381 -43.4093 115
    endloop
  endfacet
  facet normal 0 0 1
    outer loop
      vertex -38.0574 -41.384 115
      vertex -33.1775 -43.2378 115
      vertex -33.4051 -43.0509 115
    endloop
  endfacet
  facet normal 0 0 1
    outer loop
      vertex -38.0574 -41.384 115
      vertex -33.4051 -43.0509 115
      vertex -33.6201 -42.8496 115
    endloop
  endfacet
  facet normal 0 0 1
    outer loop
      vertex -38.0574 -41.384 115
      vertex -33.6201 -42.8496 115
      vertex -33.8214 -42.6347 115
    endloop
  endfacet
  facet normal 0 0 1
    outer loop
      vertex -38.0574 -41.384 115
      vertex -33.8214 -42.6347 115
      vertex -34.0082 -42.4071 115
    endloop
  endfacet
  facet normal 0 0 1
    outer loop
      vertex -33.1775 -43.2378 115
      vertex -38.0574 -41.384 115
      vertex -30.1239 -47.4716 115
    endloop
  endfacet
  facet normal 0 0 1
    outer loop
      vertex -34.1797 -42.1677 115
      vertex -38.0574 -41.384 115
      vertex -34.0082 -42.4071 115
    endloop
  endfacet
  facet normal 0 0 1
    outer loop
      vertex -34.3352 -41.9177 115
      vertex -38.0574 -41.384 115
      vertex -34.1797 -42.1677 115
    endloop
  endfacet
  facet normal 0 0 1
    outer loop
      vertex -34.474 -41.658 115
      vertex -38.0574 -41.384 115
      vertex -34.3352 -41.9177 115
    endloop
  endfacet
  facet normal 0 0 1
    outer loop
      vertex -34.5955 -41.3897 115
      vertex -38.0574 -41.384 115
      vertex -34.474 -41.658 115
    endloop
  endfacet
  facet normal 0 0 1
    outer loop
      vertex -34.6993 -41.1141 115
      vertex -38.0574 -41.384 115
      vertex -34.5955 -41.3897 115
    endloop
  endfacet
  facet normal 0 0 1
    outer loop
      vertex -34.7847 -40.8324 115
      vertex -38.0574 -41.384 115
      vertex -34.6993 -41.1141 115
    endloop
  endfacet
  facet normal 0 0 1
    outer loop
      vertex -34.8516 -40.5456 115
      vertex -38.0574 -41.384 115
      vertex -34.7847 -40.8324 115
    endloop
  endfacet
  facet normal 0 0 1
    outer loop
      vertex -34.8996 -40.255 115
      vertex -38.0574 -41.384 115
      vertex -34.8516 -40.5456 115
    endloop
  endfacet
  facet normal 0 0 1
    outer loop
      vertex -34.9284 -39.962 115
      vertex -38.0574 -41.384 115
      vertex -34.8996 -40.255 115
    endloop
  endfacet
  facet normal 0 0 1
    outer loop
      vertex -38.0574 -41.384 115
      vertex -34.9284 -39.962 115
      vertex -34.9381 -39.6677 115
    endloop
  endfacet
  facet normal -0 0 1
    outer loop
      vertex 3 36.8636 115
      vertex 11 35.3074 115
      vertex 11 47 115
    endloop
  endfacet
  facet normal 0 0 1
    outer loop
      vertex 11 35.3074 115
      vertex 8.60573 32.117 115
      vertex 10.6879 31.4854 115
    endloop
  endfacet
  facet normal 0 -0 1
    outer loop
      vertex 6.48675 32.6111 115
      vertex 11 35.3074 115
      vertex 3 36.8636 115
    endloop
  endfacet
  facet normal 0 0 1
    outer loop
      vertex 11 35.3074 115
      vertex 6.48675 32.6111 115
      vertex 8.60573 32.117 115
    endloop
  endfacet
  facet normal 0 0 1
    outer loop
      vertex 3 36.8636 115
      vertex 11 47 115
      vertex 3 47 115
    endloop
  endfacet
  facet normal 0 0 1
    outer loop
      vertex 6.48675 32.6111 115
      vertex 3 36.8636 115
      vertex 4.34 32.9655 115
    endloop
  endfacet
  facet normal 0 0 1
    outer loop
      vertex 2.17465 33.1788 115
      vertex 3 36.8636 115
      vertex 2.41992 36.9208 115
    endloop
  endfacet
  facet normal 0 0 1
    outer loop
      vertex 3 36.8636 115
      vertex 2.17465 33.1788 115
      vertex 4.34 32.9655 115
    endloop
  endfacet
  facet normal 0 0 1
    outer loop
      vertex 1.5 36.9509 115
      vertex 2.17465 33.1788 115
      vertex 2.41992 36.9208 115
    endloop
  endfacet
  facet normal 0 0 1
    outer loop
      vertex 2.17465 33.1788 115
      vertex 1.5 36.9509 115
      vertex 1.5 33.2009 115
    endloop
  endfacet
  facet normal -0 0 1
    outer loop
      vertex 31.4854 -10.6879 115
      vertex 35.0364 -11.8933 115
      vertex 31.9228 -9.24587 115
    endloop
  endfacet
  facet normal 0 0 1
    outer loop
      vertex 35.0364 -11.8933 115
      vertex 31.4854 -10.6879 115
      vertex 34.1835 -14.1593 115
    endloop
  endfacet
  facet normal -0 0 1
    outer loop
      vertex 30.719 -12.7242 115
      vertex 34.1835 -14.1593 115
      vertex 31.4854 -10.6879 115
    endloop
  endfacet
  facet normal 0 0 1
    outer loop
      vertex 31.3874 0.910912 115
      vertex 31.9228 -9.24587 115
      vertex 33.2281 0.66858 115
    endloop
  endfacet
  facet normal 0 0 1
    outer loop
      vertex 31.9228 -9.24587 115
      vertex 31.3874 0.910912 115
      vertex 30.0822 -9.00354 115
    endloop
  endfacet
  facet normal 0 0 1
    outer loop
      vertex 34.1835 -14.1593 115
      vertex 30.719 -12.7242 115
      vertex 33.1843 -16.3647 115
    endloop
  endfacet
  facet normal -0 0 1
    outer loop
      vertex 29.821 -14.7061 115
      vertex 33.1843 -16.3647 115
      vertex 30.719 -12.7242 115
    endloop
  endfacet
  facet normal 0 0 1
    outer loop
      vertex 33.1843 -16.3647 115
      vertex 29.821 -14.7061 115
      vertex 32.0429 -18.5 115
    endloop
  endfacet
  facet normal -0 0 1
    outer loop
      vertex 28.7953 -16.625 115
      vertex 32.0429 -18.5 115
      vertex 29.821 -14.7061 115
    endloop
  endfacet
  facet normal 0 0 1
    outer loop
      vertex 32.0429 -18.5 115
      vertex 28.7953 -16.625 115
      vertex 30.7644 -20.5561 115
    endloop
  endfacet
  facet normal -0 0 1
    outer loop
      vertex 27.6464 -18.4727 115
      vertex 30.7644 -20.5561 115
      vertex 28.7953 -16.625 115
    endloop
  endfacet
  facet normal 0 0 1
    outer loop
      vertex 30.7644 -20.5561 115
      vertex 27.6464 -18.4727 115
      vertex 29.3541 -22.5242 115
    endloop
  endfacet
  facet normal -0 0 1
    outer loop
      vertex 26.379 -20.2413 115
      vertex 29.3541 -22.5242 115
      vertex 27.6464 -18.4727 115
    endloop
  endfacet
  facet normal 0 0 1
    outer loop
      vertex 29.3541 -22.5242 115
      vertex 26.379 -20.2413 115
      vertex 27.8181 -24.3958 115
    endloop
  endfacet
  facet normal -0 0 1
    outer loop
      vertex 24.9987 -21.9232 115
      vertex 27.8181 -24.3958 115
      vertex 26.379 -20.2413 115
    endloop
  endfacet
  facet normal 0 0 1
    outer loop
      vertex 27.8181 -24.3958 115
      vertex 24.9987 -21.9232 115
      vertex 26.163 -26.163 115
    endloop
  endfacet
  facet normal -0 0 1
    outer loop
      vertex 23.5113 -23.5113 115
      vertex 26.163 -26.163 115
      vertex 24.9987 -21.9232 115
    endloop
  endfacet
  facet normal 0 0 1
    outer loop
      vertex 26.163 -26.163 115
      vertex 23.5113 -23.5113 115
      vertex 24.3958 -27.8181 115
    endloop
  endfacet
  facet normal -0 0 1
    outer loop
      vertex 21.9232 -24.9987 115
      vertex 24.3958 -27.8181 115
      vertex 23.5113 -23.5113 115
    endloop
  endfacet
  facet normal 0 0 1
    outer loop
      vertex 24.3958 -27.8181 115
      vertex 21.9232 -24.9987 115
      vertex 22.5242 -29.3541 115
    endloop
  endfacet
  facet normal -0 0 1
    outer loop
      vertex 20.2413 -26.379 115
      vertex 22.5242 -29.3541 115
      vertex 21.9232 -24.9987 115
    endloop
  endfacet
  facet normal 0 0 1
    outer loop
      vertex 22.5242 -29.3541 115
      vertex 20.2413 -26.379 115
      vertex 20.5561 -30.7644 115
    endloop
  endfacet
  facet normal -0 0 1
    outer loop
      vertex 18.4727 -27.6464 115
      vertex 20.5561 -30.7644 115
      vertex 20.2413 -26.379 115
    endloop
  endfacet
  facet normal 0 0 1
    outer loop
      vertex 20.5561 -30.7644 115
      vertex 18.4727 -27.6464 115
      vertex 18.5 -32.0429 115
    endloop
  endfacet
  facet normal -0 0 1
    outer loop
      vertex 16.625 -28.7953 115
      vertex 18.5 -32.0429 115
      vertex 18.4727 -27.6464 115
    endloop
  endfacet
  facet normal 0 0 1
    outer loop
      vertex 16.625 -28.7953 115
      vertex 16.3647 -33.1843 115
      vertex 18.5 -32.0429 115
    endloop
  endfacet
  facet normal -0 0 1
    outer loop
      vertex 14.7061 -29.821 115
      vertex 16.3647 -33.1843 115
      vertex 16.625 -28.7953 115
    endloop
  endfacet
  facet normal 0 0 1
    outer loop
      vertex 14.7061 -29.821 115
      vertex 14.1593 -34.1835 115
      vertex 16.3647 -33.1843 115
    endloop
  endfacet
  facet normal -0 0 1
    outer loop
      vertex 12.7242 -30.719 115
      vertex 14.1593 -34.1835 115
      vertex 14.7061 -29.821 115
    endloop
  endfacet
  facet normal 0 0 1
    outer loop
      vertex 12.7242 -30.719 115
      vertex 11.8933 -35.0364 115
      vertex 14.1593 -34.1835 115
    endloop
  endfacet
  facet normal -0 0 1
    outer loop
      vertex 10.6879 -31.4854 115
      vertex 11.8933 -35.0364 115
      vertex 12.7242 -30.719 115
    endloop
  endfacet
  facet normal 0 0 1
    outer loop
      vertex 10.6879 -31.4854 115
      vertex 9.5763 -35.7393 115
      vertex 11.8933 -35.0364 115
    endloop
  endfacet
  facet normal -0 0 1
    outer loop
      vertex 8.60573 -32.117 115
      vertex 9.5763 -35.7393 115
      vertex 10.6879 -31.4854 115
    endloop
  endfacet
  facet normal 0 0 1
    outer loop
      vertex 8.60573 -32.117 115
      vertex 7.21834 -36.2891 115
      vertex 9.5763 -35.7393 115
    endloop
  endfacet
  facet normal -0 0 1
    outer loop
      vertex 6.48675 -32.6111 115
      vertex 7.21834 -36.2891 115
      vertex 8.60573 -32.117 115
    endloop
  endfacet
  facet normal 0 0 1
    outer loop
      vertex 6.48675 -32.6111 115
      vertex 4.82947 -36.6835 115
      vertex 7.21834 -36.2891 115
    endloop
  endfacet
  facet normal -0 0 1
    outer loop
      vertex 4.34 -32.9655 115
      vertex 4.82947 -36.6835 115
      vertex 6.48675 -32.6111 115
    endloop
  endfacet
  facet normal 0 0 1
    outer loop
      vertex 4.34 -32.9655 115
      vertex 2.41992 -36.9208 115
      vertex 4.82947 -36.6835 115
    endloop
  endfacet
  facet normal -0 0 1
    outer loop
      vertex 2.17465 -33.1788 115
      vertex 2.41992 -36.9208 115
      vertex 4.34 -32.9655 115
    endloop
  endfacet
  facet normal -0 0 1
    outer loop
      vertex 0 -33.25 115
      vertex 2.41992 -36.9208 115
      vertex 2.17465 -33.1788 115
    endloop
  endfacet
  facet normal 0 0 1
    outer loop
      vertex 0 -33.25 115
      vertex 0 -37 115
      vertex 2.41992 -36.9208 115
    endloop
  endfacet
  facet normal 0 0 1
    outer loop
      vertex -2.17465 -33.1788 115
      vertex 0 -37 115
      vertex 0 -33.25 115
    endloop
  endfacet
  facet normal 0 0 1
    outer loop
      vertex -2.17465 -33.1788 115
      vertex -2.41992 -36.9208 115
      vertex 0 -37 115
    endloop
  endfacet
  facet normal 0 0 1
    outer loop
      vertex -4.34 -32.9655 115
      vertex -2.41992 -36.9208 115
      vertex -2.17465 -33.1788 115
    endloop
  endfacet
  facet normal 0 0 1
    outer loop
      vertex -4.34 -32.9655 115
      vertex -4.82947 -36.6835 115
      vertex -2.41992 -36.9208 115
    endloop
  endfacet
  facet normal 0 0 1
    outer loop
      vertex -6.48675 -32.6111 115
      vertex -4.82947 -36.6835 115
      vertex -4.34 -32.9655 115
    endloop
  endfacet
  facet normal 0 0 1
    outer loop
      vertex -6.48675 -32.6111 115
      vertex -7.21834 -36.2891 115
      vertex -4.82947 -36.6835 115
    endloop
  endfacet
  facet normal 0 0 1
    outer loop
      vertex -8.60573 -32.117 115
      vertex -7.21834 -36.2891 115
      vertex -6.48675 -32.6111 115
    endloop
  endfacet
  facet normal 0 0 1
    outer loop
      vertex -8.60573 -32.117 115
      vertex -9.5763 -35.7393 115
      vertex -7.21834 -36.2891 115
    endloop
  endfacet
  facet normal 0 0 1
    outer loop
      vertex -10.6879 -31.4854 115
      vertex -9.5763 -35.7393 115
      vertex -8.60573 -32.117 115
    endloop
  endfacet
  facet normal 0 0 1
    outer loop
      vertex -10.6879 -31.4854 115
      vertex -11.8933 -35.0364 115
      vertex -9.5763 -35.7393 115
    endloop
  endfacet
  facet normal 0 0 1
    outer loop
      vertex -12.7242 -30.719 115
      vertex -11.8933 -35.0364 115
      vertex -10.6879 -31.4854 115
    endloop
  endfacet
  facet normal 0 0 1
    outer loop
      vertex -12.7242 -30.719 115
      vertex -14.1593 -34.1835 115
      vertex -11.8933 -35.0364 115
    endloop
  endfacet
  facet normal 0 0 1
    outer loop
      vertex -14.7061 -29.821 115
      vertex -14.1593 -34.1835 115
      vertex -12.7242 -30.719 115
    endloop
  endfacet
  facet normal 0 0 1
    outer loop
      vertex -16.3647 -33.1843 115
      vertex -14.7061 -29.821 115
      vertex -16.035 -29.1107 115
    endloop
  endfacet
  facet normal 0 0 1
    outer loop
      vertex -14.7061 -29.821 115
      vertex -16.3647 -33.1843 115
      vertex -14.1593 -34.1835 115
    endloop
  endfacet
  facet normal 0 0 1
    outer loop
      vertex -23.9686 -23.0231 115
      vertex -26.4021 -37.6774 115
      vertex -26.2806 -37.9456 115
    endloop
  endfacet
  facet normal 0 0 1
    outer loop
      vertex -26.2811 -26.0368 115
      vertex -26.541 -37.4177 115
      vertex -26.4021 -37.6774 115
    endloop
  endfacet
  facet normal 0 0 1
    outer loop
      vertex -26.2811 -26.0368 115
      vertex -26.6965 -37.1676 115
      vertex -26.541 -37.4177 115
    endloop
  endfacet
  facet normal 0 0 1
    outer loop
      vertex -26.2811 -26.0368 115
      vertex -26.868 -36.9282 115
      vertex -26.6965 -37.1676 115
    endloop
  endfacet
  facet normal 0 0 1
    outer loop
      vertex -26.2811 -26.0368 115
      vertex -27.0548 -36.7006 115
      vertex -26.868 -36.9282 115
    endloop
  endfacet
  facet normal 0 0 1
    outer loop
      vertex -26.2811 -26.0368 115
      vertex -27.2561 -36.4857 115
      vertex -27.0548 -36.7006 115
    endloop
  endfacet
  facet normal 0 0 1
    outer loop
      vertex -26.2811 -26.0368 115
      vertex -27.471 -36.2844 115
      vertex -27.2561 -36.4857 115
    endloop
  endfacet
  facet normal 0 0 1
    outer loop
      vertex -26.2811 -26.0368 115
      vertex -27.6986 -36.0976 115
      vertex -27.471 -36.2844 115
    endloop
  endfacet
  facet normal 0 0 1
    outer loop
      vertex -26.2811 -26.0368 115
      vertex -27.938 -35.9261 115
      vertex -27.6986 -36.0976 115
    endloop
  endfacet
  facet normal 0 0 1
    outer loop
      vertex -26.2811 -26.0368 115
      vertex -28.1881 -35.7706 115
      vertex -27.938 -35.9261 115
    endloop
  endfacet
  facet normal 0 0 1
    outer loop
      vertex -26.2811 -26.0368 115
      vertex -28.4478 -35.6317 115
      vertex -28.1881 -35.7706 115
    endloop
  endfacet
  facet normal 0 0 1
    outer loop
      vertex -26.2811 -26.0368 115
      vertex -28.716 -35.5102 115
      vertex -28.4478 -35.6317 115
    endloop
  endfacet
  facet normal 0 0 1
    outer loop
      vertex -26.2811 -26.0368 115
      vertex -28.9916 -35.4065 115
      vertex -28.716 -35.5102 115
    endloop
  endfacet
  facet normal 0 0 1
    outer loop
      vertex -26.2811 -26.0368 115
      vertex -29.2734 -35.321 115
      vertex -28.9916 -35.4065 115
    endloop
  endfacet
  facet normal 0 0 1
    outer loop
      vertex -26.2811 -26.0368 115
      vertex -29.5602 -35.2541 115
      vertex -29.2734 -35.321 115
    endloop
  endfacet
  facet normal 0 0 1
    outer loop
      vertex -26.2811 -26.0368 115
      vertex -29.8507 -35.2062 115
      vertex -29.5602 -35.2541 115
    endloop
  endfacet
  facet normal 0 0 1
    outer loop
      vertex -26.2811 -26.0368 115
      vertex -30.1438 -35.1773 115
      vertex -29.8507 -35.2062 115
    endloop
  endfacet
  facet normal 0 0 1
    outer loop
      vertex -26.2811 -26.0368 115
      vertex -30.4381 -35.1677 115
      vertex -30.1438 -35.1773 115
    endloop
  endfacet
  facet normal 0 0 1
    outer loop
      vertex -26.2811 -26.0368 115
      vertex -30.7324 -35.1773 115
      vertex -30.4381 -35.1677 115
    endloop
  endfacet
  facet normal 0 0 1
    outer loop
      vertex -26.2811 -26.0368 115
      vertex -31.0254 -35.2062 115
      vertex -30.7324 -35.1773 115
    endloop
  endfacet
  facet normal 0 0 1
    outer loop
      vertex -26.2811 -26.0368 115
      vertex -31.316 -35.2541 115
      vertex -31.0254 -35.2062 115
    endloop
  endfacet
  facet normal 0 0 1
    outer loop
      vertex -26.2811 -26.0368 115
      vertex -31.6028 -35.321 115
      vertex -31.316 -35.2541 115
    endloop
  endfacet
  facet normal 0 0 1
    outer loop
      vertex -26.2811 -26.0368 115
      vertex -31.8845 -35.4065 115
      vertex -31.6028 -35.321 115
    endloop
  endfacet
  facet normal 0 0 1
    outer loop
      vertex -26.2811 -26.0368 115
      vertex -32.1601 -35.5102 115
      vertex -31.8845 -35.4065 115
    endloop
  endfacet
  facet normal 0 0 1
    outer loop
      vertex -26.2811 -26.0368 115
      vertex -32.4284 -35.6317 115
      vertex -32.1601 -35.5102 115
    endloop
  endfacet
  facet normal 0 0 1
    outer loop
      vertex -26.2811 -26.0368 115
      vertex -32.6881 -35.7706 115
      vertex -32.4284 -35.6317 115
    endloop
  endfacet
  facet normal 0 0 1
    outer loop
      vertex -26.2811 -26.0368 115
      vertex -32.9381 -35.9261 115
      vertex -32.6881 -35.7706 115
    endloop
  endfacet
  facet normal 0 0 1
    outer loop
      vertex -26.2811 -26.0368 115
      vertex -33.1775 -36.0976 115
      vertex -32.9381 -35.9261 115
    endloop
  endfacet
  facet normal 0 0 1
    outer loop
      vertex -26.2811 -26.0368 115
      vertex -33.4051 -36.2844 115
      vertex -33.1775 -36.0976 115
    endloop
  endfacet
  facet normal 0 0 1
    outer loop
      vertex -26.2811 -26.0368 115
      vertex -33.6201 -36.4857 115
      vertex -33.4051 -36.2844 115
    endloop
  endfacet
  facet normal 0 0 1
    outer loop
      vertex -26.2811 -26.0368 115
      vertex -33.8214 -36.7006 115
      vertex -33.6201 -36.4857 115
    endloop
  endfacet
  facet normal 0 0 1
    outer loop
      vertex -38.0574 -41.384 115
      vertex -33.8214 -36.7006 115
      vertex -26.2811 -26.0368 115
    endloop
  endfacet
  facet normal 0 0 1
    outer loop
      vertex -33.8214 -36.7006 115
      vertex -38.0574 -41.384 115
      vertex -34.0082 -36.9282 115
    endloop
  endfacet
  facet normal 0 0 1
    outer loop
      vertex -34.9284 -39.3734 115
      vertex -38.0574 -41.384 115
      vertex -34.9381 -39.6677 115
    endloop
  endfacet
  facet normal 0 0 1
    outer loop
      vertex -34.8996 -39.0803 115
      vertex -38.0574 -41.384 115
      vertex -34.9284 -39.3734 115
    endloop
  endfacet
  facet normal 0 0 1
    outer loop
      vertex -34.8516 -38.7898 115
      vertex -38.0574 -41.384 115
      vertex -34.8996 -39.0803 115
    endloop
  endfacet
  facet normal 0 0 1
    outer loop
      vertex -34.7847 -38.503 115
      vertex -38.0574 -41.384 115
      vertex -34.8516 -38.7898 115
    endloop
  endfacet
  facet normal 0 0 1
    outer loop
      vertex -34.6993 -38.2212 115
      vertex -38.0574 -41.384 115
      vertex -34.7847 -38.503 115
    endloop
  endfacet
  facet normal 0 0 1
    outer loop
      vertex -34.5955 -37.9456 115
      vertex -38.0574 -41.384 115
      vertex -34.6993 -38.2212 115
    endloop
  endfacet
  facet normal 0 0 1
    outer loop
      vertex -34.474 -37.6774 115
      vertex -38.0574 -41.384 115
      vertex -34.5955 -37.9456 115
    endloop
  endfacet
  facet normal 0 0 1
    outer loop
      vertex -34.3352 -37.4177 115
      vertex -38.0574 -41.384 115
      vertex -34.474 -37.6774 115
    endloop
  endfacet
  facet normal 0 0 1
    outer loop
      vertex -34.1797 -37.1676 115
      vertex -38.0574 -41.384 115
      vertex -34.3352 -37.4177 115
    endloop
  endfacet
  facet normal 0 0 1
    outer loop
      vertex -34.0082 -36.9282 115
      vertex -38.0574 -41.384 115
      vertex -34.1797 -37.1676 115
    endloop
  endfacet
  facet normal -0 0 1
    outer loop
      vertex -18.8399 41.7036 115
      vertex -18.6468 31.9517 115
      vertex -18.5468 41.7325 115
    endloop
  endfacet
  facet normal -0 0 1
    outer loop
      vertex -19.1342 41.694 115
      vertex -18.6468 31.9517 115
      vertex -18.8399 41.7036 115
    endloop
  endfacet
  facet normal 0 0 1
    outer loop
      vertex -19.4285 41.7036 115
      vertex -18.6468 31.9517 115
      vertex -19.1342 41.694 115
    endloop
  endfacet
  facet normal 0 0 1
    outer loop
      vertex -19.7215 41.7325 115
      vertex -18.6468 31.9517 115
      vertex -19.4285 41.7036 115
    endloop
  endfacet
  facet normal 0 0 1
    outer loop
      vertex -20.0121 41.7804 115
      vertex -18.6468 31.9517 115
      vertex -19.7215 41.7325 115
    endloop
  endfacet
  facet normal 0 0 1
    outer loop
      vertex -20.2989 41.8473 115
      vertex -18.6468 31.9517 115
      vertex -20.0121 41.7804 115
    endloop
  endfacet
  facet normal 0 0 1
    outer loop
      vertex -20.5806 41.9328 115
      vertex -18.6468 31.9517 115
      vertex -20.2989 41.8473 115
    endloop
  endfacet
  facet normal 0 0 1
    outer loop
      vertex -20.8562 42.0365 115
      vertex -18.6468 31.9517 115
      vertex -20.5806 41.9328 115
    endloop
  endfacet
  facet normal 0 0 1
    outer loop
      vertex -21.1245 42.1581 115
      vertex -18.6468 31.9517 115
      vertex -20.8562 42.0365 115
    endloop
  endfacet
  facet normal 0 0 1
    outer loop
      vertex -21.3842 42.2969 115
      vertex -18.6468 31.9517 115
      vertex -21.1245 42.1581 115
    endloop
  endfacet
  facet normal 0 0 1
    outer loop
      vertex -21.6342 42.4524 115
      vertex -18.6468 31.9517 115
      vertex -21.3842 42.2969 115
    endloop
  endfacet
  facet normal 0 0 1
    outer loop
      vertex -21.8736 42.6239 115
      vertex -18.6468 31.9517 115
      vertex -21.6342 42.4524 115
    endloop
  endfacet
  facet normal 0 0 1
    outer loop
      vertex -22.1012 42.8107 115
      vertex -18.6468 31.9517 115
      vertex -21.8736 42.6239 115
    endloop
  endfacet
  facet normal 0 0 1
    outer loop
      vertex -22.3162 43.012 115
      vertex -18.6468 31.9517 115
      vertex -22.1012 42.8107 115
    endloop
  endfacet
  facet normal 0 0 1
    outer loop
      vertex -22.5175 43.2269 115
      vertex -18.6468 31.9517 115
      vertex -22.3162 43.012 115
    endloop
  endfacet
  facet normal 0 0 1
    outer loop
      vertex -22.7043 43.4546 115
      vertex -18.6468 31.9517 115
      vertex -22.5175 43.2269 115
    endloop
  endfacet
  facet normal 0 0 1
    outer loop
      vertex -22.8758 43.6939 115
      vertex -18.6468 31.9517 115
      vertex -22.7043 43.4546 115
    endloop
  endfacet
  facet normal 0 0 1
    outer loop
      vertex -23.0313 43.944 115
      vertex -18.6468 31.9517 115
      vertex -22.8758 43.6939 115
    endloop
  endfacet
  facet normal 0 0 1
    outer loop
      vertex -23.1701 44.2037 115
      vertex -18.6468 31.9517 115
      vertex -23.0313 43.944 115
    endloop
  endfacet
  facet normal 0 0 1
    outer loop
      vertex -26.0497 49.8238 115
      vertex -23.1701 44.2037 115
      vertex -23.2916 44.4719 115
    endloop
  endfacet
  facet normal 0 0 1
    outer loop
      vertex -26.0497 49.8238 115
      vertex -23.2916 44.4719 115
      vertex -23.3954 44.7475 115
    endloop
  endfacet
  facet normal 0 0 1
    outer loop
      vertex -23.1701 44.2037 115
      vertex -26.0497 49.8238 115
      vertex -18.6468 31.9517 115
    endloop
  endfacet
  facet normal 0 0 1
    outer loop
      vertex -23.4808 45.0293 115
      vertex -26.0497 49.8238 115
      vertex -23.3954 44.7475 115
    endloop
  endfacet
  facet normal 0 0 1
    outer loop
      vertex -23.5477 45.3161 115
      vertex -26.0497 49.8238 115
      vertex -23.4808 45.0293 115
    endloop
  endfacet
  facet normal 0 0 1
    outer loop
      vertex -23.5957 45.6066 115
      vertex -26.0497 49.8238 115
      vertex -23.5477 45.3161 115
    endloop
  endfacet
  facet normal 0 0 1
    outer loop
      vertex -23.6245 45.8997 115
      vertex -26.0497 49.8238 115
      vertex -23.5957 45.6066 115
    endloop
  endfacet
  facet normal 0 0 1
    outer loop
      vertex -26.0497 49.8238 115
      vertex -23.6245 45.8997 115
      vertex -23.6342 46.194 115
    endloop
  endfacet
  facet normal 0 0 1
    outer loop
      vertex -11 39.622 115
      vertex -14.6438 46.4883 115
      vertex -14.6342 46.194 115
    endloop
  endfacet
  facet normal 0 0 1
    outer loop
      vertex -11 39.622 115
      vertex -14.6727 46.7813 115
      vertex -14.6438 46.4883 115
    endloop
  endfacet
  facet normal 0 0 1
    outer loop
      vertex -11 39.622 115
      vertex -14.7206 47.0719 115
      vertex -14.6727 46.7813 115
    endloop
  endfacet
  facet normal 0 0 1
    outer loop
      vertex -11 39.622 115
      vertex -14.7875 47.3587 115
      vertex -14.7206 47.0719 115
    endloop
  endfacet
  facet normal 0 0 1
    outer loop
      vertex -11 39.622 115
      vertex -14.873 47.6405 115
      vertex -14.7875 47.3587 115
    endloop
  endfacet
  facet normal 0 0 1
    outer loop
      vertex -11 39.622 115
      vertex -14.9767 47.9161 115
      vertex -14.873 47.6405 115
    endloop
  endfacet
  facet normal 0 0 1
    outer loop
      vertex -16.8109 53.6507 115
      vertex -14.9767 47.9161 115
      vertex -11 39.622 115
    endloop
  endfacet
  facet normal 0 0 1
    outer loop
      vertex -14.9767 47.9161 115
      vertex -16.8109 53.6507 115
      vertex -15.0982 48.1843 115
    endloop
  endfacet
  facet normal 0 0 1
    outer loop
      vertex -16.8109 53.6507 115
      vertex -15.2371 48.444 115
      vertex -15.0982 48.1843 115
    endloop
  endfacet
  facet normal 0 0 1
    outer loop
      vertex -16.8109 53.6507 115
      vertex -15.3926 48.694 115
      vertex -15.2371 48.444 115
    endloop
  endfacet
  facet normal 0 0 1
    outer loop
      vertex -16.8109 53.6507 115
      vertex -15.5641 48.9334 115
      vertex -15.3926 48.694 115
    endloop
  endfacet
  facet normal 0 0 1
    outer loop
      vertex -16.8109 53.6507 115
      vertex -15.7509 49.161 115
      vertex -15.5641 48.9334 115
    endloop
  endfacet
  facet normal 0 0 1
    outer loop
      vertex -16.8109 53.6507 115
      vertex -15.9522 49.376 115
      vertex -15.7509 49.161 115
    endloop
  endfacet
  facet normal 0 0 1
    outer loop
      vertex -16.8109 53.6507 115
      vertex -16.1671 49.5773 115
      vertex -15.9522 49.376 115
    endloop
  endfacet
  facet normal 0 0 1
    outer loop
      vertex -16.8109 53.6507 115
      vertex -16.3947 49.7641 115
      vertex -16.1671 49.5773 115
    endloop
  endfacet
  facet normal 0 0 1
    outer loop
      vertex -16.8109 53.6507 115
      vertex -16.6341 49.9356 115
      vertex -16.3947 49.7641 115
    endloop
  endfacet
  facet normal 0 0 1
    outer loop
      vertex -16.8109 53.6507 115
      vertex -16.8842 50.0911 115
      vertex -16.6341 49.9356 115
    endloop
  endfacet
  facet normal 0 0 1
    outer loop
      vertex -16.8109 53.6507 115
      vertex -17.1439 50.2299 115
      vertex -16.8842 50.0911 115
    endloop
  endfacet
  facet normal 0 0 1
    outer loop
      vertex -16.8109 53.6507 115
      vertex -17.4121 50.3514 115
      vertex -17.1439 50.2299 115
    endloop
  endfacet
  facet normal 0 0 1
    outer loop
      vertex -16.8109 53.6507 115
      vertex -17.6877 50.4552 115
      vertex -17.4121 50.3514 115
    endloop
  endfacet
  facet normal 0 0 1
    outer loop
      vertex -16.8109 53.6507 115
      vertex -17.9695 50.5406 115
      vertex -17.6877 50.4552 115
    endloop
  endfacet
  facet normal 0 0 1
    outer loop
      vertex -16.8109 53.6507 115
      vertex -18.2563 50.6075 115
      vertex -17.9695 50.5406 115
    endloop
  endfacet
  facet normal 0 0 1
    outer loop
      vertex -16.8109 53.6507 115
      vertex -18.5468 50.6555 115
      vertex -18.2563 50.6075 115
    endloop
  endfacet
  facet normal 0 0 1
    outer loop
      vertex -16.8109 53.6507 115
      vertex -18.8399 50.6843 115
      vertex -18.5468 50.6555 115
    endloop
  endfacet
  facet normal 0 0 1
    outer loop
      vertex -16.8109 53.6507 115
      vertex -19.1342 50.694 115
      vertex -18.8399 50.6843 115
    endloop
  endfacet
  facet normal 0 0 1
    outer loop
      vertex -16.8109 53.6507 115
      vertex -19.4285 50.6843 115
      vertex -19.1342 50.694 115
    endloop
  endfacet
  facet normal 0 0 1
    outer loop
      vertex -16.8109 53.6507 115
      vertex -19.7215 50.6555 115
      vertex -19.4285 50.6843 115
    endloop
  endfacet
  facet normal 0 0 1
    outer loop
      vertex -16.8109 53.6507 115
      vertex -20.0121 50.6075 115
      vertex -19.7215 50.6555 115
    endloop
  endfacet
  facet normal 0 0 1
    outer loop
      vertex -16.8109 53.6507 115
      vertex -20.2989 50.5406 115
      vertex -20.0121 50.6075 115
    endloop
  endfacet
  facet normal 0 0 1
    outer loop
      vertex -16.8109 53.6507 115
      vertex -20.5806 50.4552 115
      vertex -20.2989 50.5406 115
    endloop
  endfacet
  facet normal 0 0 1
    outer loop
      vertex -16.8109 53.6507 115
      vertex -20.8562 50.3514 115
      vertex -20.5806 50.4552 115
    endloop
  endfacet
  facet normal 0 0 1
    outer loop
      vertex -26.0497 49.8238 115
      vertex -20.8562 50.3514 115
      vertex -16.8109 53.6507 115
    endloop
  endfacet
  facet normal 0 0 1
    outer loop
      vertex -20.8562 50.3514 115
      vertex -26.0497 49.8238 115
      vertex -21.1245 50.2299 115
    endloop
  endfacet
  facet normal 0 0 1
    outer loop
      vertex -21.1245 50.2299 115
      vertex -26.0497 49.8238 115
      vertex -21.3842 50.0911 115
    endloop
  endfacet
  facet normal 0 0 1
    outer loop
      vertex -21.3842 50.0911 115
      vertex -26.0497 49.8238 115
      vertex -21.6342 49.9356 115
    endloop
  endfacet
  facet normal 0 0 1
    outer loop
      vertex -23.6245 46.4883 115
      vertex -26.0497 49.8238 115
      vertex -23.6342 46.194 115
    endloop
  endfacet
  facet normal 0 0 1
    outer loop
      vertex -23.5957 46.7813 115
      vertex -26.0497 49.8238 115
      vertex -23.6245 46.4883 115
    endloop
  endfacet
  facet normal 0 0 1
    outer loop
      vertex -23.5477 47.0719 115
      vertex -26.0497 49.8238 115
      vertex -23.5957 46.7813 115
    endloop
  endfacet
  facet normal 0 0 1
    outer loop
      vertex -23.4808 47.3587 115
      vertex -26.0497 49.8238 115
      vertex -23.5477 47.0719 115
    endloop
  endfacet
  facet normal 0 0 1
    outer loop
      vertex -23.3954 47.6405 115
      vertex -26.0497 49.8238 115
      vertex -23.4808 47.3587 115
    endloop
  endfacet
  facet normal 0 0 1
    outer loop
      vertex -23.2916 47.9161 115
      vertex -26.0497 49.8238 115
      vertex -23.3954 47.6405 115
    endloop
  endfacet
  facet normal 0 0 1
    outer loop
      vertex -23.1701 48.1843 115
      vertex -26.0497 49.8238 115
      vertex -23.2916 47.9161 115
    endloop
  endfacet
  facet normal 0 0 1
    outer loop
      vertex -23.0313 48.444 115
      vertex -26.0497 49.8238 115
      vertex -23.1701 48.1843 115
    endloop
  endfacet
  facet normal 0 0 1
    outer loop
      vertex -22.8758 48.694 115
      vertex -26.0497 49.8238 115
      vertex -23.0313 48.444 115
    endloop
  endfacet
  facet normal 0 0 1
    outer loop
      vertex -22.7043 48.9334 115
      vertex -26.0497 49.8238 115
      vertex -22.8758 48.694 115
    endloop
  endfacet
  facet normal 0 0 1
    outer loop
      vertex -22.5175 49.161 115
      vertex -26.0497 49.8238 115
      vertex -22.7043 48.9334 115
    endloop
  endfacet
  facet normal 0 0 1
    outer loop
      vertex -22.3162 49.376 115
      vertex -26.0497 49.8238 115
      vertex -22.5175 49.161 115
    endloop
  endfacet
  facet normal 0 0 1
    outer loop
      vertex -22.1012 49.5773 115
      vertex -26.0497 49.8238 115
      vertex -22.3162 49.376 115
    endloop
  endfacet
  facet normal 0 0 1
    outer loop
      vertex -21.8736 49.7641 115
      vertex -26.0497 49.8238 115
      vertex -22.1012 49.5773 115
    endloop
  endfacet
  facet normal 0 0 1
    outer loop
      vertex -21.6342 49.9356 115
      vertex -26.0497 49.8238 115
      vertex -21.8736 49.7641 115
    endloop
  endfacet
  facet normal 0 0 1
    outer loop
      vertex 54.0626 -6.82062 115
      vertex 56.1735 -2.35224 115
      vertex 54.0722 -6.52631 115
    endloop
  endfacet
  facet normal 0 0 1
    outer loop
      vertex 56.1735 -2.35224 115
      vertex 54.0626 -6.23199 115
      vertex 54.0722 -6.52631 115
    endloop
  endfacet
  facet normal 0 0 1
    outer loop
      vertex 56.1735 -2.35224 115
      vertex 54.0337 -5.93894 115
      vertex 54.0626 -6.23199 115
    endloop
  endfacet
  facet normal 0 0 1
    outer loop
      vertex 56.1735 -2.35224 115
      vertex 53.9858 -5.6484 115
      vertex 54.0337 -5.93894 115
    endloop
  endfacet
  facet normal 0 0 1
    outer loop
      vertex 56.1735 -2.35224 115
      vertex 53.9189 -5.36162 115
      vertex 53.9858 -5.6484 115
    endloop
  endfacet
  facet normal 0 0 1
    outer loop
      vertex 56.1735 -2.35224 115
      vertex 53.8334 -5.07983 115
      vertex 53.9189 -5.36162 115
    endloop
  endfacet
  facet normal 0 0 1
    outer loop
      vertex 56.1735 -2.35224 115
      vertex 53.7297 -4.80423 115
      vertex 53.8334 -5.07983 115
    endloop
  endfacet
  facet normal 0 0 1
    outer loop
      vertex 56.1735 -2.35224 115
      vertex 53.6082 -4.53601 115
      vertex 53.7297 -4.80423 115
    endloop
  endfacet
  facet normal 0 0 1
    outer loop
      vertex 56.1735 -2.35224 115
      vertex 53.4694 -4.27631 115
      vertex 53.6082 -4.53601 115
    endloop
  endfacet
  facet normal 0 0 1
    outer loop
      vertex 56.1735 -2.35224 115
      vertex 53.3139 -4.02624 115
      vertex 53.4694 -4.27631 115
    endloop
  endfacet
  facet normal 0 0 1
    outer loop
      vertex 56.1735 -2.35224 115
      vertex 53.1423 -3.78688 115
      vertex 53.3139 -4.02624 115
    endloop
  endfacet
  facet normal 0 0 1
    outer loop
      vertex 56.1735 -2.35224 115
      vertex 52.9555 -3.55925 115
      vertex 53.1423 -3.78688 115
    endloop
  endfacet
  facet normal 0 0 1
    outer loop
      vertex 56.1735 -2.35224 115
      vertex 52.7542 -3.34433 115
      vertex 52.9555 -3.55925 115
    endloop
  endfacet
  facet normal 0 0 1
    outer loop
      vertex 56.1735 -2.35224 115
      vertex 52.5393 -3.14303 115
      vertex 52.7542 -3.34433 115
    endloop
  endfacet
  facet normal 0 0 1
    outer loop
      vertex 56.1735 -2.35224 115
      vertex 52.3117 -2.95622 115
      vertex 52.5393 -3.14303 115
    endloop
  endfacet
  facet normal 0 0 1
    outer loop
      vertex 56.1735 -2.35224 115
      vertex 52.0723 -2.7847 115
      vertex 52.3117 -2.95622 115
    endloop
  endfacet
  facet normal 0 0 1
    outer loop
      vertex 56.1735 -2.35224 115
      vertex 51.8222 -2.6292 115
      vertex 52.0723 -2.7847 115
    endloop
  endfacet
  facet normal 0 0 1
    outer loop
      vertex 56.1735 -2.35224 115
      vertex 51.5625 -2.49038 115
      vertex 51.8222 -2.6292 115
    endloop
  endfacet
  facet normal 0 0 1
    outer loop
      vertex 56.1735 -2.35224 115
      vertex 51.2943 -2.36885 115
      vertex 51.5625 -2.49038 115
    endloop
  endfacet
  facet normal 0 0 1
    outer loop
      vertex 56.1735 -2.35224 115
      vertex 51.0187 -2.26512 115
      vertex 51.2943 -2.36885 115
    endloop
  endfacet
  facet normal 0 0 1
    outer loop
      vertex 56.1735 -2.35224 115
      vertex 50.7369 -2.17964 115
      vertex 51.0187 -2.26512 115
    endloop
  endfacet
  facet normal 0 0 1
    outer loop
      vertex 56.1735 -2.35224 115
      vertex 50.4501 -2.11278 115
      vertex 50.7369 -2.17964 115
    endloop
  endfacet
  facet normal 0 0 1
    outer loop
      vertex 56.1735 -2.35224 115
      vertex 50.1596 -2.06481 115
      vertex 50.4501 -2.11278 115
    endloop
  endfacet
  facet normal 0 0 1
    outer loop
      vertex 56.1735 -2.35224 115
      vertex 49.8666 -2.03594 115
      vertex 50.1596 -2.06481 115
    endloop
  endfacet
  facet normal 0 0 1
    outer loop
      vertex 45.1107 -5.93894 115
      vertex 35.6891 -9.7417 115
      vertex 45.0819 -6.23199 115
    endloop
  endfacet
  facet normal 0 0 1
    outer loop
      vertex 35.6891 -9.7417 115
      vertex 45.1107 -5.93894 115
      vertex 36.9943 0.172747 115
    endloop
  endfacet
  facet normal 0 0 1
    outer loop
      vertex 45.1587 -5.6484 115
      vertex 36.9943 0.172747 115
      vertex 45.1107 -5.93894 115
    endloop
  endfacet
  facet normal 0 0 1
    outer loop
      vertex 45.2256 -5.36162 115
      vertex 36.9943 0.172747 115
      vertex 45.1587 -5.6484 115
    endloop
  endfacet
  facet normal 0 0 1
    outer loop
      vertex 45.3111 -5.07983 115
      vertex 36.9943 0.172747 115
      vertex 45.2256 -5.36162 115
    endloop
  endfacet
  facet normal 0 0 1
    outer loop
      vertex 45.4148 -4.80423 115
      vertex 36.9943 0.172747 115
      vertex 45.3111 -5.07983 115
    endloop
  endfacet
  facet normal 0 0 1
    outer loop
      vertex 45.5363 -4.53601 115
      vertex 36.9943 0.172747 115
      vertex 45.4148 -4.80423 115
    endloop
  endfacet
  facet normal 0 0 1
    outer loop
      vertex 45.6751 -4.27631 115
      vertex 36.9943 0.172747 115
      vertex 45.5363 -4.53601 115
    endloop
  endfacet
  facet normal 0 0 1
    outer loop
      vertex 45.8306 -4.02624 115
      vertex 36.9943 0.172747 115
      vertex 45.6751 -4.27631 115
    endloop
  endfacet
  facet normal 0 0 1
    outer loop
      vertex 46.0022 -3.78688 115
      vertex 36.9943 0.172747 115
      vertex 45.8306 -4.02624 115
    endloop
  endfacet
  facet normal 0 0 1
    outer loop
      vertex 46.189 -3.55925 115
      vertex 36.9943 0.172747 115
      vertex 46.0022 -3.78688 115
    endloop
  endfacet
  facet normal 0 0 1
    outer loop
      vertex 46.3903 -3.34433 115
      vertex 36.9943 0.172747 115
      vertex 46.189 -3.55925 115
    endloop
  endfacet
  facet normal 0 0 1
    outer loop
      vertex 46.6052 -3.14303 115
      vertex 36.9943 0.172747 115
      vertex 46.3903 -3.34433 115
    endloop
  endfacet
  facet normal 0 0 1
    outer loop
      vertex 46.8328 -2.95622 115
      vertex 36.9943 0.172747 115
      vertex 46.6052 -3.14303 115
    endloop
  endfacet
  facet normal 0 0 1
    outer loop
      vertex 47.0722 -2.7847 115
      vertex 36.9943 0.172747 115
      vertex 46.8328 -2.95622 115
    endloop
  endfacet
  facet normal 0 0 1
    outer loop
      vertex 47.3222 -2.6292 115
      vertex 36.9943 0.172747 115
      vertex 47.0722 -2.7847 115
    endloop
  endfacet
  facet normal 0 0 1
    outer loop
      vertex 47.5819 -2.49038 115
      vertex 36.9943 0.172747 115
      vertex 47.3222 -2.6292 115
    endloop
  endfacet
  facet normal 0 0 1
    outer loop
      vertex 47.8502 -2.36885 115
      vertex 36.9943 0.172747 115
      vertex 47.5819 -2.49038 115
    endloop
  endfacet
  facet normal 0 0 1
    outer loop
      vertex 48.1258 -2.26512 115
      vertex 36.9943 0.172747 115
      vertex 47.8502 -2.36885 115
    endloop
  endfacet
  facet normal 0 0 1
    outer loop
      vertex 48.4076 -2.17964 115
      vertex 36.9943 0.172747 115
      vertex 48.1258 -2.26512 115
    endloop
  endfacet
  facet normal 0 0 1
    outer loop
      vertex 48.6943 -2.11278 115
      vertex 36.9943 0.172747 115
      vertex 48.4076 -2.17964 115
    endloop
  endfacet
  facet normal 0 0 1
    outer loop
      vertex 48.9849 -2.06481 115
      vertex 36.9943 0.172747 115
      vertex 48.6943 -2.11278 115
    endloop
  endfacet
  facet normal 0 0 1
    outer loop
      vertex 49.2779 -2.03594 115
      vertex 36.9943 0.172747 115
      vertex 48.9849 -2.06481 115
    endloop
  endfacet
  facet normal 0 0 1
    outer loop
      vertex 49.5722 -2.02631 115
      vertex 36.9943 0.172747 115
      vertex 49.2779 -2.03594 115
    endloop
  endfacet
  facet normal 0 0 1
    outer loop
      vertex 49.8666 -2.03594 115
      vertex 36.9943 0.172747 115
      vertex 49.5722 -2.02631 115
    endloop
  endfacet
  facet normal 0 0 1
    outer loop
      vertex 36.9943 0.172747 115
      vertex 49.8666 -2.03594 115
      vertex 56.1735 -2.35224 115
    endloop
  endfacet
  facet normal 0 0 1
    outer loop
      vertex 54.0337 -7.11368 115
      vertex 56.1735 -2.35224 115
      vertex 54.0626 -6.82062 115
    endloop
  endfacet
  facet normal 0 0 1
    outer loop
      vertex 56.1735 -2.35224 115
      vertex 54.0337 -7.11368 115
      vertex 54.8683 -12.2667 115
    endloop
  endfacet
  facet normal -0 0 1
    outer loop
      vertex 53.9858 -7.40422 115
      vertex 54.8683 -12.2667 115
      vertex 54.0337 -7.11368 115
    endloop
  endfacet
  facet normal -0 0 1
    outer loop
      vertex 53.9189 -7.691 115
      vertex 54.8683 -12.2667 115
      vertex 53.9858 -7.40422 115
    endloop
  endfacet
  facet normal -0 0 1
    outer loop
      vertex 53.8334 -7.97279 115
      vertex 54.8683 -12.2667 115
      vertex 53.9189 -7.691 115
    endloop
  endfacet
  facet normal -0 0 1
    outer loop
      vertex 53.7297 -8.24838 115
      vertex 54.8683 -12.2667 115
      vertex 53.8334 -7.97279 115
    endloop
  endfacet
  facet normal -0 0 1
    outer loop
      vertex 53.6082 -8.51661 115
      vertex 54.8683 -12.2667 115
      vertex 53.7297 -8.24838 115
    endloop
  endfacet
  facet normal -0 0 1
    outer loop
      vertex 53.4694 -8.77631 115
      vertex 54.8683 -12.2667 115
      vertex 53.6082 -8.51661 115
    endloop
  endfacet
  facet normal -0 0 1
    outer loop
      vertex 53.3139 -9.02637 115
      vertex 54.8683 -12.2667 115
      vertex 53.4694 -8.77631 115
    endloop
  endfacet
  facet normal -0 0 1
    outer loop
      vertex 53.1423 -9.26574 115
      vertex 54.8683 -12.2667 115
      vertex 53.3139 -9.02637 115
    endloop
  endfacet
  facet normal -0 0 1
    outer loop
      vertex 52.9555 -9.49337 115
      vertex 54.8683 -12.2667 115
      vertex 53.1423 -9.26574 115
    endloop
  endfacet
  facet normal -0 0 1
    outer loop
      vertex 52.7542 -9.70829 115
      vertex 54.8683 -12.2667 115
      vertex 52.9555 -9.49337 115
    endloop
  endfacet
  facet normal -0 0 1
    outer loop
      vertex 52.5393 -9.90959 115
      vertex 54.8683 -12.2667 115
      vertex 52.7542 -9.70829 115
    endloop
  endfacet
  facet normal -0 0 1
    outer loop
      vertex 52.3117 -10.0964 115
      vertex 54.8683 -12.2667 115
      vertex 52.5393 -9.90959 115
    endloop
  endfacet
  facet normal -0 0 1
    outer loop
      vertex 52.0723 -10.2679 115
      vertex 54.8683 -12.2667 115
      vertex 52.3117 -10.0964 115
    endloop
  endfacet
  facet normal -0 0 1
    outer loop
      vertex 51.8222 -10.4234 115
      vertex 54.8683 -12.2667 115
      vertex 52.0723 -10.2679 115
    endloop
  endfacet
  facet normal -0 0 1
    outer loop
      vertex 51.5625 -10.5622 115
      vertex 54.8683 -12.2667 115
      vertex 51.8222 -10.4234 115
    endloop
  endfacet
  facet normal -0 0 1
    outer loop
      vertex 51.2943 -10.6838 115
      vertex 54.8683 -12.2667 115
      vertex 51.5625 -10.5622 115
    endloop
  endfacet
  facet normal -0 0 1
    outer loop
      vertex 51.0187 -10.7875 115
      vertex 54.8683 -12.2667 115
      vertex 51.2943 -10.6838 115
    endloop
  endfacet
  facet normal -0 0 1
    outer loop
      vertex 50.7369 -10.873 115
      vertex 54.8683 -12.2667 115
      vertex 51.0187 -10.7875 115
    endloop
  endfacet
  facet normal -0 0 1
    outer loop
      vertex 50.4501 -10.9398 115
      vertex 54.8683 -12.2667 115
      vertex 50.7369 -10.873 115
    endloop
  endfacet
  facet normal -0 0 1
    outer loop
      vertex 50.1596 -10.9878 115
      vertex 54.8683 -12.2667 115
      vertex 50.4501 -10.9398 115
    endloop
  endfacet
  facet normal -0 0 1
    outer loop
      vertex 49.8666 -11.0167 115
      vertex 54.8683 -12.2667 115
      vertex 50.1596 -10.9878 115
    endloop
  endfacet
  facet normal -0 0 1
    outer loop
      vertex 49.5722 -11.0263 115
      vertex 54.8683 -12.2667 115
      vertex 49.8666 -11.0167 115
    endloop
  endfacet
  facet normal 0 0 1
    outer loop
      vertex 49.2779 -11.0167 115
      vertex 54.8683 -12.2667 115
      vertex 49.5722 -11.0263 115
    endloop
  endfacet
  facet normal 0 0 1
    outer loop
      vertex 48.9849 -10.9878 115
      vertex 54.8683 -12.2667 115
      vertex 49.2779 -11.0167 115
    endloop
  endfacet
  facet normal 0 0 1
    outer loop
      vertex 48.6943 -10.9398 115
      vertex 54.8683 -12.2667 115
      vertex 48.9849 -10.9878 115
    endloop
  endfacet
  facet normal 0 0 1
    outer loop
      vertex 45.0819 -6.23199 115
      vertex 35.6891 -9.7417 115
      vertex 45.0722 -6.52631 115
    endloop
  endfacet
  facet normal 0 0 1
    outer loop
      vertex 45.0722 -6.52631 115
      vertex 35.6891 -9.7417 115
      vertex 45.0819 -6.82062 115
    endloop
  endfacet
  facet normal 0 0 1
    outer loop
      vertex 45.0819 -6.82062 115
      vertex 35.6891 -9.7417 115
      vertex 45.1107 -7.11368 115
    endloop
  endfacet
  facet normal 0 0 1
    outer loop
      vertex 45.1107 -7.11368 115
      vertex 35.6891 -9.7417 115
      vertex 45.1587 -7.40422 115
    endloop
  endfacet
  facet normal 0 0 1
    outer loop
      vertex 45.1587 -7.40422 115
      vertex 35.6891 -9.7417 115
      vertex 45.2256 -7.691 115
    endloop
  endfacet
  facet normal 0 0 1
    outer loop
      vertex 45.2256 -7.691 115
      vertex 35.6891 -9.7417 115
      vertex 45.3111 -7.97279 115
    endloop
  endfacet
  facet normal 0 0 1
    outer loop
      vertex 45.3111 -7.97279 115
      vertex 35.6891 -9.7417 115
      vertex 45.4148 -8.24838 115
    endloop
  endfacet
  facet normal 0 0 1
    outer loop
      vertex 45.4148 -8.24838 115
      vertex 35.6891 -9.7417 115
      vertex 45.5363 -8.51661 115
    endloop
  endfacet
  facet normal 0 0 1
    outer loop
      vertex 45.5363 -8.51661 115
      vertex 35.6891 -9.7417 115
      vertex 45.6751 -8.77631 115
    endloop
  endfacet
  facet normal 0 0 1
    outer loop
      vertex 45.6751 -8.77631 115
      vertex 35.6891 -9.7417 115
      vertex 45.8306 -9.02637 115
    endloop
  endfacet
  facet normal 0 0 1
    outer loop
      vertex 45.8306 -9.02637 115
      vertex 35.6891 -9.7417 115
      vertex 46.0022 -9.26574 115
    endloop
  endfacet
  facet normal 0 0 1
    outer loop
      vertex 46.0022 -9.26574 115
      vertex 35.6891 -9.7417 115
      vertex 46.189 -9.49337 115
    endloop
  endfacet
  facet normal 0 0 1
    outer loop
      vertex 33.1788 2.17465 115
      vertex 36.9208 2.41992 115
      vertex 36.6835 4.82947 115
    endloop
  endfacet
  facet normal 0 0 1
    outer loop
      vertex 32.9655 4.34 115
      vertex 36.6835 4.82947 115
      vertex 36.2891 7.21834 115
    endloop
  endfacet
  facet normal 0 0 1
    outer loop
      vertex 32.6111 6.48675 115
      vertex 36.2891 7.21834 115
      vertex 35.7393 9.5763 115
    endloop
  endfacet
  facet normal 0 0 1
    outer loop
      vertex 48.6943 -10.9398 115
      vertex 35.6891 -9.7417 115
      vertex 54.8683 -12.2667 115
    endloop
  endfacet
  facet normal 0 0 1
    outer loop
      vertex 48.4076 -10.873 115
      vertex 35.6891 -9.7417 115
      vertex 48.6943 -10.9398 115
    endloop
  endfacet
  facet normal 0 0 1
    outer loop
      vertex 48.1258 -10.7875 115
      vertex 35.6891 -9.7417 115
      vertex 48.4076 -10.873 115
    endloop
  endfacet
  facet normal 0 0 1
    outer loop
      vertex 47.8502 -10.6838 115
      vertex 35.6891 -9.7417 115
      vertex 48.1258 -10.7875 115
    endloop
  endfacet
  facet normal 0 0 1
    outer loop
      vertex 47.5819 -10.5622 115
      vertex 35.6891 -9.7417 115
      vertex 47.8502 -10.6838 115
    endloop
  endfacet
  facet normal 0 0 1
    outer loop
      vertex 47.3222 -10.4234 115
      vertex 35.6891 -9.7417 115
      vertex 47.5819 -10.5622 115
    endloop
  endfacet
  facet normal 0 0 1
    outer loop
      vertex 47.0722 -10.2679 115
      vertex 35.6891 -9.7417 115
      vertex 47.3222 -10.4234 115
    endloop
  endfacet
  facet normal 0 0 1
    outer loop
      vertex 46.8328 -10.0964 115
      vertex 35.6891 -9.7417 115
      vertex 47.0722 -10.2679 115
    endloop
  endfacet
  facet normal 0 0 1
    outer loop
      vertex 46.6052 -9.90959 115
      vertex 35.6891 -9.7417 115
      vertex 46.8328 -10.0964 115
    endloop
  endfacet
  facet normal 0 0 1
    outer loop
      vertex 46.3903 -9.70829 115
      vertex 35.6891 -9.7417 115
      vertex 46.6052 -9.90959 115
    endloop
  endfacet
  facet normal 0 0 1
    outer loop
      vertex 46.189 -9.49337 115
      vertex 35.6891 -9.7417 115
      vertex 46.3903 -9.70829 115
    endloop
  endfacet
  facet normal 0 -0 1
    outer loop
      vertex 33.1788 2.17465 115
      vertex 36.6835 4.82947 115
      vertex 32.9655 4.34 115
    endloop
  endfacet
  facet normal 0 0 1
    outer loop
      vertex 32.117 8.60573 115
      vertex 35.7393 9.5763 115
      vertex 35.0364 11.8933 115
    endloop
  endfacet
  facet normal 0 0 1
    outer loop
      vertex 36.9943 0.172747 115
      vertex 33.2281 0.66858 115
      vertex 35.6891 -9.7417 115
    endloop
  endfacet
  facet normal 0 0 1
    outer loop
      vertex 31.4854 10.6879 115
      vertex 35.0364 11.8933 115
      vertex 34.1835 14.1593 115
    endloop
  endfacet
  facet normal -0 0 1
    outer loop
      vertex 31.9228 -9.24587 115
      vertex 35.6891 -9.7417 115
      vertex 33.2281 0.66858 115
    endloop
  endfacet
  facet normal 0 0 1
    outer loop
      vertex 35.6891 -9.7417 115
      vertex 31.9228 -9.24587 115
      vertex 35.0364 -11.8933 115
    endloop
  endfacet
  facet normal 0 0 1
    outer loop
      vertex 30.719 12.7242 115
      vertex 34.1835 14.1593 115
      vertex 33.1843 16.3647 115
    endloop
  endfacet
  facet normal 0 0 1
    outer loop
      vertex 36.9208 2.41992 115
      vertex 33.2281 0.66858 115
      vertex 36.9943 0.172747 115
    endloop
  endfacet
  facet normal 0 -0 1
    outer loop
      vertex 33.2281 0.66858 115
      vertex 36.9208 2.41992 115
      vertex 33.1788 2.17465 115
    endloop
  endfacet
  facet normal 0 0 1
    outer loop
      vertex 36.2891 7.21834 115
      vertex 32.6111 6.48675 115
      vertex 32.9655 4.34 115
    endloop
  endfacet
  facet normal 0 0 1
    outer loop
      vertex 35.7393 9.5763 115
      vertex 32.117 8.60573 115
      vertex 32.6111 6.48675 115
    endloop
  endfacet
  facet normal 0 0 1
    outer loop
      vertex 29.821 14.7061 115
      vertex 33.1843 16.3647 115
      vertex 32.0429 18.5 115
    endloop
  endfacet
  facet normal 0 0 1
    outer loop
      vertex 35.0364 11.8933 115
      vertex 31.4854 10.6879 115
      vertex 32.117 8.60573 115
    endloop
  endfacet
  facet normal 0 0 1
    outer loop
      vertex 28.7953 16.625 115
      vertex 32.0429 18.5 115
      vertex 30.7644 20.5561 115
    endloop
  endfacet
  facet normal 0 0 1
    outer loop
      vertex 34.1835 14.1593 115
      vertex 30.719 12.7242 115
      vertex 31.4854 10.6879 115
    endloop
  endfacet
  facet normal 0 0 1
    outer loop
      vertex 33.1843 16.3647 115
      vertex 29.821 14.7061 115
      vertex 30.719 12.7242 115
    endloop
  endfacet
  facet normal 0 0 1
    outer loop
      vertex 27.6464 18.4727 115
      vertex 30.7644 20.5561 115
      vertex 29.3541 22.5242 115
    endloop
  endfacet
  facet normal 0 0 1
    outer loop
      vertex 32.0429 18.5 115
      vertex 28.7953 16.625 115
      vertex 29.821 14.7061 115
    endloop
  endfacet
  facet normal 0 0 1
    outer loop
      vertex 26.379 20.2413 115
      vertex 29.3541 22.5242 115
      vertex 27.8181 24.3958 115
    endloop
  endfacet
  facet normal 0 0 1
    outer loop
      vertex 30.7644 20.5561 115
      vertex 27.6464 18.4727 115
      vertex 28.7953 16.625 115
    endloop
  endfacet
  facet normal 0 0 1
    outer loop
      vertex 29.3541 22.5242 115
      vertex 26.379 20.2413 115
      vertex 27.6464 18.4727 115
    endloop
  endfacet
  facet normal 0 0 1
    outer loop
      vertex 24.9987 21.9232 115
      vertex 27.8181 24.3958 115
      vertex 26.163 26.163 115
    endloop
  endfacet
  facet normal 0 0 1
    outer loop
      vertex 27.8181 24.3958 115
      vertex 24.9987 21.9232 115
      vertex 26.379 20.2413 115
    endloop
  endfacet
  facet normal 0 0 1
    outer loop
      vertex 23.5113 23.5113 115
      vertex 26.163 26.163 115
      vertex 24.3958 27.8181 115
    endloop
  endfacet
  facet normal 0 0 1
    outer loop
      vertex 26.163 26.163 115
      vertex 23.5113 23.5113 115
      vertex 24.9987 21.9232 115
    endloop
  endfacet
  facet normal 0 0 1
    outer loop
      vertex 21.9232 24.9987 115
      vertex 24.3958 27.8181 115
      vertex 22.5242 29.3541 115
    endloop
  endfacet
  facet normal 0 0 1
    outer loop
      vertex 24.3958 27.8181 115
      vertex 21.9232 24.9987 115
      vertex 23.5113 23.5113 115
    endloop
  endfacet
  facet normal 0 0 1
    outer loop
      vertex 20.2413 26.379 115
      vertex 22.5242 29.3541 115
      vertex 20.5561 30.7644 115
    endloop
  endfacet
  facet normal 0 0 1
    outer loop
      vertex 22.5242 29.3541 115
      vertex 20.2413 26.379 115
      vertex 21.9232 24.9987 115
    endloop
  endfacet
  facet normal 0 0 1
    outer loop
      vertex 18.4727 27.6464 115
      vertex 20.5561 30.7644 115
      vertex 18.5 32.0429 115
    endloop
  endfacet
  facet normal 0 0 1
    outer loop
      vertex 20.5561 30.7644 115
      vertex 18.4727 27.6464 115
      vertex 20.2413 26.379 115
    endloop
  endfacet
  facet normal 0 0 1
    outer loop
      vertex 18.5 32.0429 115
      vertex 16.625 28.7953 115
      vertex 18.4727 27.6464 115
    endloop
  endfacet
  facet normal 0 0 1
    outer loop
      vertex 16.3647 33.1843 115
      vertex 16.625 28.7953 115
      vertex 18.5 32.0429 115
    endloop
  endfacet
  facet normal 0 0 1
    outer loop
      vertex 16.3647 33.1843 115
      vertex 14.7061 29.821 115
      vertex 16.625 28.7953 115
    endloop
  endfacet
  facet normal 0 0 1
    outer loop
      vertex 14.1593 34.1835 115
      vertex 14.7061 29.821 115
      vertex 16.3647 33.1843 115
    endloop
  endfacet
  facet normal 0 0 1
    outer loop
      vertex 14.1593 34.1835 115
      vertex 12.7242 30.719 115
      vertex 14.7061 29.821 115
    endloop
  endfacet
  facet normal 0 0 1
    outer loop
      vertex 11.8933 35.0364 115
      vertex 12.7242 30.719 115
      vertex 14.1593 34.1835 115
    endloop
  endfacet
  facet normal 0 0 1
    outer loop
      vertex 10.6879 31.4854 115
      vertex 11.8933 35.0364 115
      vertex 11 35.3074 115
    endloop
  endfacet
  facet normal 0 0 1
    outer loop
      vertex 11.8933 35.0364 115
      vertex 10.6879 31.4854 115
      vertex 12.7242 30.719 115
    endloop
  endfacet
  facet normal 0.352264 -0.935901 0
    outer loop
      vertex 11.8933 -35.0364 95
      vertex 14.1593 -34.1835 115
      vertex 11.8933 -35.0364 115
    endloop
  endfacet
  facet normal 0.352264 -0.935901 0
    outer loop
      vertex 14.1593 -34.1835 115
      vertex 11.8933 -35.0364 95
      vertex 14.1593 -34.1835 95
    endloop
  endfacet
  facet normal -0 0 -1
    outer loop
      vertex -23.9686 -23.0231 95
      vertex -27.8181 -24.3958 95
      vertex -24.9987 -21.9232 95
    endloop
  endfacet
  facet normal -0 0 -1
    outer loop
      vertex -24.9987 -21.9232 95
      vertex -27.8181 -24.3958 95
      vertex -26.379 -20.2413 95
    endloop
  endfacet
  facet normal 0 0 -1
    outer loop
      vertex -29.3541 -22.5242 95
      vertex -26.379 -20.2413 95
      vertex -27.8181 -24.3958 95
    endloop
  endfacet
  facet normal -0 0 -1
    outer loop
      vertex -26.379 -20.2413 95
      vertex -29.3541 -22.5242 95
      vertex -27.6464 -18.4727 95
    endloop
  endfacet
  facet normal 0 0 -1
    outer loop
      vertex -30.7644 -20.5561 95
      vertex -27.6464 -18.4727 95
      vertex -29.3541 -22.5242 95
    endloop
  endfacet
  facet normal -0 0 -1
    outer loop
      vertex -27.6464 -18.4727 95
      vertex -30.7644 -20.5561 95
      vertex -28.7953 -16.625 95
    endloop
  endfacet
  facet normal 0 0 -1
    outer loop
      vertex -32.0429 -18.5 95
      vertex -28.7953 -16.625 95
      vertex -30.7644 -20.5561 95
    endloop
  endfacet
  facet normal -0 0 -1
    outer loop
      vertex -28.7953 -16.625 95
      vertex -32.0429 -18.5 95
      vertex -29.821 -14.7061 95
    endloop
  endfacet
  facet normal 0 0 -1
    outer loop
      vertex -33.1843 -16.3647 95
      vertex -29.821 -14.7061 95
      vertex -32.0429 -18.5 95
    endloop
  endfacet
  facet normal -0 0 -1
    outer loop
      vertex -29.821 -14.7061 95
      vertex -33.1843 -16.3647 95
      vertex -30.719 -12.7242 95
    endloop
  endfacet
  facet normal 0 0 -1
    outer loop
      vertex -34.1835 -14.1593 95
      vertex -30.719 -12.7242 95
      vertex -33.1843 -16.3647 95
    endloop
  endfacet
  facet normal -0 0 -1
    outer loop
      vertex -30.719 -12.7242 95
      vertex -34.1835 -14.1593 95
      vertex -31.4854 -10.6879 95
    endloop
  endfacet
  facet normal 0 0 -1
    outer loop
      vertex -35.0364 -11.8933 95
      vertex -31.4854 -10.6879 95
      vertex -34.1835 -14.1593 95
    endloop
  endfacet
  facet normal -0 0 -1
    outer loop
      vertex -31.4854 -10.6879 95
      vertex -35.0364 -11.8933 95
      vertex -32.117 -8.60573 95
    endloop
  endfacet
  facet normal 0 0 -1
    outer loop
      vertex -35.7393 -9.5763 95
      vertex -32.117 -8.60573 95
      vertex -35.0364 -11.8933 95
    endloop
  endfacet
  facet normal -0 0 -1
    outer loop
      vertex -32.117 -8.60573 95
      vertex -35.7393 -9.5763 95
      vertex -32.6111 -6.48675 95
    endloop
  endfacet
  facet normal 0 0 -1
    outer loop
      vertex -36.2891 -7.21834 95
      vertex -32.6111 -6.48675 95
      vertex -35.7393 -9.5763 95
    endloop
  endfacet
  facet normal 0 0 -1
    outer loop
      vertex 2.17465 33.1788 95
      vertex 3 36.8636 95
      vertex 4.34 32.9655 95
    endloop
  endfacet
  facet normal -0 0 -1
    outer loop
      vertex 3 36.8636 95
      vertex 2.17465 33.1788 95
      vertex 2.41992 36.9208 95
    endloop
  endfacet
  facet normal 0 0 -1
    outer loop
      vertex 1.5 33.2009 95
      vertex 2.41992 36.9208 95
      vertex 2.17465 33.1788 95
    endloop
  endfacet
  facet normal -0 0 -1
    outer loop
      vertex 2.41992 36.9208 95
      vertex 1.5 33.2009 95
      vertex 1.5 36.9509 95
    endloop
  endfacet
  facet normal 0 0 -1
    outer loop
      vertex 35.0364 -11.8933 95
      vertex 31.4854 -10.6879 95
      vertex 31.9228 -9.24587 95
    endloop
  endfacet
  facet normal 0 0 -1
    outer loop
      vertex 28.7953 -16.625 95
      vertex 32.0429 -18.5 95
      vertex 30.7644 -20.5561 95
    endloop
  endfacet
  facet normal 0 0 -1
    outer loop
      vertex 33.1843 -16.3647 95
      vertex 30.719 -12.7242 95
      vertex 31.4854 -10.6879 95
    endloop
  endfacet
  facet normal 0 0 -1
    outer loop
      vertex 33.1843 -16.3647 95
      vertex 29.821 -14.7061 95
      vertex 30.719 -12.7242 95
    endloop
  endfacet
  facet normal 0 0 -1
    outer loop
      vertex 27.6464 -18.4727 95
      vertex 30.7644 -20.5561 95
      vertex 29.3541 -22.5242 95
    endloop
  endfacet
  facet normal 0 0 -1
    outer loop
      vertex 32.0429 -18.5 95
      vertex 28.7953 -16.625 95
      vertex 29.821 -14.7061 95
    endloop
  endfacet
  facet normal 0 0 -1
    outer loop
      vertex 26.379 -20.2413 95
      vertex 29.3541 -22.5242 95
      vertex 27.8181 -24.3958 95
    endloop
  endfacet
  facet normal 0 0 -1
    outer loop
      vertex 30.7644 -20.5561 95
      vertex 27.6464 -18.4727 95
      vertex 28.7953 -16.625 95
    endloop
  endfacet
  facet normal 0 0 -1
    outer loop
      vertex 29.3541 -22.5242 95
      vertex 26.379 -20.2413 95
      vertex 27.6464 -18.4727 95
    endloop
  endfacet
  facet normal 0 0 -1
    outer loop
      vertex 24.9987 -21.9232 95
      vertex 27.8181 -24.3958 95
      vertex 26.163 -26.163 95
    endloop
  endfacet
  facet normal 0 0 -1
    outer loop
      vertex 27.8181 -24.3958 95
      vertex 24.9987 -21.9232 95
      vertex 26.379 -20.2413 95
    endloop
  endfacet
  facet normal 0 0 -1
    outer loop
      vertex 23.5113 -23.5113 95
      vertex 26.163 -26.163 95
      vertex 24.3958 -27.8181 95
    endloop
  endfacet
  facet normal 0 0 -1
    outer loop
      vertex 26.163 -26.163 95
      vertex 23.5113 -23.5113 95
      vertex 24.9987 -21.9232 95
    endloop
  endfacet
  facet normal 0 0 -1
    outer loop
      vertex 21.9232 -24.9987 95
      vertex 24.3958 -27.8181 95
      vertex 22.5242 -29.3541 95
    endloop
  endfacet
  facet normal 0 0 -1
    outer loop
      vertex 24.3958 -27.8181 95
      vertex 21.9232 -24.9987 95
      vertex 23.5113 -23.5113 95
    endloop
  endfacet
  facet normal 0 0 -1
    outer loop
      vertex 20.2413 -26.379 95
      vertex 22.5242 -29.3541 95
      vertex 20.5561 -30.7644 95
    endloop
  endfacet
  facet normal 0 0 -1
    outer loop
      vertex 22.5242 -29.3541 95
      vertex 20.2413 -26.379 95
      vertex 21.9232 -24.9987 95
    endloop
  endfacet
  facet normal 0 0 -1
    outer loop
      vertex 18.4727 -27.6464 95
      vertex 20.5561 -30.7644 95
      vertex 18.5 -32.0429 95
    endloop
  endfacet
  facet normal 0 0 -1
    outer loop
      vertex 20.5561 -30.7644 95
      vertex 18.4727 -27.6464 95
      vertex 20.2413 -26.379 95
    endloop
  endfacet
  facet normal 0 0 -1
    outer loop
      vertex 18.5 -32.0429 95
      vertex 16.625 -28.7953 95
      vertex 18.4727 -27.6464 95
    endloop
  endfacet
  facet normal 0 0 -1
    outer loop
      vertex 16.3647 -33.1843 95
      vertex 16.625 -28.7953 95
      vertex 18.5 -32.0429 95
    endloop
  endfacet
  facet normal 0 0 -1
    outer loop
      vertex 16.3647 -33.1843 95
      vertex 14.7061 -29.821 95
      vertex 16.625 -28.7953 95
    endloop
  endfacet
  facet normal 0 0 -1
    outer loop
      vertex 14.1593 -34.1835 95
      vertex 14.7061 -29.821 95
      vertex 16.3647 -33.1843 95
    endloop
  endfacet
  facet normal 0 0 -1
    outer loop
      vertex 14.1593 -34.1835 95
      vertex 12.7242 -30.719 95
      vertex 14.7061 -29.821 95
    endloop
  endfacet
  facet normal 0 0 -1
    outer loop
      vertex 11.8933 -35.0364 95
      vertex 12.7242 -30.719 95
      vertex 14.1593 -34.1835 95
    endloop
  endfacet
  facet normal 0 0 -1
    outer loop
      vertex 11.8933 -35.0364 95
      vertex 10.6879 -31.4854 95
      vertex 12.7242 -30.719 95
    endloop
  endfacet
  facet normal 0 0 -1
    outer loop
      vertex 9.5763 -35.7393 95
      vertex 10.6879 -31.4854 95
      vertex 11.8933 -35.0364 95
    endloop
  endfacet
  facet normal 0 0 -1
    outer loop
      vertex 9.5763 -35.7393 95
      vertex 8.60573 -32.117 95
      vertex 10.6879 -31.4854 95
    endloop
  endfacet
  facet normal 0 0 -1
    outer loop
      vertex 7.21834 -36.2891 95
      vertex 8.60573 -32.117 95
      vertex 9.5763 -35.7393 95
    endloop
  endfacet
  facet normal 0 0 -1
    outer loop
      vertex 7.21834 -36.2891 95
      vertex 6.48675 -32.6111 95
      vertex 8.60573 -32.117 95
    endloop
  endfacet
  facet normal 0 0 -1
    outer loop
      vertex 4.82947 -36.6835 95
      vertex 6.48675 -32.6111 95
      vertex 7.21834 -36.2891 95
    endloop
  endfacet
  facet normal 0 0 -1
    outer loop
      vertex 4.82947 -36.6835 95
      vertex 4.34 -32.9655 95
      vertex 6.48675 -32.6111 95
    endloop
  endfacet
  facet normal 0 0 -1
    outer loop
      vertex 2.41992 -36.9208 95
      vertex 4.34 -32.9655 95
      vertex 4.82947 -36.6835 95
    endloop
  endfacet
  facet normal 0 0 -1
    outer loop
      vertex 2.41992 -36.9208 95
      vertex 2.17465 -33.1788 95
      vertex 4.34 -32.9655 95
    endloop
  endfacet
  facet normal 0 0 -1
    outer loop
      vertex 0 -37 95
      vertex 2.17465 -33.1788 95
      vertex 2.41992 -36.9208 95
    endloop
  endfacet
  facet normal 0 0 -1
    outer loop
      vertex 0 -37 95
      vertex 0 -33.25 95
      vertex 2.17465 -33.1788 95
    endloop
  endfacet
  facet normal 0 0 -1
    outer loop
      vertex 0 -37 95
      vertex -2.17465 -33.1788 95
      vertex 0 -33.25 95
    endloop
  endfacet
  facet normal 0 0 -1
    outer loop
      vertex -2.41992 -36.9208 95
      vertex -2.17465 -33.1788 95
      vertex 0 -37 95
    endloop
  endfacet
  facet normal 0 0 -1
    outer loop
      vertex -2.41992 -36.9208 95
      vertex -4.34 -32.9655 95
      vertex -2.17465 -33.1788 95
    endloop
  endfacet
  facet normal 0 0 -1
    outer loop
      vertex -4.82947 -36.6835 95
      vertex -4.34 -32.9655 95
      vertex -2.41992 -36.9208 95
    endloop
  endfacet
  facet normal 0 0 -1
    outer loop
      vertex -4.82947 -36.6835 95
      vertex -6.48675 -32.6111 95
      vertex -4.34 -32.9655 95
    endloop
  endfacet
  facet normal 0 0 -1
    outer loop
      vertex -7.21834 -36.2891 95
      vertex -6.48675 -32.6111 95
      vertex -4.82947 -36.6835 95
    endloop
  endfacet
  facet normal 0 0 -1
    outer loop
      vertex -7.21834 -36.2891 95
      vertex -8.60573 -32.117 95
      vertex -6.48675 -32.6111 95
    endloop
  endfacet
  facet normal 0 0 -1
    outer loop
      vertex -9.5763 -35.7393 95
      vertex -8.60573 -32.117 95
      vertex -7.21834 -36.2891 95
    endloop
  endfacet
  facet normal 0 0 -1
    outer loop
      vertex -9.5763 -35.7393 95
      vertex -10.6879 -31.4854 95
      vertex -8.60573 -32.117 95
    endloop
  endfacet
  facet normal 0 0 -1
    outer loop
      vertex -11.8933 -35.0364 95
      vertex -10.6879 -31.4854 95
      vertex -9.5763 -35.7393 95
    endloop
  endfacet
  facet normal 0 0 -1
    outer loop
      vertex -11.8933 -35.0364 95
      vertex -12.7242 -30.719 95
      vertex -10.6879 -31.4854 95
    endloop
  endfacet
  facet normal 0 0 -1
    outer loop
      vertex -14.1593 -34.1835 95
      vertex -12.7242 -30.719 95
      vertex -11.8933 -35.0364 95
    endloop
  endfacet
  facet normal 0 0 -1
    outer loop
      vertex -14.1593 -34.1835 95
      vertex -14.7061 -29.821 95
      vertex -12.7242 -30.719 95
    endloop
  endfacet
  facet normal 0 0 -1
    outer loop
      vertex -16.3647 -33.1843 95
      vertex -14.7061 -29.821 95
      vertex -14.1593 -34.1835 95
    endloop
  endfacet
  facet normal -0 0 -1
    outer loop
      vertex -14.7061 -29.821 95
      vertex -16.3647 -33.1843 95
      vertex -16.035 -29.1107 95
    endloop
  endfacet
  facet normal 0 0 -1
    outer loop
      vertex 54.8683 -12.2667 95
      vertex 36.9943 0.172747 95
      vertex 56.1735 -2.35224 95
    endloop
  endfacet
  facet normal 0 0 -1
    outer loop
      vertex 33.2281 0.66858 95
      vertex 36.9208 2.41992 95
      vertex 36.9943 0.172747 95
    endloop
  endfacet
  facet normal -0 0 -1
    outer loop
      vertex 36.9208 2.41992 95
      vertex 33.1788 2.17465 95
      vertex 36.6835 4.82947 95
    endloop
  endfacet
  facet normal -0 0 -1
    outer loop
      vertex 36.6835 4.82947 95
      vertex 32.9655 4.34 95
      vertex 36.2891 7.21834 95
    endloop
  endfacet
  facet normal 0 0 -1
    outer loop
      vertex 35.6891 -9.7417 95
      vertex 36.9943 0.172747 95
      vertex 54.8683 -12.2667 95
    endloop
  endfacet
  facet normal 0 0 -1
    outer loop
      vertex 33.2281 0.66858 95
      vertex 36.9943 0.172747 95
      vertex 35.6891 -9.7417 95
    endloop
  endfacet
  facet normal 0 0 -1
    outer loop
      vertex 31.9228 -9.24587 95
      vertex 35.6891 -9.7417 95
      vertex 35.0364 -11.8933 95
    endloop
  endfacet
  facet normal 0 0 -1
    outer loop
      vertex 36.9208 2.41992 95
      vertex 33.2281 0.66858 95
      vertex 33.1788 2.17465 95
    endloop
  endfacet
  facet normal 0 0 -1
    outer loop
      vertex 31.4854 -10.6879 95
      vertex 35.0364 -11.8933 95
      vertex 34.1835 -14.1593 95
    endloop
  endfacet
  facet normal 0 0 -1
    outer loop
      vertex 36.6835 4.82947 95
      vertex 33.1788 2.17465 95
      vertex 32.9655 4.34 95
    endloop
  endfacet
  facet normal 0 0 -1
    outer loop
      vertex 32.6111 6.48675 95
      vertex 36.2891 7.21834 95
      vertex 32.9655 4.34 95
    endloop
  endfacet
  facet normal 0 0 -1
    outer loop
      vertex 31.4854 -10.6879 95
      vertex 34.1835 -14.1593 95
      vertex 33.1843 -16.3647 95
    endloop
  endfacet
  facet normal 0 0 -1
    outer loop
      vertex 29.821 -14.7061 95
      vertex 33.1843 -16.3647 95
      vertex 32.0429 -18.5 95
    endloop
  endfacet
  facet normal 0 0 -1
    outer loop
      vertex 35.6891 -9.7417 95
      vertex 31.9228 -9.24587 95
      vertex 33.2281 0.66858 95
    endloop
  endfacet
  facet normal 0 0 -1
    outer loop
      vertex 31.9228 -9.24587 95
      vertex 31.3874 0.910912 95
      vertex 33.2281 0.66858 95
    endloop
  endfacet
  facet normal 0 -0 -1
    outer loop
      vertex 31.3874 0.910912 95
      vertex 31.9228 -9.24587 95
      vertex 30.0822 -9.00354 95
    endloop
  endfacet
  facet normal -0 0 -1
    outer loop
      vertex 36.2891 7.21834 95
      vertex 32.6111 6.48675 95
      vertex 35.7393 9.5763 95
    endloop
  endfacet
  facet normal 0 0 -1
    outer loop
      vertex 32.117 8.60573 95
      vertex 35.7393 9.5763 95
      vertex 32.6111 6.48675 95
    endloop
  endfacet
  facet normal -0 0 -1
    outer loop
      vertex 35.7393 9.5763 95
      vertex 32.117 8.60573 95
      vertex 35.0364 11.8933 95
    endloop
  endfacet
  facet normal 0 0 -1
    outer loop
      vertex 31.4854 10.6879 95
      vertex 35.0364 11.8933 95
      vertex 32.117 8.60573 95
    endloop
  endfacet
  facet normal -0 0 -1
    outer loop
      vertex 35.0364 11.8933 95
      vertex 31.4854 10.6879 95
      vertex 34.1835 14.1593 95
    endloop
  endfacet
  facet normal 0 0 -1
    outer loop
      vertex 30.719 12.7242 95
      vertex 34.1835 14.1593 95
      vertex 31.4854 10.6879 95
    endloop
  endfacet
  facet normal -0 0 -1
    outer loop
      vertex 34.1835 14.1593 95
      vertex 30.719 12.7242 95
      vertex 33.1843 16.3647 95
    endloop
  endfacet
  facet normal 0 0 -1
    outer loop
      vertex 29.821 14.7061 95
      vertex 33.1843 16.3647 95
      vertex 30.719 12.7242 95
    endloop
  endfacet
  facet normal -0 0 -1
    outer loop
      vertex 33.1843 16.3647 95
      vertex 29.821 14.7061 95
      vertex 32.0429 18.5 95
    endloop
  endfacet
  facet normal 0 0 -1
    outer loop
      vertex 28.7953 16.625 95
      vertex 32.0429 18.5 95
      vertex 29.821 14.7061 95
    endloop
  endfacet
  facet normal -0 0 -1
    outer loop
      vertex 32.0429 18.5 95
      vertex 28.7953 16.625 95
      vertex 30.7644 20.5561 95
    endloop
  endfacet
  facet normal 0 0 -1
    outer loop
      vertex 27.6464 18.4727 95
      vertex 30.7644 20.5561 95
      vertex 28.7953 16.625 95
    endloop
  endfacet
  facet normal -0 0 -1
    outer loop
      vertex 30.7644 20.5561 95
      vertex 27.6464 18.4727 95
      vertex 29.3541 22.5242 95
    endloop
  endfacet
  facet normal 0 0 -1
    outer loop
      vertex 26.379 20.2413 95
      vertex 29.3541 22.5242 95
      vertex 27.6464 18.4727 95
    endloop
  endfacet
  facet normal -0 0 -1
    outer loop
      vertex 29.3541 22.5242 95
      vertex 26.379 20.2413 95
      vertex 27.8181 24.3958 95
    endloop
  endfacet
  facet normal 0 0 -1
    outer loop
      vertex 24.9987 21.9232 95
      vertex 27.8181 24.3958 95
      vertex 26.379 20.2413 95
    endloop
  endfacet
  facet normal -0 0 -1
    outer loop
      vertex 27.8181 24.3958 95
      vertex 24.9987 21.9232 95
      vertex 26.163 26.163 95
    endloop
  endfacet
  facet normal 0 0 -1
    outer loop
      vertex 23.5113 23.5113 95
      vertex 26.163 26.163 95
      vertex 24.9987 21.9232 95
    endloop
  endfacet
  facet normal -0 0 -1
    outer loop
      vertex 26.163 26.163 95
      vertex 23.5113 23.5113 95
      vertex 24.3958 27.8181 95
    endloop
  endfacet
  facet normal 0 0 -1
    outer loop
      vertex 21.9232 24.9987 95
      vertex 24.3958 27.8181 95
      vertex 23.5113 23.5113 95
    endloop
  endfacet
  facet normal -0 0 -1
    outer loop
      vertex 24.3958 27.8181 95
      vertex 21.9232 24.9987 95
      vertex 22.5242 29.3541 95
    endloop
  endfacet
  facet normal 0 0 -1
    outer loop
      vertex 20.2413 26.379 95
      vertex 22.5242 29.3541 95
      vertex 21.9232 24.9987 95
    endloop
  endfacet
  facet normal -0 0 -1
    outer loop
      vertex 22.5242 29.3541 95
      vertex 20.2413 26.379 95
      vertex 20.5561 30.7644 95
    endloop
  endfacet
  facet normal 0 0 -1
    outer loop
      vertex 18.4727 27.6464 95
      vertex 20.5561 30.7644 95
      vertex 20.2413 26.379 95
    endloop
  endfacet
  facet normal -0 0 -1
    outer loop
      vertex 20.5561 30.7644 95
      vertex 18.4727 27.6464 95
      vertex 18.5 32.0429 95
    endloop
  endfacet
  facet normal 0 0 -1
    outer loop
      vertex 16.625 28.7953 95
      vertex 18.5 32.0429 95
      vertex 18.4727 27.6464 95
    endloop
  endfacet
  facet normal 0 0 -1
    outer loop
      vertex 16.625 28.7953 95
      vertex 16.3647 33.1843 95
      vertex 18.5 32.0429 95
    endloop
  endfacet
  facet normal 0 0 -1
    outer loop
      vertex 14.7061 29.821 95
      vertex 16.3647 33.1843 95
      vertex 16.625 28.7953 95
    endloop
  endfacet
  facet normal 0 0 -1
    outer loop
      vertex 14.7061 29.821 95
      vertex 14.1593 34.1835 95
      vertex 16.3647 33.1843 95
    endloop
  endfacet
  facet normal 0 0 -1
    outer loop
      vertex 12.7242 30.719 95
      vertex 14.1593 34.1835 95
      vertex 14.7061 29.821 95
    endloop
  endfacet
  facet normal 0 0 -1
    outer loop
      vertex 12.7242 30.719 95
      vertex 11.8933 35.0364 95
      vertex 14.1593 34.1835 95
    endloop
  endfacet
  facet normal 0 0 -1
    outer loop
      vertex 10.6879 31.4854 95
      vertex 11.8933 35.0364 95
      vertex 12.7242 30.719 95
    endloop
  endfacet
  facet normal -0 0 -1
    outer loop
      vertex 11.8933 35.0364 95
      vertex 10.6879 31.4854 95
      vertex 11 35.3074 95
    endloop
  endfacet
  facet normal 0 0 -1
    outer loop
      vertex 8.60573 32.117 95
      vertex 11 35.3074 95
      vertex 10.6879 31.4854 95
    endloop
  endfacet
  facet normal 0 0 -1
    outer loop
      vertex 6.48675 32.6111 95
      vertex 11 35.3074 95
      vertex 8.60573 32.117 95
    endloop
  endfacet
  facet normal -0 0 -1
    outer loop
      vertex 11 35.3074 95
      vertex 6.48675 32.6111 95
      vertex 3 36.8636 95
    endloop
  endfacet
  facet normal 0 0 -1
    outer loop
      vertex 3 36.8636 95
      vertex 6.48675 32.6111 95
      vertex 4.34 32.9655 95
    endloop
  endfacet
  facet normal 0 0 -1
    outer loop
      vertex 11 35.3074 95
      vertex 3 36.8636 95
      vertex 11 47 95
    endloop
  endfacet
  facet normal -0 0 -1
    outer loop
      vertex 11 47 95
      vertex 3 36.8636 95
      vertex 3 47 95
    endloop
  endfacet
  facet normal 0 0 -1
    outer loop
      vertex -18.3476 -32.1244 95
      vertex -16.035 -29.1107 95
      vertex -16.3647 -33.1843 95
    endloop
  endfacet
  facet normal 0 0 -1
    outer loop
      vertex -16.035 -29.1107 95
      vertex -22.8384 -21.5501 95
      vertex -14.9048 -27.6378 95
    endloop
  endfacet
  facet normal 0 0 -1
    outer loop
      vertex -23.9686 -23.0231 95
      vertex -16.035 -29.1107 95
      vertex -18.3476 -32.1244 95
    endloop
  endfacet
  facet normal 0 0 -1
    outer loop
      vertex -16.035 -29.1107 95
      vertex -23.9686 -23.0231 95
      vertex -22.8384 -21.5501 95
    endloop
  endfacet
  facet normal 0 0 -1
    outer loop
      vertex -26.2811 -26.0368 95
      vertex -23.9686 -23.0231 95
      vertex -18.3476 -32.1244 95
    endloop
  endfacet
  facet normal 0 0 -1
    outer loop
      vertex -27.8181 -24.3958 95
      vertex -23.9686 -23.0231 95
      vertex -26.2811 -26.0368 95
    endloop
  endfacet
  facet normal 0 0 -1
    outer loop
      vertex -30.1239 -47.4716 95
      vertex -26.2811 -26.0368 95
      vertex -18.3476 -32.1244 95
    endloop
  endfacet
  facet normal 0 0 -1
    outer loop
      vertex -26.2811 -26.0368 95
      vertex -30.1239 -47.4716 95
      vertex -38.0574 -41.384 95
    endloop
  endfacet
  facet normal 0 0 -1
    outer loop
      vertex -20.5561 30.7644 95
      vertex -18.4727 27.6464 95
      vertex -20.2413 26.379 95
    endloop
  endfacet
  facet normal 0 0 -1
    outer loop
      vertex -18.4727 27.6464 95
      vertex -20.5561 30.7644 95
      vertex -18.6468 31.9517 95
    endloop
  endfacet
  facet normal 0 0 -1
    outer loop
      vertex -22.5242 29.3541 95
      vertex -20.2413 26.379 95
      vertex -21.9232 24.9987 95
    endloop
  endfacet
  facet normal 0 0 -1
    outer loop
      vertex -20.2413 26.379 95
      vertex -22.5242 29.3541 95
      vertex -20.5561 30.7644 95
    endloop
  endfacet
  facet normal 0 0 -1
    outer loop
      vertex -24.3958 27.8181 95
      vertex -21.9232 24.9987 95
      vertex -23.5113 23.5113 95
    endloop
  endfacet
  facet normal 0 0 -1
    outer loop
      vertex -21.9232 24.9987 95
      vertex -24.3958 27.8181 95
      vertex -22.5242 29.3541 95
    endloop
  endfacet
  facet normal 0 0 -1
    outer loop
      vertex -26.163 26.163 95
      vertex -23.5113 23.5113 95
      vertex -24.9987 21.9232 95
    endloop
  endfacet
  facet normal 0 0 -1
    outer loop
      vertex -23.5113 23.5113 95
      vertex -26.163 26.163 95
      vertex -24.3958 27.8181 95
    endloop
  endfacet
  facet normal 0 0 -1
    outer loop
      vertex -27.8181 24.3958 95
      vertex -24.9987 21.9232 95
      vertex -26.379 20.2413 95
    endloop
  endfacet
  facet normal 0 0 -1
    outer loop
      vertex -29.3541 22.5242 95
      vertex -26.379 20.2413 95
      vertex -27.6464 18.4727 95
    endloop
  endfacet
  facet normal 0 0 -1
    outer loop
      vertex -24.9987 21.9232 95
      vertex -27.8181 24.3958 95
      vertex -26.163 26.163 95
    endloop
  endfacet
  facet normal 0 0 -1
    outer loop
      vertex -30.7644 20.5561 95
      vertex -27.6464 18.4727 95
      vertex -28.7953 16.625 95
    endloop
  endfacet
  facet normal 0 0 -1
    outer loop
      vertex -26.379 20.2413 95
      vertex -29.3541 22.5242 95
      vertex -27.8181 24.3958 95
    endloop
  endfacet
  facet normal 0 0 -1
    outer loop
      vertex -32.0429 18.5 95
      vertex -28.7953 16.625 95
      vertex -29.821 14.7061 95
    endloop
  endfacet
  facet normal 0 0 -1
    outer loop
      vertex -33.1843 16.3647 95
      vertex -29.821 14.7061 95
      vertex -30.719 12.7242 95
    endloop
  endfacet
  facet normal 0 0 -1
    outer loop
      vertex -27.6464 18.4727 95
      vertex -30.7644 20.5561 95
      vertex -29.3541 22.5242 95
    endloop
  endfacet
  facet normal 0 0 -1
    outer loop
      vertex -34.1835 14.1593 95
      vertex -30.719 12.7242 95
      vertex -31.4854 10.6879 95
    endloop
  endfacet
  facet normal 0 0 -1
    outer loop
      vertex -28.7953 16.625 95
      vertex -32.0429 18.5 95
      vertex -30.7644 20.5561 95
    endloop
  endfacet
  facet normal 0 0 -1
    outer loop
      vertex -35.0364 11.8933 95
      vertex -31.4854 10.6879 95
      vertex -32.117 8.60573 95
    endloop
  endfacet
  facet normal 0 0 -1
    outer loop
      vertex -35.7393 9.5763 95
      vertex -32.117 8.60573 95
      vertex -32.6111 6.48675 95
    endloop
  endfacet
  facet normal 0 0 -1
    outer loop
      vertex -36.2891 7.21834 95
      vertex -32.6111 6.48675 95
      vertex -32.9655 4.34 95
    endloop
  endfacet
  facet normal 0 0 -1
    outer loop
      vertex -36.6835 4.82947 95
      vertex -32.9655 4.34 95
      vertex -33.1788 2.17465 95
    endloop
  endfacet
  facet normal 0 0 -1
    outer loop
      vertex -29.821 14.7061 95
      vertex -33.1843 16.3647 95
      vertex -32.0429 18.5 95
    endloop
  endfacet
  facet normal 0 0 -1
    outer loop
      vertex -36.9208 2.41992 95
      vertex -33.1788 2.17465 95
      vertex -33.25 0 95
    endloop
  endfacet
  facet normal -0 0 -1
    outer loop
      vertex -32.6111 -6.48675 95
      vertex -36.2891 -7.21834 95
      vertex -32.9655 -4.34 95
    endloop
  endfacet
  facet normal 0 0 -1
    outer loop
      vertex -30.719 12.7242 95
      vertex -34.1835 14.1593 95
      vertex -33.1843 16.3647 95
    endloop
  endfacet
  facet normal 0 0 -1
    outer loop
      vertex -36.6835 -4.82947 95
      vertex -32.9655 -4.34 95
      vertex -36.2891 -7.21834 95
    endloop
  endfacet
  facet normal 0 0 -1
    outer loop
      vertex -31.4854 10.6879 95
      vertex -35.0364 11.8933 95
      vertex -34.1835 14.1593 95
    endloop
  endfacet
  facet normal -0 0 -1
    outer loop
      vertex -32.9655 -4.34 95
      vertex -36.6835 -4.82947 95
      vertex -33.1788 -2.17465 95
    endloop
  endfacet
  facet normal 0 0 -1
    outer loop
      vertex -32.117 8.60573 95
      vertex -35.7393 9.5763 95
      vertex -35.0364 11.8933 95
    endloop
  endfacet
  facet normal 0 0 -1
    outer loop
      vertex -36.9208 -2.41992 95
      vertex -33.1788 -2.17465 95
      vertex -36.6835 -4.82947 95
    endloop
  endfacet
  facet normal 0 0 -1
    outer loop
      vertex -32.6111 6.48675 95
      vertex -36.2891 7.21834 95
      vertex -35.7393 9.5763 95
    endloop
  endfacet
  facet normal -0 0 -1
    outer loop
      vertex -33.1788 -2.17465 95
      vertex -36.9208 -2.41992 95
      vertex -33.25 0 95
    endloop
  endfacet
  facet normal 0 0 -1
    outer loop
      vertex -32.9655 4.34 95
      vertex -36.6835 4.82947 95
      vertex -36.2891 7.21834 95
    endloop
  endfacet
  facet normal 0 0 -1
    outer loop
      vertex -37 0 95
      vertex -33.25 0 95
      vertex -36.9208 -2.41992 95
    endloop
  endfacet
  facet normal 0 0 -1
    outer loop
      vertex -33.1788 2.17465 95
      vertex -36.9208 2.41992 95
      vertex -36.6835 4.82947 95
    endloop
  endfacet
  facet normal 0 0 -1
    outer loop
      vertex -33.25 0 95
      vertex -37 0 95
      vertex -36.9208 2.41992 95
    endloop
  endfacet
  facet normal 0 0 -1
    outer loop
      vertex -2.17465 33.1788 95
      vertex -1.5 36.9509 95
      vertex -1.5 33.2009 95
    endloop
  endfacet
  facet normal 0 0 -1
    outer loop
      vertex -2.17465 33.1788 95
      vertex -2.41992 36.9208 95
      vertex -1.5 36.9509 95
    endloop
  endfacet
  facet normal 0 0 -1
    outer loop
      vertex -2.17465 33.1788 95
      vertex -3 36.8636 95
      vertex -2.41992 36.9208 95
    endloop
  endfacet
  facet normal 0 0 -1
    outer loop
      vertex -4.34 32.9655 95
      vertex -3 36.8636 95
      vertex -2.17465 33.1788 95
    endloop
  endfacet
  facet normal 0 0 -1
    outer loop
      vertex -6.48675 32.6111 95
      vertex -3 36.8636 95
      vertex -4.34 32.9655 95
    endloop
  endfacet
  facet normal -0 0 -1
    outer loop
      vertex -3 36.8636 95
      vertex -6.48675 32.6111 95
      vertex -11 39.622 95
    endloop
  endfacet
  facet normal 0 0 -1
    outer loop
      vertex -11 39.622 95
      vertex -6.48675 32.6111 95
      vertex -7.95427 32.2689 95
    endloop
  endfacet
  facet normal 0 0 -1
    outer loop
      vertex -3 36.8636 95
      vertex -11 39.622 95
      vertex -3 47 95
    endloop
  endfacet
  facet normal -0 0 -1
    outer loop
      vertex -3 47 95
      vertex -11 39.622 95
      vertex -11 47 95
    endloop
  endfacet
  facet normal 0 0 -1
    outer loop
      vertex -16.4826 26.7268 95
      vertex -7.95427 32.2689 95
      vertex -7.24379 30.5537 95
    endloop
  endfacet
  facet normal 0 0 -1
    outer loop
      vertex -17.1931 28.4421 95
      vertex -7.95427 32.2689 95
      vertex -16.4826 26.7268 95
    endloop
  endfacet
  facet normal 0 0 -1
    outer loop
      vertex -18.6468 31.9517 95
      vertex -7.95427 32.2689 95
      vertex -17.1931 28.4421 95
    endloop
  endfacet
  facet normal -0 0 -1
    outer loop
      vertex -7.95427 32.2689 95
      vertex -18.6468 31.9517 95
      vertex -11 39.622 95
    endloop
  endfacet
  facet normal 0 0 -1
    outer loop
      vertex -18.6468 31.9517 95
      vertex -17.1931 28.4421 95
      vertex -18.4727 27.6464 95
    endloop
  endfacet
  facet normal 0 0 -1
    outer loop
      vertex -26.0497 49.8238 95
      vertex -11 39.622 95
      vertex -18.6468 31.9517 95
    endloop
  endfacet
  facet normal 0 0 -1
    outer loop
      vertex -11 39.622 95
      vertex -26.0497 49.8238 95
      vertex -16.8109 53.6507 95
    endloop
  endfacet
  facet normal 0.729877 0.683578 0
    outer loop
      vertex 27.8181 24.3958 115
      vertex 26.163 26.163 95
      vertex 26.163 26.163 115
    endloop
  endfacet
  facet normal 0.729877 0.683578 0
    outer loop
      vertex 26.163 26.163 95
      vertex 27.8181 24.3958 115
      vertex 27.8181 24.3958 95
    endloop
  endfacet
  facet normal 0.290302 -0.956935 0
    outer loop
      vertex 9.5763 -35.7393 95
      vertex 11.8933 -35.0364 115
      vertex 9.5763 -35.7393 115
    endloop
  endfacet
  facet normal 0.290302 -0.956935 0
    outer loop
      vertex 11.8933 -35.0364 115
      vertex 9.5763 -35.7393 95
      vertex 11.8933 -35.0364 95
    endloop
  endfacet
  facet normal -0.412689 -0.910872 0
    outer loop
      vertex -16.3647 -33.1843 95
      vertex -14.1593 -34.1835 115
      vertex -16.3647 -33.1843 115
    endloop
  endfacet
  facet normal -0.412689 -0.910872 -0
    outer loop
      vertex -14.1593 -34.1835 115
      vertex -16.3647 -33.1843 95
      vertex -14.1593 -34.1835 95
    endloop
  endfacet
  facet normal 0.471415 -0.881911 0
    outer loop
      vertex 16.3647 -33.1843 95
      vertex 18.5 -32.0429 115
      vertex 16.3647 -33.1843 115
    endloop
  endfacet
  facet normal 0.471415 -0.881911 0
    outer loop
      vertex 18.5 -32.0429 115
      vertex 16.3647 -33.1843 95
      vertex 18.5 -32.0429 95
    endloop
  endfacet
  facet normal -0.812851 -0.582472 0
    outer loop
      vertex -29.3541 -22.5242 95
      vertex -30.7644 -20.5561 115
      vertex -30.7644 -20.5561 95
    endloop
  endfacet
  facet normal -0.812851 -0.582472 0
    outer loop
      vertex -30.7644 -20.5561 115
      vertex -29.3541 -22.5242 95
      vertex -29.3541 -22.5242 115
    endloop
  endfacet
  facet normal -0.0981312 0.995173 0
    outer loop
      vertex -2.41992 36.9208 95
      vertex -3 36.8636 115
      vertex -2.41992 36.9208 115
    endloop
  endfacet
  facet normal -0.0981312 0.995173 0
    outer loop
      vertex -3 36.8636 115
      vertex -2.41992 36.9208 95
      vertex -3 36.8636 95
    endloop
  endfacet
  facet normal 0.098009 -0.995186 0
    outer loop
      vertex 2.41992 -36.9208 95
      vertex 4.82947 -36.6835 115
      vertex 2.41992 -36.9208 115
    endloop
  endfacet
  facet normal 0.098009 -0.995186 0
    outer loop
      vertex 4.82947 -36.6835 115
      vertex 2.41992 -36.9208 95
      vertex 4.82947 -36.6835 95
    endloop
  endfacet
  facet normal -0.973877 0.227077 0
    outer loop
      vertex -36.2891 7.21834 95
      vertex -35.7393 9.5763 115
      vertex -35.7393 9.5763 95
    endloop
  endfacet
  facet normal -0.973877 0.227077 0
    outer loop
      vertex -35.7393 9.5763 115
      vertex -36.2891 7.21834 95
      vertex -36.2891 7.21834 115
    endloop
  endfacet
  facet normal 0.773007 0.634398 0
    outer loop
      vertex 29.3541 22.5242 115
      vertex 27.8181 24.3958 95
      vertex 27.8181 24.3958 115
    endloop
  endfacet
  facet normal 0.773007 0.634398 0
    outer loop
      vertex 27.8181 24.3958 95
      vertex 29.3541 22.5242 115
      vertex 29.3541 22.5242 95
    endloop
  endfacet
  facet normal 0.812851 0.582472 0
    outer loop
      vertex 30.7644 20.5561 115
      vertex 29.3541 22.5242 95
      vertex 29.3541 22.5242 115
    endloop
  endfacet
  facet normal 0.812851 0.582472 0
    outer loop
      vertex 29.3541 22.5242 95
      vertex 30.7644 20.5561 115
      vertex 30.7644 20.5561 95
    endloop
  endfacet
  facet normal 0.910872 0.412689 0
    outer loop
      vertex 34.1835 14.1593 115
      vertex 33.1843 16.3647 95
      vertex 33.1843 16.3647 115
    endloop
  endfacet
  facet normal 0.910872 0.412689 0
    outer loop
      vertex 33.1843 16.3647 95
      vertex 34.1835 14.1593 115
      vertex 34.1835 14.1593 95
    endloop
  endfacet
  facet normal -0.910872 -0.412689 0
    outer loop
      vertex -33.1843 -16.3647 95
      vertex -34.1835 -14.1593 115
      vertex -34.1835 -14.1593 95
    endloop
  endfacet
  facet normal -0.910872 -0.412689 0
    outer loop
      vertex -34.1835 -14.1593 115
      vertex -33.1843 -16.3647 95
      vertex -33.1843 -16.3647 115
    endloop
  endfacet
  facet normal 0.471415 0.881911 -0
    outer loop
      vertex 18.5 32.0429 95
      vertex 16.3647 33.1843 115
      vertex 18.5 32.0429 115
    endloop
  endfacet
  facet normal 0.471415 0.881911 0
    outer loop
      vertex 16.3647 33.1843 115
      vertex 18.5 32.0429 95
      vertex 16.3647 33.1843 95
    endloop
  endfacet
  facet normal 0.634398 -0.773007 0
    outer loop
      vertex 22.5242 -29.3541 95
      vertex 24.3958 -27.8181 115
      vertex 22.5242 -29.3541 115
    endloop
  endfacet
  facet normal 0.634398 -0.773007 0
    outer loop
      vertex 24.3958 -27.8181 115
      vertex 22.5242 -29.3541 95
      vertex 24.3958 -27.8181 95
    endloop
  endfacet
  facet normal -0.995186 -0.098009 0
    outer loop
      vertex -36.6835 -4.82947 95
      vertex -36.9208 -2.41992 115
      vertex -36.9208 -2.41992 95
    endloop
  endfacet
  facet normal -0.995186 -0.098009 0
    outer loop
      vertex -36.9208 -2.41992 115
      vertex -36.6835 -4.82947 95
      vertex -36.6835 -4.82947 115
    endloop
  endfacet
  facet normal -0.0327108 -0.999465 0
    outer loop
      vertex -2.41992 -36.9208 95
      vertex 0 -37 115
      vertex -2.41992 -36.9208 115
    endloop
  endfacet
  facet normal -0.0327108 -0.999465 -0
    outer loop
      vertex 0 -37 115
      vertex -2.41992 -36.9208 95
      vertex 0 -37 95
    endloop
  endfacet
  facet normal -0.683578 0.729877 0
    outer loop
      vertex -24.3958 27.8181 95
      vertex -26.163 26.163 115
      vertex -24.3958 27.8181 115
    endloop
  endfacet
  facet normal -0.683578 0.729877 0
    outer loop
      vertex -26.163 26.163 115
      vertex -24.3958 27.8181 95
      vertex -26.163 26.163 95
    endloop
  endfacet
  facet normal -0.0327027 0.999465 0
    outer loop
      vertex -1.5 36.9509 95
      vertex -2.41992 36.9208 115
      vertex -1.5 36.9509 115
    endloop
  endfacet
  facet normal -0.0327027 0.999465 0
    outer loop
      vertex -2.41992 36.9208 115
      vertex -1.5 36.9509 95
      vertex -2.41992 36.9208 95
    endloop
  endfacet
  facet normal -0.986644 0.162894 0
    outer loop
      vertex -36.6835 4.82947 95
      vertex -36.2891 7.21834 115
      vertex -36.2891 7.21834 95
    endloop
  endfacet
  facet normal -0.986644 0.162894 0
    outer loop
      vertex -36.2891 7.21834 115
      vertex -36.6835 4.82947 95
      vertex -36.6835 4.82947 115
    endloop
  endfacet
  facet normal -0.956935 -0.290302 0
    outer loop
      vertex -35.0364 -11.8933 95
      vertex -35.7393 -9.5763 115
      vertex -35.7393 -9.5763 95
    endloop
  endfacet
  facet normal -0.956935 -0.290302 0
    outer loop
      vertex -35.7393 -9.5763 115
      vertex -35.0364 -11.8933 95
      vertex -35.0364 -11.8933 115
    endloop
  endfacet
  facet normal -0.881911 0.471415 0
    outer loop
      vertex -33.1843 16.3647 95
      vertex -32.0429 18.5 115
      vertex -32.0429 18.5 95
    endloop
  endfacet
  facet normal -0.881911 0.471415 0
    outer loop
      vertex -32.0429 18.5 115
      vertex -33.1843 16.3647 95
      vertex -33.1843 16.3647 115
    endloop
  endfacet
  facet normal -0.995186 0.098009 0
    outer loop
      vertex -36.9208 2.41992 95
      vertex -36.6835 4.82947 115
      vertex -36.6835 4.82947 95
    endloop
  endfacet
  facet normal -0.995186 0.098009 0
    outer loop
      vertex -36.6835 4.82947 115
      vertex -36.9208 2.41992 95
      vertex -36.9208 2.41992 115
    endloop
  endfacet
  facet normal -0.729877 0.683578 0
    outer loop
      vertex -27.8181 24.3958 95
      vertex -26.163 26.163 115
      vertex -26.163 26.163 95
    endloop
  endfacet
  facet normal -0.729877 0.683578 0
    outer loop
      vertex -26.163 26.163 115
      vertex -27.8181 24.3958 95
      vertex -27.8181 24.3958 115
    endloop
  endfacet
  facet normal 0.683578 -0.729877 0
    outer loop
      vertex 24.3958 -27.8181 95
      vertex 26.163 -26.163 115
      vertex 24.3958 -27.8181 115
    endloop
  endfacet
  facet normal 0.683578 -0.729877 0
    outer loop
      vertex 26.163 -26.163 115
      vertex 24.3958 -27.8181 95
      vertex 26.163 -26.163 95
    endloop
  endfacet
  facet normal -0.162894 -0.986644 0
    outer loop
      vertex -7.21834 -36.2891 95
      vertex -4.82947 -36.6835 115
      vertex -7.21834 -36.2891 115
    endloop
  endfacet
  facet normal -0.162894 -0.986644 -0
    outer loop
      vertex -4.82947 -36.6835 115
      vertex -7.21834 -36.2891 95
      vertex -4.82947 -36.6835 95
    endloop
  endfacet
  facet normal -0.729856 -0.683601 0
    outer loop
      vertex -26.2811 -26.0368 95
      vertex -27.8181 -24.3958 115
      vertex -27.8181 -24.3958 95
    endloop
  endfacet
  facet normal -0.729856 -0.683601 0
    outer loop
      vertex -27.8181 -24.3958 115
      vertex -26.2811 -26.0368 95
      vertex -26.2811 -26.0368 115
    endloop
  endfacet
  facet normal 0.582472 -0.812851 0
    outer loop
      vertex 20.5561 -30.7644 95
      vertex 22.5242 -29.3541 115
      vertex 20.5561 -30.7644 115
    endloop
  endfacet
  facet normal 0.582472 -0.812851 0
    outer loop
      vertex 22.5242 -29.3541 115
      vertex 20.5561 -30.7644 95
      vertex 22.5242 -29.3541 95
    endloop
  endfacet
  facet normal -0.849214 0.528048 0
    outer loop
      vertex -32.0429 18.5 95
      vertex -30.7644 20.5561 115
      vertex -30.7644 20.5561 95
    endloop
  endfacet
  facet normal -0.849214 0.528048 0
    outer loop
      vertex -30.7644 20.5561 115
      vertex -32.0429 18.5 95
      vertex -32.0429 18.5 115
    endloop
  endfacet
  facet normal -0.773007 0.634398 0
    outer loop
      vertex -29.3541 22.5242 95
      vertex -27.8181 24.3958 115
      vertex -27.8181 24.3958 95
    endloop
  endfacet
  facet normal -0.773007 0.634398 0
    outer loop
      vertex -27.8181 24.3958 115
      vertex -29.3541 22.5242 95
      vertex -29.3541 22.5242 115
    endloop
  endfacet
  facet normal 0.0327027 0.999465 -0
    outer loop
      vertex 2.41992 36.9208 95
      vertex 1.5 36.9509 115
      vertex 2.41992 36.9208 115
    endloop
  endfacet
  facet normal 0.0327027 0.999465 0
    outer loop
      vertex 1.5 36.9509 115
      vertex 2.41992 36.9208 95
      vertex 1.5 36.9509 95
    endloop
  endfacet
  facet normal -0.910872 0.412689 0
    outer loop
      vertex -34.1835 14.1593 95
      vertex -33.1843 16.3647 115
      vertex -33.1843 16.3647 95
    endloop
  endfacet
  facet normal -0.910872 0.412689 0
    outer loop
      vertex -33.1843 16.3647 115
      vertex -34.1835 14.1593 95
      vertex -34.1835 14.1593 115
    endloop
  endfacet
  facet normal 0.910872 -0.412689 0
    outer loop
      vertex 33.1843 -16.3647 115
      vertex 34.1835 -14.1593 95
      vertex 34.1835 -14.1593 115
    endloop
  endfacet
  facet normal 0.910872 -0.412689 0
    outer loop
      vertex 34.1835 -14.1593 95
      vertex 33.1843 -16.3647 115
      vertex 33.1843 -16.3647 95
    endloop
  endfacet
  facet normal -0.098009 -0.995186 0
    outer loop
      vertex -4.82947 -36.6835 95
      vertex -2.41992 -36.9208 115
      vertex -4.82947 -36.6835 115
    endloop
  endfacet
  facet normal -0.098009 -0.995186 -0
    outer loop
      vertex -2.41992 -36.9208 115
      vertex -4.82947 -36.6835 95
      vertex -2.41992 -36.9208 95
    endloop
  endfacet
  facet normal -0.999465 0.0327108 0
    outer loop
      vertex -37 0 95
      vertex -36.9208 2.41992 115
      vertex -36.9208 2.41992 95
    endloop
  endfacet
  facet normal -0.999465 0.0327108 0
    outer loop
      vertex -36.9208 2.41992 115
      vertex -37 0 95
      vertex -37 0 115
    endloop
  endfacet
  facet normal 0.290305 0.956934 -0
    outer loop
      vertex 11.8933 35.0364 95
      vertex 11 35.3074 115
      vertex 11.8933 35.0364 115
    endloop
  endfacet
  facet normal 0.290305 0.956934 0
    outer loop
      vertex 11 35.3074 115
      vertex 11.8933 35.0364 95
      vertex 11 35.3074 95
    endloop
  endfacet
  facet normal 0.881911 -0.471415 0
    outer loop
      vertex 32.0429 -18.5 115
      vertex 33.1843 -16.3647 95
      vertex 33.1843 -16.3647 115
    endloop
  endfacet
  facet normal 0.881911 -0.471415 0
    outer loop
      vertex 33.1843 -16.3647 95
      vertex 32.0429 -18.5 115
      vertex 32.0429 -18.5 95
    endloop
  endfacet
  facet normal -0.471403 -0.881918 0
    outer loop
      vertex -18.3476 -32.1244 95
      vertex -16.3647 -33.1843 115
      vertex -18.3476 -32.1244 115
    endloop
  endfacet
  facet normal -0.471403 -0.881918 -0
    outer loop
      vertex -16.3647 -33.1843 115
      vertex -18.3476 -32.1244 95
      vertex -16.3647 -33.1843 95
    endloop
  endfacet
  facet normal -0.77301 0.634393 0
    outer loop
      vertex 24.9987 -21.9232 95
      vertex 26.379 -20.2413 115
      vertex 26.379 -20.2413 95
    endloop
  endfacet
  facet normal -0.77301 0.634393 0
    outer loop
      vertex 26.379 -20.2413 115
      vertex 24.9987 -21.9232 95
      vertex 24.9987 -21.9232 115
    endloop
  endfacet
  facet normal 0.995183 -0.0980315 0
    outer loop
      vertex -33.1788 2.17465 115
      vertex -32.9655 4.34 95
      vertex -32.9655 4.34 115
    endloop
  endfacet
  facet normal 0.995183 -0.0980315 0
    outer loop
      vertex -32.9655 4.34 95
      vertex -33.1788 2.17465 115
      vertex -33.1788 2.17465 95
    endloop
  endfacet
  facet normal 0.352246 0.935907 -0
    outer loop
      vertex -10.6879 -31.4854 95
      vertex -12.7242 -30.719 115
      vertex -10.6879 -31.4854 115
    endloop
  endfacet
  facet normal 0.352246 0.935907 0
    outer loop
      vertex -12.7242 -30.719 115
      vertex -10.6879 -31.4854 95
      vertex -12.7242 -30.719 95
    endloop
  endfacet
  facet normal -0.634393 -0.77301 0
    outer loop
      vertex 20.2413 26.379 95
      vertex 21.9232 24.9987 115
      vertex 20.2413 26.379 115
    endloop
  endfacet
  facet normal -0.634393 -0.77301 -0
    outer loop
      vertex 21.9232 24.9987 115
      vertex 20.2413 26.379 95
      vertex 21.9232 24.9987 95
    endloop
  endfacet
  facet normal 0.910862 -0.412712 0
    outer loop
      vertex -30.719 12.7242 115
      vertex -29.821 14.7061 95
      vertex -29.821 14.7061 115
    endloop
  endfacet
  facet normal 0.910862 -0.412712 0
    outer loop
      vertex -29.821 14.7061 95
      vertex -30.719 12.7242 115
      vertex -30.719 12.7242 95
    endloop
  endfacet
  facet normal -0.812838 -0.58249 0
    outer loop
      vertex 27.6464 18.4727 95
      vertex 26.379 20.2413 115
      vertex 26.379 20.2413 95
    endloop
  endfacet
  facet normal -0.812838 -0.58249 0
    outer loop
      vertex 26.379 20.2413 115
      vertex 27.6464 18.4727 95
      vertex 27.6464 18.4727 115
    endloop
  endfacet
  facet normal 0.0327234 0.999464 -0
    outer loop
      vertex 0 -33.25 95
      vertex -2.17465 -33.1788 115
      vertex 0 -33.25 115
    endloop
  endfacet
  facet normal 0.0327234 0.999464 0
    outer loop
      vertex -2.17465 -33.1788 115
      vertex 0 -33.25 95
      vertex -2.17465 -33.1788 95
    endloop
  endfacet
  facet normal 0.0980315 0.995183 -0
    outer loop
      vertex -2.17465 -33.1788 95
      vertex -4.34 -32.9655 115
      vertex -2.17465 -33.1788 115
    endloop
  endfacet
  facet normal 0.0980315 0.995183 0
    outer loop
      vertex -4.34 -32.9655 115
      vertex -2.17465 -33.1788 95
      vertex -4.34 -32.9655 95
    endloop
  endfacet
  facet normal 0.849217 -0.528043 0
    outer loop
      vertex -28.7953 16.625 115
      vertex -27.6464 18.4727 95
      vertex -27.6464 18.4727 115
    endloop
  endfacet
  facet normal 0.849217 -0.528043 0
    outer loop
      vertex -27.6464 18.4727 95
      vertex -28.7953 16.625 115
      vertex -28.7953 16.625 95
    endloop
  endfacet
  facet normal 0.162882 0.986646 -0
    outer loop
      vertex -4.34 -32.9655 95
      vertex -6.48675 -32.6111 115
      vertex -4.34 -32.9655 115
    endloop
  endfacet
  facet normal 0.162882 0.986646 0
    outer loop
      vertex -6.48675 -32.6111 115
      vertex -4.34 -32.9655 95
      vertex -6.48675 -32.6111 95
    endloop
  endfacet
  facet normal 0.973875 -0.227086 0
    outer loop
      vertex -32.6111 6.48675 115
      vertex -32.117 8.60573 95
      vertex -32.117 8.60573 115
    endloop
  endfacet
  facet normal 0.973875 -0.227086 0
    outer loop
      vertex -32.117 8.60573 95
      vertex -32.6111 6.48675 115
      vertex -32.6111 6.48675 95
    endloop
  endfacet
  facet normal -0.412712 -0.910862 0
    outer loop
      vertex 12.7242 30.719 95
      vertex 14.7061 29.821 115
      vertex 12.7242 30.719 115
    endloop
  endfacet
  facet normal -0.412712 -0.910862 -0
    outer loop
      vertex 14.7061 29.821 115
      vertex 12.7242 30.719 95
      vertex 14.7061 29.821 95
    endloop
  endfacet
  facet normal -0.0327234 0.999464 0
    outer loop
      vertex 2.17465 -33.1788 95
      vertex 0 -33.25 115
      vertex 2.17465 -33.1788 115
    endloop
  endfacet
  facet normal -0.0327234 0.999464 0
    outer loop
      vertex 0 -33.25 115
      vertex 2.17465 -33.1788 95
      vertex 0 -33.25 95
    endloop
  endfacet
  facet normal -0.58249 -0.812838 0
    outer loop
      vertex 18.4727 27.6464 95
      vertex 20.2413 26.379 115
      vertex 18.4727 27.6464 115
    endloop
  endfacet
  facet normal -0.58249 -0.812838 -0
    outer loop
      vertex 20.2413 26.379 115
      vertex 18.4727 27.6464 95
      vertex 20.2413 26.379 95
    endloop
  endfacet
  facet normal 0.227086 0.973875 -0
    outer loop
      vertex -6.48675 -32.6111 95
      vertex -8.60573 -32.117 115
      vertex -6.48675 -32.6111 115
    endloop
  endfacet
  facet normal 0.227086 0.973875 0
    outer loop
      vertex -8.60573 -32.117 115
      vertex -6.48675 -32.6111 95
      vertex -8.60573 -32.117 95
    endloop
  endfacet
  facet normal 0.77301 0.634393 0
    outer loop
      vertex -24.9987 -21.9232 115
      vertex -26.379 -20.2413 95
      vertex -26.379 -20.2413 115
    endloop
  endfacet
  facet normal 0.77301 0.634393 0
    outer loop
      vertex -26.379 -20.2413 95
      vertex -24.9987 -21.9232 115
      vertex -24.9987 -21.9232 95
    endloop
  endfacet
  facet normal -0.973875 -0.227086 0
    outer loop
      vertex 32.6111 6.48675 95
      vertex 32.117 8.60573 115
      vertex 32.117 8.60573 95
    endloop
  endfacet
  facet normal -0.973875 -0.227086 0
    outer loop
      vertex 32.117 8.60573 115
      vertex 32.6111 6.48675 95
      vertex 32.6111 6.48675 115
    endloop
  endfacet
  facet normal -0.935907 0.352246 0
    outer loop
      vertex 30.719 -12.7242 95
      vertex 31.4854 -10.6879 115
      vertex 31.4854 -10.6879 95
    endloop
  endfacet
  facet normal -0.935907 0.352246 0
    outer loop
      vertex 31.4854 -10.6879 115
      vertex 30.719 -12.7242 95
      vertex 30.719 -12.7242 115
    endloop
  endfacet
  facet normal -0.528043 0.849217 0
    outer loop
      vertex 18.4727 -27.6464 95
      vertex 16.625 -28.7953 115
      vertex 18.4727 -27.6464 115
    endloop
  endfacet
  facet normal -0.528043 0.849217 0
    outer loop
      vertex 16.625 -28.7953 115
      vertex 18.4727 -27.6464 95
      vertex 16.625 -28.7953 95
    endloop
  endfacet
  facet normal 0.22709 -0.973874 0
    outer loop
      vertex -7.95427 32.2689 95
      vertex -6.48675 32.6111 115
      vertex -7.95427 32.2689 115
    endloop
  endfacet
  facet normal 0.22709 -0.973874 0
    outer loop
      vertex -6.48675 32.6111 115
      vertex -7.95427 32.2689 95
      vertex -6.48675 32.6111 95
    endloop
  endfacet
  facet normal 0.412712 0.910862 -0
    outer loop
      vertex -12.7242 -30.719 95
      vertex -14.7061 -29.821 115
      vertex -12.7242 -30.719 115
    endloop
  endfacet
  facet normal 0.412712 0.910862 0
    outer loop
      vertex -14.7061 -29.821 115
      vertex -12.7242 -30.719 95
      vertex -14.7061 -29.821 95
    endloop
  endfacet
  facet normal -0.683588 -0.729868 0
    outer loop
      vertex 21.9232 24.9987 95
      vertex 23.5113 23.5113 115
      vertex 21.9232 24.9987 115
    endloop
  endfacet
  facet normal -0.683588 -0.729868 -0
    outer loop
      vertex 23.5113 23.5113 115
      vertex 21.9232 24.9987 95
      vertex 23.5113 23.5113 95
    endloop
  endfacet
  facet normal 0.973875 0.227086 0
    outer loop
      vertex -32.117 -8.60573 115
      vertex -32.6111 -6.48675 95
      vertex -32.6111 -6.48675 115
    endloop
  endfacet
  facet normal 0.973875 0.227086 0
    outer loop
      vertex -32.6111 -6.48675 95
      vertex -32.117 -8.60573 115
      vertex -32.117 -8.60573 95
    endloop
  endfacet
  facet normal -0.910862 0.412712 0
    outer loop
      vertex 29.821 -14.7061 95
      vertex 30.719 -12.7242 115
      vertex 30.719 -12.7242 95
    endloop
  endfacet
  facet normal -0.910862 0.412712 0
    outer loop
      vertex 30.719 -12.7242 115
      vertex 29.821 -14.7061 95
      vertex 29.821 -14.7061 115
    endloop
  endfacet
  facet normal 0.58249 -0.812838 0
    outer loop
      vertex -20.2413 26.379 95
      vertex -18.4727 27.6464 115
      vertex -20.2413 26.379 115
    endloop
  endfacet
  facet normal 0.58249 -0.812838 0
    outer loop
      vertex -18.4727 27.6464 115
      vertex -20.2413 26.379 95
      vertex -18.4727 27.6464 95
    endloop
  endfacet
  facet normal -0.812838 0.58249 0
    outer loop
      vertex 26.379 -20.2413 95
      vertex 27.6464 -18.4727 115
      vertex 27.6464 -18.4727 95
    endloop
  endfacet
  facet normal -0.812838 0.58249 0
    outer loop
      vertex 27.6464 -18.4727 115
      vertex 26.379 -20.2413 95
      vertex 26.379 -20.2413 115
    endloop
  endfacet
  facet normal -0.956947 0.290263 0
    outer loop
      vertex 31.4854 -10.6879 95
      vertex 31.9228 -9.24587 115
      vertex 31.9228 -9.24587 95
    endloop
  endfacet
  facet normal -0.956947 0.290263 0
    outer loop
      vertex 31.9228 -9.24587 115
      vertex 31.4854 -10.6879 95
      vertex 31.4854 -10.6879 115
    endloop
  endfacet
  facet normal 0.849217 0.528043 0
    outer loop
      vertex -27.6464 -18.4727 115
      vertex -28.7953 -16.625 95
      vertex -28.7953 -16.625 115
    endloop
  endfacet
  facet normal 0.849217 0.528043 0
    outer loop
      vertex -28.7953 -16.625 95
      vertex -27.6464 -18.4727 115
      vertex -27.6464 -18.4727 95
    endloop
  endfacet
  facet normal -0.999465 -0.0327167 0
    outer loop
      vertex 33.2281 0.66858 95
      vertex 33.1788 2.17465 115
      vertex 33.1788 2.17465 95
    endloop
  endfacet
  facet normal -0.999465 -0.0327167 0
    outer loop
      vertex 33.1788 2.17465 115
      vertex 33.2281 0.66858 95
      vertex 33.2281 0.66858 115
    endloop
  endfacet
  facet normal 0.935907 -0.352246 0
    outer loop
      vertex -31.4854 10.6879 115
      vertex -30.719 12.7242 95
      vertex -30.719 12.7242 115
    endloop
  endfacet
  facet normal 0.935907 -0.352246 0
    outer loop
      vertex -30.719 12.7242 95
      vertex -31.4854 10.6879 115
      vertex -31.4854 10.6879 95
    endloop
  endfacet
  facet normal 0.956943 -0.290277 0
    outer loop
      vertex -32.117 8.60573 115
      vertex -31.4854 10.6879 95
      vertex -31.4854 10.6879 115
    endloop
  endfacet
  facet normal 0.956943 -0.290277 0
    outer loop
      vertex -31.4854 10.6879 95
      vertex -32.117 8.60573 115
      vertex -32.117 8.60573 95
    endloop
  endfacet
  facet normal 0.729887 0.683568 0
    outer loop
      vertex -23.9686 -23.0231 115
      vertex -24.9987 -21.9232 95
      vertex -24.9987 -21.9232 115
    endloop
  endfacet
  facet normal 0.729887 0.683568 0
    outer loop
      vertex -24.9987 -21.9232 95
      vertex -23.9686 -23.0231 115
      vertex -23.9686 -23.0231 95
    endloop
  endfacet
  facet normal -0.352246 0.935907 0
    outer loop
      vertex 12.7242 -30.719 95
      vertex 10.6879 -31.4854 115
      vertex 12.7242 -30.719 115
    endloop
  endfacet
  facet normal -0.352246 0.935907 0
    outer loop
      vertex 10.6879 -31.4854 115
      vertex 12.7242 -30.719 95
      vertex 10.6879 -31.4854 95
    endloop
  endfacet
  facet normal -0.935907 -0.352246 0
    outer loop
      vertex 31.4854 10.6879 95
      vertex 30.719 12.7242 115
      vertex 30.719 12.7242 95
    endloop
  endfacet
  facet normal -0.935907 -0.352246 0
    outer loop
      vertex 30.719 12.7242 115
      vertex 31.4854 10.6879 95
      vertex 31.4854 10.6879 115
    endloop
  endfacet
  facet normal -0.995183 -0.0980315 0
    outer loop
      vertex 33.1788 2.17465 95
      vertex 32.9655 4.34 115
      vertex 32.9655 4.34 95
    endloop
  endfacet
  facet normal -0.995183 -0.0980315 0
    outer loop
      vertex 32.9655 4.34 115
      vertex 33.1788 2.17465 95
      vertex 33.1788 2.17465 115
    endloop
  endfacet
  facet normal 0.0327402 -0.999464 0
    outer loop
      vertex -2.17465 33.1788 95
      vertex -1.5 33.2009 115
      vertex -2.17465 33.1788 115
    endloop
  endfacet
  facet normal 0.0327402 -0.999464 0
    outer loop
      vertex -1.5 33.2009 115
      vertex -2.17465 33.1788 95
      vertex -1.5 33.2009 95
    endloop
  endfacet
  facet normal -0.986646 -0.162882 0
    outer loop
      vertex 32.9655 4.34 95
      vertex 32.6111 6.48675 115
      vertex 32.6111 6.48675 95
    endloop
  endfacet
  facet normal -0.986646 -0.162882 0
    outer loop
      vertex 32.6111 6.48675 115
      vertex 32.9655 4.34 95
      vertex 32.9655 4.34 115
    endloop
  endfacet
  facet normal -0.849217 0.528043 0
    outer loop
      vertex 27.6464 -18.4727 95
      vertex 28.7953 -16.625 115
      vertex 28.7953 -16.625 95
    endloop
  endfacet
  facet normal -0.849217 0.528043 0
    outer loop
      vertex 28.7953 -16.625 115
      vertex 27.6464 -18.4727 95
      vertex 27.6464 -18.4727 115
    endloop
  endfacet
  facet normal -0.910862 -0.412712 0
    outer loop
      vertex 30.719 12.7242 95
      vertex 29.821 14.7061 115
      vertex 29.821 14.7061 95
    endloop
  endfacet
  facet normal -0.910862 -0.412712 0
    outer loop
      vertex 29.821 14.7061 115
      vertex 30.719 12.7242 95
      vertex 30.719 12.7242 115
    endloop
  endfacet
  facet normal 0.881916 0.471406 0
    outer loop
      vertex -28.7953 -16.625 115
      vertex -29.821 -14.7061 95
      vertex -29.821 -14.7061 115
    endloop
  endfacet
  facet normal 0.881916 0.471406 0
    outer loop
      vertex -29.821 -14.7061 95
      vertex -28.7953 -16.625 115
      vertex -28.7953 -16.625 95
    endloop
  endfacet
  facet normal 0.881916 -0.471406 0
    outer loop
      vertex -29.821 14.7061 115
      vertex -28.7953 16.625 95
      vertex -28.7953 16.625 115
    endloop
  endfacet
  facet normal 0.881916 -0.471406 0
    outer loop
      vertex -28.7953 16.625 95
      vertex -29.821 14.7061 115
      vertex -29.821 14.7061 95
    endloop
  endfacet
  facet normal 0.634393 -0.77301 0
    outer loop
      vertex -21.9232 24.9987 95
      vertex -20.2413 26.379 115
      vertex -21.9232 24.9987 115
    endloop
  endfacet
  facet normal 0.634393 -0.77301 0
    outer loop
      vertex -20.2413 26.379 115
      vertex -21.9232 24.9987 95
      vertex -20.2413 26.379 95
    endloop
  endfacet
  facet normal -0.881916 -0.471406 0
    outer loop
      vertex 29.821 14.7061 95
      vertex 28.7953 16.625 115
      vertex 28.7953 16.625 95
    endloop
  endfacet
  facet normal -0.881916 -0.471406 0
    outer loop
      vertex 28.7953 16.625 115
      vertex 29.821 14.7061 95
      vertex 29.821 14.7061 115
    endloop
  endfacet
  facet normal -0.352246 -0.935907 0
    outer loop
      vertex 10.6879 31.4854 95
      vertex 12.7242 30.719 115
      vertex 10.6879 31.4854 115
    endloop
  endfacet
  facet normal -0.352246 -0.935907 -0
    outer loop
      vertex 12.7242 30.719 115
      vertex 10.6879 31.4854 95
      vertex 12.7242 30.719 95
    endloop
  endfacet
  facet normal 0.528065 -0.849204 0
    outer loop
      vertex -18.4727 27.6464 95
      vertex -17.1931 28.4421 115
      vertex -18.4727 27.6464 115
    endloop
  endfacet
  facet normal 0.528065 -0.849204 0
    outer loop
      vertex -17.1931 28.4421 115
      vertex -18.4727 27.6464 95
      vertex -17.1931 28.4421 95
    endloop
  endfacet
  facet normal -0.471406 -0.881916 0
    outer loop
      vertex 14.7061 29.821 95
      vertex 16.625 28.7953 115
      vertex 14.7061 29.821 115
    endloop
  endfacet
  facet normal -0.471406 -0.881916 -0
    outer loop
      vertex 16.625 28.7953 115
      vertex 14.7061 29.821 95
      vertex 16.625 28.7953 95
    endloop
  endfacet
  facet normal 0.729868 -0.683588 0
    outer loop
      vertex -24.9987 21.9232 115
      vertex -23.5113 23.5113 95
      vertex -23.5113 23.5113 115
    endloop
  endfacet
  facet normal 0.729868 -0.683588 0
    outer loop
      vertex -23.5113 23.5113 95
      vertex -24.9987 21.9232 115
      vertex -24.9987 21.9232 95
    endloop
  endfacet
  facet normal 0.995183 0.0980315 0
    outer loop
      vertex -32.9655 -4.34 115
      vertex -33.1788 -2.17465 95
      vertex -33.1788 -2.17465 115
    endloop
  endfacet
  facet normal 0.995183 0.0980315 0
    outer loop
      vertex -33.1788 -2.17465 95
      vertex -32.9655 -4.34 115
      vertex -32.9655 -4.34 95
    endloop
  endfacet
  facet normal -0.528043 -0.849217 0
    outer loop
      vertex 16.625 28.7953 95
      vertex 18.4727 27.6464 115
      vertex 16.625 28.7953 115
    endloop
  endfacet
  facet normal -0.528043 -0.849217 -0
    outer loop
      vertex 18.4727 27.6464 115
      vertex 16.625 28.7953 95
      vertex 18.4727 27.6464 95
    endloop
  endfacet
  facet normal 0.935907 0.352246 0
    outer loop
      vertex -30.719 -12.7242 115
      vertex -31.4854 -10.6879 95
      vertex -31.4854 -10.6879 115
    endloop
  endfacet
  facet normal 0.935907 0.352246 0
    outer loop
      vertex -31.4854 -10.6879 95
      vertex -30.719 -12.7242 115
      vertex -30.719 -12.7242 95
    endloop
  endfacet
  facet normal -0.881916 0.471406 0
    outer loop
      vertex 28.7953 -16.625 95
      vertex 29.821 -14.7061 115
      vertex 29.821 -14.7061 95
    endloop
  endfacet
  facet normal -0.881916 0.471406 0
    outer loop
      vertex 29.821 -14.7061 115
      vertex 28.7953 -16.625 95
      vertex 28.7953 -16.625 115
    endloop
  endfacet
  facet normal -0.290277 -0.956943 0
    outer loop
      vertex 8.60573 32.117 95
      vertex 10.6879 31.4854 115
      vertex 8.60573 32.117 115
    endloop
  endfacet
  facet normal -0.290277 -0.956943 -0
    outer loop
      vertex 10.6879 31.4854 115
      vertex 8.60573 32.117 95
      vertex 10.6879 31.4854 95
    endloop
  endfacet
  facet normal 0.683588 -0.729868 0
    outer loop
      vertex -23.5113 23.5113 95
      vertex -21.9232 24.9987 115
      vertex -23.5113 23.5113 115
    endloop
  endfacet
  facet normal 0.683588 -0.729868 0
    outer loop
      vertex -21.9232 24.9987 115
      vertex -23.5113 23.5113 95
      vertex -21.9232 24.9987 95
    endloop
  endfacet
  facet normal 0.910862 0.412712 0
    outer loop
      vertex -29.821 -14.7061 115
      vertex -30.719 -12.7242 95
      vertex -30.719 -12.7242 115
    endloop
  endfacet
  facet normal 0.910862 0.412712 0
    outer loop
      vertex -30.719 -12.7242 95
      vertex -29.821 -14.7061 115
      vertex -29.821 -14.7061 95
    endloop
  endfacet
  facet normal -0.471406 0.881916 0
    outer loop
      vertex 16.625 -28.7953 95
      vertex 14.7061 -29.821 115
      vertex 16.625 -28.7953 115
    endloop
  endfacet
  facet normal -0.471406 0.881916 0
    outer loop
      vertex 14.7061 -29.821 115
      vertex 16.625 -28.7953 95
      vertex 14.7061 -29.821 95
    endloop
  endfacet
  facet normal 0.999464 -0.0327234 0
    outer loop
      vertex -33.25 0 115
      vertex -33.1788 2.17465 95
      vertex -33.1788 2.17465 115
    endloop
  endfacet
  facet normal 0.999464 -0.0327234 0
    outer loop
      vertex -33.1788 2.17465 95
      vertex -33.25 0 115
      vertex -33.25 0 95
    endloop
  endfacet
  facet normal 0.0980315 -0.995183 0
    outer loop
      vertex -4.34 32.9655 95
      vertex -2.17465 33.1788 115
      vertex -4.34 32.9655 115
    endloop
  endfacet
  facet normal 0.0980315 -0.995183 0
    outer loop
      vertex -2.17465 33.1788 115
      vertex -4.34 32.9655 95
      vertex -2.17465 33.1788 95
    endloop
  endfacet
  facet normal -0.956943 -0.290277 0
    outer loop
      vertex 32.117 8.60573 95
      vertex 31.4854 10.6879 115
      vertex 31.4854 10.6879 95
    endloop
  endfacet
  facet normal -0.956943 -0.290277 0
    outer loop
      vertex 31.4854 10.6879 115
      vertex 32.117 8.60573 95
      vertex 32.117 8.60573 115
    endloop
  endfacet
  facet normal -0.227086 0.973875 0
    outer loop
      vertex 8.60573 -32.117 95
      vertex 6.48675 -32.6111 115
      vertex 8.60573 -32.117 115
    endloop
  endfacet
  facet normal -0.227086 0.973875 0
    outer loop
      vertex 6.48675 -32.6111 115
      vertex 8.60573 -32.117 95
      vertex 6.48675 -32.6111 95
    endloop
  endfacet
  facet normal -0.77301 -0.634393 0
    outer loop
      vertex 26.379 20.2413 95
      vertex 24.9987 21.9232 115
      vertex 24.9987 21.9232 95
    endloop
  endfacet
  facet normal -0.77301 -0.634393 0
    outer loop
      vertex 24.9987 21.9232 115
      vertex 26.379 20.2413 95
      vertex 26.379 20.2413 115
    endloop
  endfacet
  facet normal 0.999464 0.0327234 0
    outer loop
      vertex -33.1788 -2.17465 115
      vertex -33.25 0 95
      vertex -33.25 0 115
    endloop
  endfacet
  facet normal 0.999464 0.0327234 0
    outer loop
      vertex -33.25 0 95
      vertex -33.1788 -2.17465 115
      vertex -33.1788 -2.17465 95
    endloop
  endfacet
  facet normal 0.812838 0.58249 0
    outer loop
      vertex -26.379 -20.2413 115
      vertex -27.6464 -18.4727 95
      vertex -27.6464 -18.4727 115
    endloop
  endfacet
  facet normal 0.812838 0.58249 0
    outer loop
      vertex -27.6464 -18.4727 95
      vertex -26.379 -20.2413 115
      vertex -26.379 -20.2413 95
    endloop
  endfacet
  facet normal 0.162882 -0.986646 0
    outer loop
      vertex -6.48675 32.6111 95
      vertex -4.34 32.9655 115
      vertex -6.48675 32.6111 115
    endloop
  endfacet
  facet normal 0.162882 -0.986646 0
    outer loop
      vertex -4.34 32.9655 115
      vertex -6.48675 32.6111 95
      vertex -4.34 32.9655 95
    endloop
  endfacet
  facet normal -0.412712 0.910862 0
    outer loop
      vertex 14.7061 -29.821 95
      vertex 12.7242 -30.719 115
      vertex 14.7061 -29.821 115
    endloop
  endfacet
  facet normal -0.412712 0.910862 0
    outer loop
      vertex 12.7242 -30.719 115
      vertex 14.7061 -29.821 95
      vertex 12.7242 -30.719 95
    endloop
  endfacet
  facet normal -0.0327402 -0.999464 0
    outer loop
      vertex 1.5 33.2009 95
      vertex 2.17465 33.1788 115
      vertex 1.5 33.2009 115
    endloop
  endfacet
  facet normal -0.0327402 -0.999464 -0
    outer loop
      vertex 2.17465 33.1788 115
      vertex 1.5 33.2009 95
      vertex 2.17465 33.1788 95
    endloop
  endfacet
  facet normal -0.162882 -0.986646 0
    outer loop
      vertex 4.34 32.9655 95
      vertex 6.48675 32.6111 115
      vertex 4.34 32.9655 115
    endloop
  endfacet
  facet normal -0.162882 -0.986646 -0
    outer loop
      vertex 6.48675 32.6111 115
      vertex 4.34 32.9655 95
      vertex 6.48675 32.6111 95
    endloop
  endfacet
  facet normal -0.849217 -0.528043 0
    outer loop
      vertex 28.7953 16.625 95
      vertex 27.6464 18.4727 115
      vertex 27.6464 18.4727 95
    endloop
  endfacet
  facet normal -0.849217 -0.528043 0
    outer loop
      vertex 27.6464 18.4727 115
      vertex 28.7953 16.625 95
      vertex 28.7953 16.625 115
    endloop
  endfacet
  facet normal -0.683588 0.729868 0
    outer loop
      vertex 23.5113 -23.5113 95
      vertex 21.9232 -24.9987 115
      vertex 23.5113 -23.5113 115
    endloop
  endfacet
  facet normal -0.683588 0.729868 0
    outer loop
      vertex 21.9232 -24.9987 115
      vertex 23.5113 -23.5113 95
      vertex 21.9232 -24.9987 95
    endloop
  endfacet
  facet normal -0.227086 -0.973875 0
    outer loop
      vertex 6.48675 32.6111 95
      vertex 8.60573 32.117 115
      vertex 6.48675 32.6111 115
    endloop
  endfacet
  facet normal -0.227086 -0.973875 -0
    outer loop
      vertex 8.60573 32.117 115
      vertex 6.48675 32.6111 95
      vertex 8.60573 32.117 95
    endloop
  endfacet
  facet normal 0.471391 0.881925 -0
    outer loop
      vertex -14.7061 -29.821 95
      vertex -16.035 -29.1107 115
      vertex -14.7061 -29.821 115
    endloop
  endfacet
  facet normal 0.471391 0.881925 0
    outer loop
      vertex -16.035 -29.1107 115
      vertex -14.7061 -29.821 95
      vertex -16.035 -29.1107 95
    endloop
  endfacet
  facet normal -0.58249 0.812838 0
    outer loop
      vertex 20.2413 -26.379 95
      vertex 18.4727 -27.6464 115
      vertex 20.2413 -26.379 115
    endloop
  endfacet
  facet normal -0.58249 0.812838 0
    outer loop
      vertex 18.4727 -27.6464 115
      vertex 20.2413 -26.379 95
      vertex 18.4727 -27.6464 95
    endloop
  endfacet
  facet normal -0.729868 -0.683588 0
    outer loop
      vertex 24.9987 21.9232 95
      vertex 23.5113 23.5113 115
      vertex 23.5113 23.5113 95
    endloop
  endfacet
  facet normal -0.729868 -0.683588 0
    outer loop
      vertex 23.5113 23.5113 115
      vertex 24.9987 21.9232 95
      vertex 24.9987 21.9232 115
    endloop
  endfacet
  facet normal -0.162882 0.986646 0
    outer loop
      vertex 6.48675 -32.6111 95
      vertex 4.34 -32.9655 115
      vertex 6.48675 -32.6111 115
    endloop
  endfacet
  facet normal -0.162882 0.986646 0
    outer loop
      vertex 4.34 -32.9655 115
      vertex 6.48675 -32.6111 95
      vertex 4.34 -32.9655 95
    endloop
  endfacet
  facet normal 0.956943 0.290277 0
    outer loop
      vertex -31.4854 -10.6879 115
      vertex -32.117 -8.60573 95
      vertex -32.117 -8.60573 115
    endloop
  endfacet
  facet normal 0.956943 0.290277 0
    outer loop
      vertex -32.117 -8.60573 95
      vertex -31.4854 -10.6879 115
      vertex -31.4854 -10.6879 95
    endloop
  endfacet
  facet normal 0.77301 -0.634393 0
    outer loop
      vertex -26.379 20.2413 115
      vertex -24.9987 21.9232 95
      vertex -24.9987 21.9232 115
    endloop
  endfacet
  facet normal 0.77301 -0.634393 0
    outer loop
      vertex -24.9987 21.9232 95
      vertex -26.379 20.2413 115
      vertex -26.379 20.2413 95
    endloop
  endfacet
  facet normal 0.986646 0.162882 0
    outer loop
      vertex -32.6111 -6.48675 115
      vertex -32.9655 -4.34 95
      vertex -32.9655 -4.34 115
    endloop
  endfacet
  facet normal 0.986646 0.162882 0
    outer loop
      vertex -32.9655 -4.34 95
      vertex -32.6111 -6.48675 115
      vertex -32.6111 -6.48675 95
    endloop
  endfacet
  facet normal -0.729868 0.683588 0
    outer loop
      vertex 23.5113 -23.5113 95
      vertex 24.9987 -21.9232 115
      vertex 24.9987 -21.9232 95
    endloop
  endfacet
  facet normal -0.729868 0.683588 0
    outer loop
      vertex 24.9987 -21.9232 115
      vertex 23.5113 -23.5113 95
      vertex 23.5113 -23.5113 115
    endloop
  endfacet
  facet normal 0.986646 -0.162882 0
    outer loop
      vertex -32.9655 4.34 115
      vertex -32.6111 6.48675 95
      vertex -32.6111 6.48675 115
    endloop
  endfacet
  facet normal 0.986646 -0.162882 0
    outer loop
      vertex -32.6111 6.48675 95
      vertex -32.9655 4.34 115
      vertex -32.9655 4.34 95
    endloop
  endfacet
  facet normal -0.0980315 0.995183 0
    outer loop
      vertex 4.34 -32.9655 95
      vertex 2.17465 -33.1788 115
      vertex 4.34 -32.9655 115
    endloop
  endfacet
  facet normal -0.0980315 0.995183 0
    outer loop
      vertex 2.17465 -33.1788 115
      vertex 4.34 -32.9655 95
      vertex 2.17465 -33.1788 95
    endloop
  endfacet
  facet normal -0.0980315 -0.995183 0
    outer loop
      vertex 2.17465 33.1788 95
      vertex 4.34 32.9655 115
      vertex 2.17465 33.1788 115
    endloop
  endfacet
  facet normal -0.0980315 -0.995183 -0
    outer loop
      vertex 4.34 32.9655 115
      vertex 2.17465 33.1788 95
      vertex 4.34 32.9655 95
    endloop
  endfacet
  facet normal 0.290277 0.956943 -0
    outer loop
      vertex -8.60573 -32.117 95
      vertex -10.6879 -31.4854 115
      vertex -8.60573 -32.117 115
    endloop
  endfacet
  facet normal 0.290277 0.956943 0
    outer loop
      vertex -10.6879 -31.4854 115
      vertex -8.60573 -32.117 95
      vertex -10.6879 -31.4854 95
    endloop
  endfacet
  facet normal -0.290277 0.956943 0
    outer loop
      vertex 10.6879 -31.4854 95
      vertex 8.60573 -32.117 115
      vertex 10.6879 -31.4854 115
    endloop
  endfacet
  facet normal -0.290277 0.956943 0
    outer loop
      vertex 8.60573 -32.117 115
      vertex 10.6879 -31.4854 95
      vertex 8.60573 -32.117 95
    endloop
  endfacet
  facet normal -0.634393 0.77301 0
    outer loop
      vertex 21.9232 -24.9987 95
      vertex 20.2413 -26.379 115
      vertex 21.9232 -24.9987 115
    endloop
  endfacet
  facet normal -0.634393 0.77301 0
    outer loop
      vertex 20.2413 -26.379 115
      vertex 21.9232 -24.9987 95
      vertex 20.2413 -26.379 95
    endloop
  endfacet
  facet normal 0.812838 -0.58249 0
    outer loop
      vertex -27.6464 18.4727 115
      vertex -26.379 20.2413 95
      vertex -26.379 20.2413 115
    endloop
  endfacet
  facet normal 0.812838 -0.58249 0
    outer loop
      vertex -26.379 20.2413 95
      vertex -27.6464 18.4727 115
      vertex -27.6464 18.4727 95
    endloop
  endfacet
  facet normal 1 -0 0
    outer loop
      vertex -3 36.8636 115
      vertex -3 47 95
      vertex -3 47 115
    endloop
  endfacet
  facet normal 1 0 0
    outer loop
      vertex -3 47 95
      vertex -3 36.8636 115
      vertex -3 36.8636 95
    endloop
  endfacet
  facet normal -1 0 0
    outer loop
      vertex -11 39.622 95
      vertex -11 47 115
      vertex -11 47 95
    endloop
  endfacet
  facet normal -1 -0 0
    outer loop
      vertex -11 47 115
      vertex -11 39.622 95
      vertex -11 39.622 115
    endloop
  endfacet
  facet normal 0 1 -0
    outer loop
      vertex -3 47 95
      vertex -11 47 115
      vertex -3 47 115
    endloop
  endfacet
  facet normal 0 1 0
    outer loop
      vertex -11 47 115
      vertex -3 47 95
      vertex -11 47 95
    endloop
  endfacet
  facet normal 1 -0 0
    outer loop
      vertex 11 35.3074 115
      vertex 11 47 95
      vertex 11 47 115
    endloop
  endfacet
  facet normal 1 0 0
    outer loop
      vertex 11 47 95
      vertex 11 35.3074 115
      vertex 11 35.3074 95
    endloop
  endfacet
  facet normal -1 0 0
    outer loop
      vertex 3 36.8636 95
      vertex 3 47 115
      vertex 3 47 95
    endloop
  endfacet
  facet normal -1 -0 0
    outer loop
      vertex 3 47 115
      vertex 3 36.8636 95
      vertex 3 36.8636 115
    endloop
  endfacet
  facet normal 0 1 -0
    outer loop
      vertex 11 47 95
      vertex 3 47 115
      vertex 11 47 115
    endloop
  endfacet
  facet normal 0 1 0
    outer loop
      vertex 3 47 115
      vertex 11 47 95
      vertex 3 47 95
    endloop
  endfacet
  facet normal -0.923879 -0.382685 0
    outer loop
      vertex -18.6468 31.9517 95
      vertex -26.0497 49.8238 115
      vertex -26.0497 49.8238 95
    endloop
  endfacet
  facet normal -0.923879 -0.382685 0
    outer loop
      vertex -26.0497 49.8238 115
      vertex -18.6468 31.9517 95
      vertex -18.6468 31.9517 115
    endloop
  endfacet
  facet normal -0.92388 -0.382683 0
    outer loop
      vertex -16.4826 26.7268 95
      vertex -17.1931 28.4421 115
      vertex -17.1931 28.4421 95
    endloop
  endfacet
  facet normal -0.92388 -0.382683 0
    outer loop
      vertex -17.1931 28.4421 115
      vertex -16.4826 26.7268 95
      vertex -16.4826 26.7268 115
    endloop
  endfacet
  facet normal -0.382689 0.923877 0
    outer loop
      vertex -16.8109 53.6507 95
      vertex -26.0497 49.8238 115
      vertex -16.8109 53.6507 115
    endloop
  endfacet
  facet normal -0.382689 0.923877 0
    outer loop
      vertex -26.0497 49.8238 115
      vertex -16.8109 53.6507 95
      vertex -26.0497 49.8238 95
    endloop
  endfacet
  facet normal 0.382689 -0.923877 0
    outer loop
      vertex -16.4826 26.7268 95
      vertex -7.24379 30.5537 115
      vertex -16.4826 26.7268 115
    endloop
  endfacet
  facet normal 0.382689 -0.923877 0
    outer loop
      vertex -7.24379 30.5537 115
      vertex -16.4826 26.7268 95
      vertex -7.24379 30.5537 95
    endloop
  endfacet
  facet normal 0.923879 0.382685 0
    outer loop
      vertex -11 39.622 115
      vertex -16.8109 53.6507 95
      vertex -16.8109 53.6507 115
    endloop
  endfacet
  facet normal 0.923879 0.382685 0
    outer loop
      vertex -16.8109 53.6507 95
      vertex -11 39.622 115
      vertex -11 39.622 95
    endloop
  endfacet
  facet normal 0.923876 0.382693 0
    outer loop
      vertex -7.24379 30.5537 115
      vertex -7.95427 32.2689 95
      vertex -7.95427 32.2689 115
    endloop
  endfacet
  facet normal 0.923876 0.382693 0
    outer loop
      vertex -7.95427 32.2689 95
      vertex -7.24379 30.5537 115
      vertex -7.24379 30.5537 95
    endloop
  endfacet
  facet normal 0.793354 -0.608761 0
    outer loop
      vertex -30.1239 -47.4716 115
      vertex -18.3476 -32.1244 95
      vertex -18.3476 -32.1244 115
    endloop
  endfacet
  facet normal 0.793354 -0.608761 0
    outer loop
      vertex -18.3476 -32.1244 95
      vertex -30.1239 -47.4716 115
      vertex -30.1239 -47.4716 95
    endloop
  endfacet
  facet normal 0.793352 -0.608763 0
    outer loop
      vertex -16.035 -29.1107 115
      vertex -14.9048 -27.6378 95
      vertex -14.9048 -27.6378 115
    endloop
  endfacet
  facet normal 0.793352 -0.608763 0
    outer loop
      vertex -14.9048 -27.6378 95
      vertex -16.035 -29.1107 115
      vertex -16.035 -29.1107 95
    endloop
  endfacet
  facet normal -0.608762 -0.793353 0
    outer loop
      vertex -38.0574 -41.384 95
      vertex -30.1239 -47.4716 115
      vertex -38.0574 -41.384 115
    endloop
  endfacet
  facet normal -0.608762 -0.793353 -0
    outer loop
      vertex -30.1239 -47.4716 115
      vertex -38.0574 -41.384 95
      vertex -30.1239 -47.4716 95
    endloop
  endfacet
  facet normal 0.608764 0.793352 -0
    outer loop
      vertex -14.9048 -27.6378 95
      vertex -22.8384 -21.5501 115
      vertex -14.9048 -27.6378 115
    endloop
  endfacet
  facet normal 0.608764 0.793352 0
    outer loop
      vertex -22.8384 -21.5501 115
      vertex -14.9048 -27.6378 95
      vertex -22.8384 -21.5501 95
    endloop
  endfacet
  facet normal -0.793354 0.608761 0
    outer loop
      vertex -38.0574 -41.384 95
      vertex -26.2811 -26.0368 115
      vertex -26.2811 -26.0368 95
    endloop
  endfacet
  facet normal -0.793354 0.608761 0
    outer loop
      vertex -26.2811 -26.0368 115
      vertex -38.0574 -41.384 95
      vertex -38.0574 -41.384 115
    endloop
  endfacet
  facet normal -0.793372 0.608737 0
    outer loop
      vertex -23.9686 -23.0231 95
      vertex -22.8384 -21.5501 115
      vertex -22.8384 -21.5501 95
    endloop
  endfacet
  facet normal -0.793372 0.608737 0
    outer loop
      vertex -22.8384 -21.5501 115
      vertex -23.9686 -23.0231 95
      vertex -23.9686 -23.0231 115
    endloop
  endfacet
  facet normal -0.130527 -0.991445 0
    outer loop
      vertex 35.6891 -9.7417 95
      vertex 54.8683 -12.2667 115
      vertex 35.6891 -9.7417 115
    endloop
  endfacet
  facet normal -0.130527 -0.991445 -0
    outer loop
      vertex 54.8683 -12.2667 115
      vertex 35.6891 -9.7417 95
      vertex 54.8683 -12.2667 95
    endloop
  endfacet
  facet normal -0.130532 -0.991444 0
    outer loop
      vertex 30.0822 -9.00354 95
      vertex 31.9228 -9.24587 115
      vertex 30.0822 -9.00354 115
    endloop
  endfacet
  facet normal -0.130532 -0.991444 -0
    outer loop
      vertex 31.9228 -9.24587 115
      vertex 30.0822 -9.00354 95
      vertex 31.9228 -9.24587 95
    endloop
  endfacet
  facet normal 0.130526 0.991445 -0
    outer loop
      vertex 56.1735 -2.35224 95
      vertex 36.9943 0.172747 115
      vertex 56.1735 -2.35224 115
    endloop
  endfacet
  facet normal 0.130526 0.991445 0
    outer loop
      vertex 36.9943 0.172747 115
      vertex 56.1735 -2.35224 95
      vertex 36.9943 0.172747 95
    endloop
  endfacet
  facet normal 0.130526 0.991445 -0
    outer loop
      vertex 33.2281 0.66858 95
      vertex 31.3874 0.910912 115
      vertex 33.2281 0.66858 115
    endloop
  endfacet
  facet normal 0.130526 0.991445 0
    outer loop
      vertex 31.3874 0.910912 115
      vertex 33.2281 0.66858 95
      vertex 31.3874 0.910912 95
    endloop
  endfacet
  facet normal 0.991446 -0.13052 0
    outer loop
      vertex 54.8683 -12.2667 115
      vertex 56.1735 -2.35224 95
      vertex 56.1735 -2.35224 115
    endloop
  endfacet
  facet normal 0.991446 -0.13052 0
    outer loop
      vertex 56.1735 -2.35224 95
      vertex 54.8683 -12.2667 115
      vertex 54.8683 -12.2667 95
    endloop
  endfacet
  facet normal -0.991446 0.13052 0
    outer loop
      vertex 30.0822 -9.00354 95
      vertex 31.3874 0.910912 115
      vertex 31.3874 0.910912 95
    endloop
  endfacet
  facet normal -0.991446 0.13052 0
    outer loop
      vertex 31.3874 0.910912 115
      vertex 30.0822 -9.00354 95
      vertex 30.0822 -9.00354 115
    endloop
  endfacet
  facet normal -0.881939 0.471364 0
    outer loop
      vertex -23.1701 48.1843 115
      vertex -23.0313 48.444 190
      vertex -23.0313 48.444 115
    endloop
  endfacet
  facet normal -0.881939 0.471364 0
    outer loop
      vertex -23.0313 48.444 190
      vertex -23.1701 48.1843 115
      vertex -23.1701 48.1843 190
    endloop
  endfacet
  facet normal 0.881798 0.471628 0
    outer loop
      vertex -15.0982 48.1843 190
      vertex -15.2371 48.444 115
      vertex -15.2371 48.444 190
    endloop
  endfacet
  facet normal 0.881798 0.471628 0
    outer loop
      vertex -15.2371 48.444 115
      vertex -15.0982 48.1843 190
      vertex -15.0982 48.1843 115
    endloop
  endfacet
  facet normal 0.910889 0.412651 0
    outer loop
      vertex -14.9767 47.9161 190
      vertex -15.0982 48.1843 115
      vertex -15.0982 48.1843 190
    endloop
  endfacet
  facet normal 0.910889 0.412651 0
    outer loop
      vertex -15.0982 48.1843 115
      vertex -14.9767 47.9161 190
      vertex -14.9767 47.9161 115
    endloop
  endfacet
  facet normal 0.956924 0.290337 0
    outer loop
      vertex -14.7875 47.3587 190
      vertex -14.873 47.6405 115
      vertex -14.873 47.6405 190
    endloop
  endfacet
  facet normal 0.956924 0.290337 0
    outer loop
      vertex -14.873 47.6405 115
      vertex -14.7875 47.3587 190
      vertex -14.7875 47.3587 115
    endloop
  endfacet
  facet normal -0.290121 0.95699 0
    outer loop
      vertex -20.2989 50.5406 115
      vertex -20.5806 50.4552 190
      vertex -20.2989 50.5406 190
    endloop
  endfacet
  facet normal -0.290121 0.95699 0
    outer loop
      vertex -20.5806 50.4552 190
      vertex -20.2989 50.5406 115
      vertex -20.5806 50.4552 115
    endloop
  endfacet
  facet normal -0.0329417 0.999457 0
    outer loop
      vertex -19.1342 50.694 115
      vertex -19.4285 50.6843 190
      vertex -19.1342 50.694 190
    endloop
  endfacet
  facet normal -0.0329417 0.999457 0
    outer loop
      vertex -19.4285 50.6843 190
      vertex -19.1342 50.694 115
      vertex -19.4285 50.6843 115
    endloop
  endfacet
  facet normal -0.471364 -0.881939 0
    outer loop
      vertex -21.3842 42.2969 115
      vertex -21.1245 42.1581 190
      vertex -21.3842 42.2969 190
    endloop
  endfacet
  facet normal -0.471364 -0.881939 -0
    outer loop
      vertex -21.1245 42.1581 190
      vertex -21.3842 42.2969 115
      vertex -21.1245 42.1581 115
    endloop
  endfacet
  facet normal -0.582362 -0.81293 0
    outer loop
      vertex -21.8736 42.6239 115
      vertex -21.6342 42.4524 190
      vertex -21.8736 42.6239 190
    endloop
  endfacet
  facet normal -0.582362 -0.81293 -0
    outer loop
      vertex -21.6342 42.4524 190
      vertex -21.8736 42.6239 115
      vertex -21.6342 42.4524 115
    endloop
  endfacet
  facet normal 0.471364 -0.881939 0
    outer loop
      vertex -17.1439 42.1581 115
      vertex -16.8842 42.2969 190
      vertex -17.1439 42.1581 190
    endloop
  endfacet
  facet normal 0.471364 -0.881939 0
    outer loop
      vertex -16.8842 42.2969 190
      vertex -17.1439 42.1581 115
      vertex -16.8842 42.2969 115
    endloop
  endfacet
  facet normal 0.772988 0.634421 0
    outer loop
      vertex -15.5641 48.9334 190
      vertex -15.7509 49.161 115
      vertex -15.7509 49.161 190
    endloop
  endfacet
  facet normal 0.772988 0.634421 0
    outer loop
      vertex -15.7509 49.161 115
      vertex -15.5641 48.9334 190
      vertex -15.5641 48.9334 115
    endloop
  endfacet
  facet normal 0.935938 0.352165 0
    outer loop
      vertex -14.873 47.6405 190
      vertex -14.9767 47.9161 115
      vertex -14.9767 47.9161 190
    endloop
  endfacet
  facet normal 0.935938 0.352165 0
    outer loop
      vertex -14.9767 47.9161 115
      vertex -14.873 47.6405 190
      vertex -14.873 47.6405 115
    endloop
  endfacet
  facet normal -0.999457 -0.0329417 0
    outer loop
      vertex -23.6245 45.8997 115
      vertex -23.6342 46.194 190
      vertex -23.6342 46.194 115
    endloop
  endfacet
  facet normal -0.999457 -0.0329417 0
    outer loop
      vertex -23.6342 46.194 190
      vertex -23.6245 45.8997 115
      vertex -23.6245 45.8997 190
    endloop
  endfacet
  facet normal 0.729823 -0.683636 0
    outer loop
      vertex -15.9522 43.012 190
      vertex -15.7509 43.2269 115
      vertex -15.7509 43.2269 190
    endloop
  endfacet
  facet normal 0.729823 -0.683636 0
    outer loop
      vertex -15.7509 43.2269 115
      vertex -15.9522 43.012 190
      vertex -15.9522 43.012 115
    endloop
  endfacet
  facet normal -0.812814 -0.582523 0
    outer loop
      vertex -22.7043 43.4546 115
      vertex -22.8758 43.6939 190
      vertex -22.8758 43.6939 115
    endloop
  endfacet
  facet normal -0.812814 -0.582523 0
    outer loop
      vertex -22.8758 43.6939 190
      vertex -22.7043 43.4546 115
      vertex -22.7043 43.4546 190
    endloop
  endfacet
  facet normal -0.729982 0.683467 0
    outer loop
      vertex -22.5175 49.161 115
      vertex -22.3162 49.376 190
      vertex -22.3162 49.376 115
    endloop
  endfacet
  facet normal -0.729982 0.683467 0
    outer loop
      vertex -22.3162 49.376 190
      vertex -22.5175 49.161 115
      vertex -22.5175 49.161 190
    endloop
  endfacet
  facet normal 0.528014 0.849236 -0
    outer loop
      vertex -16.6341 49.9356 115
      vertex -16.8842 50.0911 190
      vertex -16.6341 49.9356 190
    endloop
  endfacet
  facet normal 0.528014 0.849236 0
    outer loop
      vertex -16.8842 50.0911 190
      vertex -16.6341 49.9356 115
      vertex -16.8842 50.0911 115
    endloop
  endfacet
  facet normal -0.352165 -0.935938 0
    outer loop
      vertex -20.8562 42.0365 115
      vertex -20.5806 41.9328 190
      vertex -20.8562 42.0365 190
    endloop
  endfacet
  facet normal -0.352165 -0.935938 -0
    outer loop
      vertex -20.5806 41.9328 190
      vertex -20.8562 42.0365 115
      vertex -20.5806 41.9328 115
    endloop
  endfacet
  facet normal 0.995171 0.0981585 0
    outer loop
      vertex -14.6438 46.4883 190
      vertex -14.6727 46.7813 115
      vertex -14.6727 46.7813 190
    endloop
  endfacet
  facet normal 0.995171 0.0981585 0
    outer loop
      vertex -14.6727 46.7813 115
      vertex -14.6438 46.4883 190
      vertex -14.6438 46.4883 115
    endloop
  endfacet
  facet normal -0.910889 0.412651 0
    outer loop
      vertex -23.2916 47.9161 115
      vertex -23.1701 48.1843 190
      vertex -23.1701 48.1843 115
    endloop
  endfacet
  facet normal -0.910889 0.412651 0
    outer loop
      vertex -23.1701 48.1843 190
      vertex -23.2916 47.9161 115
      vertex -23.2916 47.9161 190
    endloop
  endfacet
  facet normal 0.729982 0.683467 0
    outer loop
      vertex -15.7509 49.161 190
      vertex -15.9522 49.376 115
      vertex -15.9522 49.376 190
    endloop
  endfacet
  facet normal 0.729982 0.683467 0
    outer loop
      vertex -15.9522 49.376 115
      vertex -15.7509 49.161 190
      vertex -15.7509 49.161 115
    endloop
  endfacet
  facet normal 0.227165 -0.973856 0
    outer loop
      vertex -18.2563 41.7804 115
      vertex -17.9695 41.8473 190
      vertex -18.2563 41.7804 190
    endloop
  endfacet
  facet normal 0.227165 -0.973856 0
    outer loop
      vertex -17.9695 41.8473 190
      vertex -18.2563 41.7804 115
      vertex -17.9695 41.8473 115
    endloop
  endfacet
  facet normal 0.290026 0.957019 -0
    outer loop
      vertex -17.6877 50.4552 115
      vertex -17.9695 50.5406 190
      vertex -17.6877 50.4552 190
    endloop
  endfacet
  facet normal 0.290026 0.957019 0
    outer loop
      vertex -17.9695 50.5406 190
      vertex -17.6877 50.4552 115
      vertex -17.9695 50.5406 115
    endloop
  endfacet
  facet normal 0.881798 -0.471628 0
    outer loop
      vertex -15.2371 43.944 190
      vertex -15.0982 44.2037 115
      vertex -15.0982 44.2037 190
    endloop
  endfacet
  facet normal 0.881798 -0.471628 0
    outer loop
      vertex -15.0982 44.2037 115
      vertex -15.2371 43.944 190
      vertex -15.2371 43.944 115
    endloop
  endfacet
  facet normal -0.412524 0.910947 0
    outer loop
      vertex -20.8562 50.3514 115
      vertex -21.1245 50.2299 190
      vertex -20.8562 50.3514 190
    endloop
  endfacet
  facet normal -0.412524 0.910947 0
    outer loop
      vertex -21.1245 50.2299 190
      vertex -20.8562 50.3514 115
      vertex -21.1245 50.2299 115
    endloop
  endfacet
  facet normal 0.227165 0.973856 -0
    outer loop
      vertex -17.9695 50.5406 115
      vertex -18.2563 50.6075 190
      vertex -17.9695 50.5406 190
    endloop
  endfacet
  facet normal 0.227165 0.973856 0
    outer loop
      vertex -18.2563 50.6075 190
      vertex -17.9695 50.5406 115
      vertex -18.2563 50.6075 115
    endloop
  endfacet
  facet normal 0.773125 -0.634254 0
    outer loop
      vertex -15.7509 43.2269 190
      vertex -15.5641 43.4546 115
      vertex -15.5641 43.4546 190
    endloop
  endfacet
  facet normal 0.773125 -0.634254 0
    outer loop
      vertex -15.5641 43.4546 115
      vertex -15.7509 43.2269 190
      vertex -15.7509 43.2269 115
    endloop
  endfacet
  facet normal -0.999457 0.0329417 0
    outer loop
      vertex -23.6342 46.194 115
      vertex -23.6245 46.4883 190
      vertex -23.6245 46.4883 115
    endloop
  endfacet
  facet normal -0.999457 0.0329417 0
    outer loop
      vertex -23.6245 46.4883 190
      vertex -23.6342 46.194 115
      vertex -23.6342 46.194 190
    endloop
  endfacet
  facet normal 0.352463 0.935826 -0
    outer loop
      vertex -17.4121 50.3514 115
      vertex -17.6877 50.4552 190
      vertex -17.4121 50.3514 190
    endloop
  endfacet
  facet normal 0.352463 0.935826 0
    outer loop
      vertex -17.6877 50.4552 190
      vertex -17.4121 50.3514 115
      vertex -17.6877 50.4552 115
    endloop
  endfacet
  facet normal 0.634421 0.772988 -0
    outer loop
      vertex -16.1671 49.5773 115
      vertex -16.3947 49.7641 190
      vertex -16.1671 49.5773 190
    endloop
  endfacet
  facet normal 0.634421 0.772988 0
    outer loop
      vertex -16.3947 49.7641 190
      vertex -16.1671 49.5773 115
      vertex -16.3947 49.7641 115
    endloop
  endfacet
  facet normal 0.683636 0.729823 -0
    outer loop
      vertex -15.9522 49.376 115
      vertex -16.1671 49.5773 190
      vertex -15.9522 49.376 190
    endloop
  endfacet
  facet normal 0.683636 0.729823 0
    outer loop
      vertex -16.1671 49.5773 190
      vertex -15.9522 49.376 115
      vertex -16.1671 49.5773 115
    endloop
  endfacet
  facet normal 0.999468 -0.0326024 0
    outer loop
      vertex -14.6438 45.8997 190
      vertex -14.6342 46.194 115
      vertex -14.6342 46.194 190
    endloop
  endfacet
  facet normal 0.999468 -0.0326024 0
    outer loop
      vertex -14.6342 46.194 115
      vertex -14.6438 45.8997 190
      vertex -14.6438 45.8997 115
    endloop
  endfacet
  facet normal -0.986622 -0.163022 0
    outer loop
      vertex -23.5477 45.3161 115
      vertex -23.5957 45.6066 190
      vertex -23.5957 45.6066 115
    endloop
  endfacet
  facet normal -0.986622 -0.163022 0
    outer loop
      vertex -23.5957 45.6066 190
      vertex -23.5477 45.3161 115
      vertex -23.5477 45.3161 190
    endloop
  endfacet
  facet normal 0.973856 -0.227165 0
    outer loop
      vertex -14.7875 45.0293 190
      vertex -14.7206 45.3161 115
      vertex -14.7206 45.3161 190
    endloop
  endfacet
  facet normal 0.973856 -0.227165 0
    outer loop
      vertex -14.7206 45.3161 115
      vertex -14.7875 45.0293 190
      vertex -14.7875 45.0293 115
    endloop
  endfacet
  facet normal -0.634421 0.772988 0
    outer loop
      vertex -21.8736 49.7641 115
      vertex -22.1012 49.5773 190
      vertex -21.8736 49.7641 190
    endloop
  endfacet
  facet normal -0.634421 0.772988 0
    outer loop
      vertex -22.1012 49.5773 190
      vertex -21.8736 49.7641 115
      vertex -22.1012 49.5773 115
    endloop
  endfacet
  facet normal -0.772988 0.634421 0
    outer loop
      vertex -22.7043 48.9334 115
      vertex -22.5175 49.161 190
      vertex -22.5175 49.161 115
    endloop
  endfacet
  facet normal -0.772988 0.634421 0
    outer loop
      vertex -22.5175 49.161 190
      vertex -22.7043 48.9334 115
      vertex -22.7043 48.9334 190
    endloop
  endfacet
  facet normal -0.582362 0.81293 0
    outer loop
      vertex -21.6342 49.9356 115
      vertex -21.8736 49.7641 190
      vertex -21.6342 49.9356 190
    endloop
  endfacet
  facet normal -0.582362 0.81293 0
    outer loop
      vertex -21.8736 49.7641 190
      vertex -21.6342 49.9356 115
      vertex -21.8736 49.7641 115
    endloop
  endfacet
  facet normal 0.163022 0.986622 -0
    outer loop
      vertex -18.2563 50.6075 115
      vertex -18.5468 50.6555 190
      vertex -18.2563 50.6075 190
    endloop
  endfacet
  facet normal 0.163022 0.986622 0
    outer loop
      vertex -18.5468 50.6555 190
      vertex -18.2563 50.6075 115
      vertex -18.5468 50.6555 115
    endloop
  endfacet
  facet normal 0.995174 -0.0981253 0
    outer loop
      vertex -14.6727 45.6066 190
      vertex -14.6438 45.8997 115
      vertex -14.6438 45.8997 190
    endloop
  endfacet
  facet normal 0.995174 -0.0981253 0
    outer loop
      vertex -14.6438 45.8997 115
      vertex -14.6727 45.6066 190
      vertex -14.6727 45.6066 115
    endloop
  endfacet
  facet normal 0.097789 0.995207 -0
    outer loop
      vertex -18.5468 50.6555 115
      vertex -18.8399 50.6843 190
      vertex -18.5468 50.6555 190
    endloop
  endfacet
  facet normal 0.097789 0.995207 0
    outer loop
      vertex -18.8399 50.6843 190
      vertex -18.5468 50.6555 115
      vertex -18.8399 50.6843 115
    endloop
  endfacet
  facet normal 0.935938 -0.352165 0
    outer loop
      vertex -14.9767 44.4719 190
      vertex -14.873 44.7475 115
      vertex -14.873 44.7475 190
    endloop
  endfacet
  facet normal 0.935938 -0.352165 0
    outer loop
      vertex -14.873 44.7475 115
      vertex -14.9767 44.4719 190
      vertex -14.9767 44.4719 115
    endloop
  endfacet
  facet normal 0.0326024 -0.999468 0
    outer loop
      vertex -19.1342 41.694 115
      vertex -18.8399 41.7036 190
      vertex -19.1342 41.694 190
    endloop
  endfacet
  facet normal 0.0326024 -0.999468 0
    outer loop
      vertex -18.8399 41.7036 190
      vertex -19.1342 41.694 115
      vertex -18.8399 41.7036 115
    endloop
  endfacet
  facet normal 0.471364 0.881939 -0
    outer loop
      vertex -16.8842 50.0911 115
      vertex -17.1439 50.2299 190
      vertex -16.8842 50.0911 190
    endloop
  endfacet
  facet normal 0.471364 0.881939 0
    outer loop
      vertex -17.1439 50.2299 190
      vertex -16.8842 50.0911 115
      vertex -17.1439 50.2299 115
    endloop
  endfacet
  facet normal -0.973856 -0.227165 0
    outer loop
      vertex -23.4808 45.0293 115
      vertex -23.5477 45.3161 190
      vertex -23.5477 45.3161 115
    endloop
  endfacet
  facet normal -0.973856 -0.227165 0
    outer loop
      vertex -23.5477 45.3161 190
      vertex -23.4808 45.0293 115
      vertex -23.4808 45.0293 190
    endloop
  endfacet
  facet normal -0.729823 -0.683636 0
    outer loop
      vertex -22.3162 43.012 115
      vertex -22.5175 43.2269 190
      vertex -22.5175 43.2269 115
    endloop
  endfacet
  facet normal -0.729823 -0.683636 0
    outer loop
      vertex -22.5175 43.2269 190
      vertex -22.3162 43.012 115
      vertex -22.3162 43.012 190
    endloop
  endfacet
  facet normal -0.352463 0.935826 0
    outer loop
      vertex -20.5806 50.4552 115
      vertex -20.8562 50.3514 190
      vertex -20.5806 50.4552 190
    endloop
  endfacet
  facet normal -0.352463 0.935826 0
    outer loop
      vertex -20.8562 50.3514 190
      vertex -20.5806 50.4552 115
      vertex -20.8562 50.3514 115
    endloop
  endfacet
  facet normal -0.957019 -0.290026 0
    outer loop
      vertex -23.3954 44.7475 115
      vertex -23.4808 45.0293 190
      vertex -23.4808 45.0293 115
    endloop
  endfacet
  facet normal -0.957019 -0.290026 0
    outer loop
      vertex -23.4808 45.0293 190
      vertex -23.3954 44.7475 115
      vertex -23.3954 44.7475 190
    endloop
  endfacet
  facet normal -0.935826 -0.352463 0
    outer loop
      vertex -23.2916 44.4719 115
      vertex -23.3954 44.7475 190
      vertex -23.3954 44.7475 115
    endloop
  endfacet
  facet normal -0.935826 -0.352463 0
    outer loop
      vertex -23.3954 44.7475 190
      vertex -23.2916 44.4719 115
      vertex -23.2916 44.4719 190
    endloop
  endfacet
  facet normal 0.999468 0.0326024 0
    outer loop
      vertex -14.6342 46.194 190
      vertex -14.6438 46.4883 115
      vertex -14.6438 46.4883 190
    endloop
  endfacet
  facet normal 0.999468 0.0326024 0
    outer loop
      vertex -14.6438 46.4883 115
      vertex -14.6342 46.194 190
      vertex -14.6342 46.194 115
    endloop
  endfacet
  facet normal -0.290432 -0.956896 0
    outer loop
      vertex -20.5806 41.9328 115
      vertex -20.2989 41.8473 190
      vertex -20.5806 41.9328 190
    endloop
  endfacet
  facet normal -0.290432 -0.956896 -0
    outer loop
      vertex -20.2989 41.8473 190
      vertex -20.5806 41.9328 115
      vertex -20.2989 41.8473 115
    endloop
  endfacet
  facet normal 0.956924 -0.290337 0
    outer loop
      vertex -14.873 44.7475 190
      vertex -14.7875 45.0293 115
      vertex -14.7875 45.0293 190
    endloop
  endfacet
  facet normal 0.956924 -0.290337 0
    outer loop
      vertex -14.7875 45.0293 115
      vertex -14.873 44.7475 190
      vertex -14.873 44.7475 115
    endloop
  endfacet
  facet normal 0.81293 0.582362 0
    outer loop
      vertex -15.3926 48.694 190
      vertex -15.5641 48.9334 115
      vertex -15.5641 48.9334 190
    endloop
  endfacet
  facet normal 0.81293 0.582362 0
    outer loop
      vertex -15.5641 48.9334 115
      vertex -15.3926 48.694 190
      vertex -15.3926 48.694 115
    endloop
  endfacet
  facet normal 0.910889 -0.412651 0
    outer loop
      vertex -15.0982 44.2037 190
      vertex -14.9767 44.4719 115
      vertex -14.9767 44.4719 190
    endloop
  endfacet
  facet normal 0.910889 -0.412651 0
    outer loop
      vertex -14.9767 44.4719 115
      vertex -15.0982 44.2037 190
      vertex -15.0982 44.2037 115
    endloop
  endfacet
  facet normal -0.973856 0.227165 0
    outer loop
      vertex -23.5477 47.0719 115
      vertex -23.4808 47.3587 190
      vertex -23.4808 47.3587 115
    endloop
  endfacet
  facet normal -0.973856 0.227165 0
    outer loop
      vertex -23.4808 47.3587 190
      vertex -23.5477 47.0719 115
      vertex -23.5477 47.0719 190
    endloop
  endfacet
  facet normal 0.162691 -0.986677 0
    outer loop
      vertex -18.5468 41.7325 115
      vertex -18.2563 41.7804 190
      vertex -18.5468 41.7325 190
    endloop
  endfacet
  facet normal 0.162691 -0.986677 0
    outer loop
      vertex -18.2563 41.7804 190
      vertex -18.5468 41.7325 115
      vertex -18.2563 41.7804 115
    endloop
  endfacet
  facet normal -0.683467 0.729982 0
    outer loop
      vertex -22.1012 49.5773 115
      vertex -22.3162 49.376 190
      vertex -22.1012 49.5773 190
    endloop
  endfacet
  facet normal -0.683467 0.729982 0
    outer loop
      vertex -22.3162 49.376 190
      vertex -22.1012 49.5773 115
      vertex -22.3162 49.376 115
    endloop
  endfacet
  facet normal 0.973856 0.227165 0
    outer loop
      vertex -14.7206 47.0719 190
      vertex -14.7875 47.3587 115
      vertex -14.7875 47.3587 190
    endloop
  endfacet
  facet normal 0.973856 0.227165 0
    outer loop
      vertex -14.7875 47.3587 115
      vertex -14.7206 47.0719 190
      vertex -14.7206 47.0719 115
    endloop
  endfacet
  facet normal -0.849236 -0.528014 0
    outer loop
      vertex -22.8758 43.6939 115
      vertex -23.0313 43.944 190
      vertex -23.0313 43.944 115
    endloop
  endfacet
  facet normal -0.849236 -0.528014 0
    outer loop
      vertex -23.0313 43.944 190
      vertex -22.8758 43.6939 115
      vertex -22.8758 43.6939 190
    endloop
  endfacet
  facet normal -0.162637 -0.986686 0
    outer loop
      vertex -20.0121 41.7804 115
      vertex -19.7215 41.7325 190
      vertex -20.0121 41.7804 190
    endloop
  endfacet
  facet normal -0.162637 -0.986686 -0
    outer loop
      vertex -19.7215 41.7325 190
      vertex -20.0121 41.7804 115
      vertex -19.7215 41.7325 115
    endloop
  endfacet
  facet normal 0.634421 -0.772988 0
    outer loop
      vertex -16.3947 42.6239 115
      vertex -16.1671 42.8107 190
      vertex -16.3947 42.6239 190
    endloop
  endfacet
  facet normal 0.634421 -0.772988 0
    outer loop
      vertex -16.1671 42.8107 190
      vertex -16.3947 42.6239 115
      vertex -16.1671 42.8107 115
    endloop
  endfacet
  facet normal 0.683636 -0.729823 0
    outer loop
      vertex -16.1671 42.8107 115
      vertex -15.9522 43.012 190
      vertex -16.1671 42.8107 190
    endloop
  endfacet
  facet normal 0.683636 -0.729823 0
    outer loop
      vertex -15.9522 43.012 190
      vertex -16.1671 42.8107 115
      vertex -15.9522 43.012 115
    endloop
  endfacet
  facet normal -0.935826 0.352463 0
    outer loop
      vertex -23.3954 47.6405 115
      vertex -23.2916 47.9161 190
      vertex -23.2916 47.9161 115
    endloop
  endfacet
  facet normal -0.935826 0.352463 0
    outer loop
      vertex -23.2916 47.9161 190
      vertex -23.3954 47.6405 115
      vertex -23.3954 47.6405 190
    endloop
  endfacet
  facet normal -0.0981585 -0.995171 0
    outer loop
      vertex -19.7215 41.7325 115
      vertex -19.4285 41.7036 190
      vertex -19.7215 41.7325 190
    endloop
  endfacet
  facet normal -0.0981585 -0.995171 -0
    outer loop
      vertex -19.4285 41.7036 190
      vertex -19.7215 41.7325 115
      vertex -19.4285 41.7036 115
    endloop
  endfacet
  facet normal -0.81293 0.582362 0
    outer loop
      vertex -22.8758 48.694 115
      vertex -22.7043 48.9334 190
      vertex -22.7043 48.9334 115
    endloop
  endfacet
  facet normal -0.81293 0.582362 0
    outer loop
      vertex -22.7043 48.9334 190
      vertex -22.8758 48.694 115
      vertex -22.8758 48.694 190
    endloop
  endfacet
  facet normal -0.683467 -0.729982 0
    outer loop
      vertex -22.3162 43.012 115
      vertex -22.1012 42.8107 190
      vertex -22.3162 43.012 190
    endloop
  endfacet
  facet normal -0.683467 -0.729982 -0
    outer loop
      vertex -22.1012 42.8107 190
      vertex -22.3162 43.012 115
      vertex -22.1012 42.8107 115
    endloop
  endfacet
  facet normal -0.528166 -0.849141 0
    outer loop
      vertex -21.6342 42.4524 115
      vertex -21.3842 42.2969 190
      vertex -21.6342 42.4524 190
    endloop
  endfacet
  facet normal -0.528166 -0.849141 -0
    outer loop
      vertex -21.3842 42.2969 190
      vertex -21.6342 42.4524 115
      vertex -21.3842 42.2969 115
    endloop
  endfacet
  facet normal -0.634421 -0.772988 0
    outer loop
      vertex -22.1012 42.8107 115
      vertex -21.8736 42.6239 190
      vertex -22.1012 42.8107 190
    endloop
  endfacet
  facet normal -0.634421 -0.772988 -0
    outer loop
      vertex -21.8736 42.6239 190
      vertex -22.1012 42.8107 115
      vertex -21.8736 42.6239 115
    endloop
  endfacet
  facet normal 0.528014 -0.849236 0
    outer loop
      vertex -16.8842 42.2969 115
      vertex -16.6341 42.4524 190
      vertex -16.8842 42.2969 190
    endloop
  endfacet
  facet normal 0.528014 -0.849236 0
    outer loop
      vertex -16.6341 42.4524 190
      vertex -16.8842 42.2969 115
      vertex -16.6341 42.4524 115
    endloop
  endfacet
  facet normal 0.986686 0.162637 0
    outer loop
      vertex -14.6727 46.7813 190
      vertex -14.7206 47.0719 115
      vertex -14.7206 47.0719 190
    endloop
  endfacet
  facet normal 0.986686 0.162637 0
    outer loop
      vertex -14.7206 47.0719 115
      vertex -14.6727 46.7813 190
      vertex -14.6727 46.7813 115
    endloop
  endfacet
  facet normal -0.162967 0.986631 0
    outer loop
      vertex -19.7215 50.6555 115
      vertex -20.0121 50.6075 190
      vertex -19.7215 50.6555 190
    endloop
  endfacet
  facet normal -0.162967 0.986631 0
    outer loop
      vertex -20.0121 50.6075 190
      vertex -19.7215 50.6555 115
      vertex -20.0121 50.6075 115
    endloop
  endfacet
  facet normal 0.412651 0.910889 -0
    outer loop
      vertex -17.1439 50.2299 115
      vertex -17.4121 50.3514 190
      vertex -17.1439 50.2299 190
    endloop
  endfacet
  facet normal 0.412651 0.910889 0
    outer loop
      vertex -17.4121 50.3514 190
      vertex -17.1439 50.2299 115
      vertex -17.4121 50.3514 115
    endloop
  endfacet
  facet normal 0.582362 0.81293 -0
    outer loop
      vertex -16.3947 49.7641 115
      vertex -16.6341 49.9356 190
      vertex -16.3947 49.7641 190
    endloop
  endfacet
  facet normal 0.582362 0.81293 0
    outer loop
      vertex -16.6341 49.9356 190
      vertex -16.3947 49.7641 115
      vertex -16.6341 49.9356 115
    endloop
  endfacet
  facet normal -0.910889 -0.412651 0
    outer loop
      vertex -23.1701 44.2037 115
      vertex -23.2916 44.4719 190
      vertex -23.2916 44.4719 115
    endloop
  endfacet
  facet normal -0.910889 -0.412651 0
    outer loop
      vertex -23.2916 44.4719 190
      vertex -23.1701 44.2037 115
      vertex -23.1701 44.2037 190
    endloop
  endfacet
  facet normal -0.957019 0.290026 0
    outer loop
      vertex -23.4808 47.3587 115
      vertex -23.3954 47.6405 190
      vertex -23.3954 47.6405 115
    endloop
  endfacet
  facet normal -0.957019 0.290026 0
    outer loop
      vertex -23.3954 47.6405 190
      vertex -23.4808 47.3587 115
      vertex -23.4808 47.3587 190
    endloop
  endfacet
  facet normal -0.0978221 0.995204 0
    outer loop
      vertex -19.4285 50.6843 115
      vertex -19.7215 50.6555 190
      vertex -19.4285 50.6843 190
    endloop
  endfacet
  facet normal -0.0978221 0.995204 0
    outer loop
      vertex -19.7215 50.6555 190
      vertex -19.4285 50.6843 115
      vertex -19.7215 50.6555 115
    endloop
  endfacet
  facet normal 0.812814 -0.582523 0
    outer loop
      vertex -15.5641 43.4546 190
      vertex -15.3926 43.6939 115
      vertex -15.3926 43.6939 190
    endloop
  endfacet
  facet normal 0.812814 -0.582523 0
    outer loop
      vertex -15.3926 43.6939 115
      vertex -15.5641 43.4546 190
      vertex -15.5641 43.4546 115
    endloop
  endfacet
  facet normal 0.849141 0.528166 0
    outer loop
      vertex -15.2371 48.444 190
      vertex -15.3926 48.694 115
      vertex -15.3926 48.694 190
    endloop
  endfacet
  facet normal 0.849141 0.528166 0
    outer loop
      vertex -15.3926 48.694 115
      vertex -15.2371 48.444 190
      vertex -15.2371 48.444 115
    endloop
  endfacet
  facet normal 0.849236 -0.528014 0
    outer loop
      vertex -15.3926 43.6939 190
      vertex -15.2371 43.944 115
      vertex -15.2371 43.944 190
    endloop
  endfacet
  facet normal 0.849236 -0.528014 0
    outer loop
      vertex -15.2371 43.944 115
      vertex -15.3926 43.6939 190
      vertex -15.3926 43.6939 115
    endloop
  endfacet
  facet normal 0.0329417 0.999457 -0
    outer loop
      vertex -18.8399 50.6843 115
      vertex -19.1342 50.694 190
      vertex -18.8399 50.6843 190
    endloop
  endfacet
  facet normal 0.0329417 0.999457 0
    outer loop
      vertex -19.1342 50.694 190
      vertex -18.8399 50.6843 115
      vertex -19.1342 50.694 115
    endloop
  endfacet
  facet normal -0.995204 0.0978221 0
    outer loop
      vertex -23.6245 46.4883 115
      vertex -23.5957 46.7813 190
      vertex -23.5957 46.7813 115
    endloop
  endfacet
  facet normal -0.995204 0.0978221 0
    outer loop
      vertex -23.5957 46.7813 190
      vertex -23.6245 46.4883 115
      vertex -23.6245 46.4883 190
    endloop
  endfacet
  facet normal -0.995207 -0.097789 0
    outer loop
      vertex -23.5957 45.6066 115
      vertex -23.6245 45.8997 190
      vertex -23.6245 45.8997 115
    endloop
  endfacet
  facet normal -0.995207 -0.097789 0
    outer loop
      vertex -23.6245 45.8997 190
      vertex -23.5957 45.6066 115
      vertex -23.5957 45.6066 190
    endloop
  endfacet
  facet normal -0.471364 0.881939 0
    outer loop
      vertex -21.1245 50.2299 115
      vertex -21.3842 50.0911 190
      vertex -21.1245 50.2299 190
    endloop
  endfacet
  facet normal -0.471364 0.881939 0
    outer loop
      vertex -21.3842 50.0911 190
      vertex -21.1245 50.2299 115
      vertex -21.3842 50.0911 115
    endloop
  endfacet
  facet normal -0.227165 -0.973856 0
    outer loop
      vertex -20.2989 41.8473 115
      vertex -20.0121 41.7804 190
      vertex -20.2989 41.8473 190
    endloop
  endfacet
  facet normal -0.227165 -0.973856 -0
    outer loop
      vertex -20.0121 41.7804 190
      vertex -20.2989 41.8473 115
      vertex -20.0121 41.7804 115
    endloop
  endfacet
  facet normal -0.528166 0.849141 0
    outer loop
      vertex -21.3842 50.0911 115
      vertex -21.6342 49.9356 190
      vertex -21.3842 50.0911 190
    endloop
  endfacet
  facet normal -0.528166 0.849141 0
    outer loop
      vertex -21.6342 49.9356 190
      vertex -21.3842 50.0911 115
      vertex -21.6342 49.9356 115
    endloop
  endfacet
  facet normal 0.0981253 -0.995174 0
    outer loop
      vertex -18.8399 41.7036 115
      vertex -18.5468 41.7325 190
      vertex -18.8399 41.7036 190
    endloop
  endfacet
  facet normal 0.0981253 -0.995174 0
    outer loop
      vertex -18.5468 41.7325 190
      vertex -18.8399 41.7036 115
      vertex -18.5468 41.7325 115
    endloop
  endfacet
  facet normal 0.986677 -0.162691 0
    outer loop
      vertex -14.7206 45.3161 190
      vertex -14.6727 45.6066 115
      vertex -14.6727 45.6066 190
    endloop
  endfacet
  facet normal 0.986677 -0.162691 0
    outer loop
      vertex -14.6727 45.6066 115
      vertex -14.7206 45.3161 190
      vertex -14.7206 45.3161 115
    endloop
  endfacet
  facet normal -0.412805 -0.910819 0
    outer loop
      vertex -21.1245 42.1581 115
      vertex -20.8562 42.0365 190
      vertex -21.1245 42.1581 190
    endloop
  endfacet
  facet normal -0.412805 -0.910819 -0
    outer loop
      vertex -20.8562 42.0365 190
      vertex -21.1245 42.1581 115
      vertex -20.8562 42.0365 115
    endloop
  endfacet
  facet normal -0.773125 -0.634254 0
    outer loop
      vertex -22.5175 43.2269 115
      vertex -22.7043 43.4546 190
      vertex -22.7043 43.4546 115
    endloop
  endfacet
  facet normal -0.773125 -0.634254 0
    outer loop
      vertex -22.7043 43.4546 190
      vertex -22.5175 43.2269 115
      vertex -22.5175 43.2269 190
    endloop
  endfacet
  facet normal 0.412933 -0.910761 0
    outer loop
      vertex -17.4121 42.0365 115
      vertex -17.1439 42.1581 190
      vertex -17.4121 42.0365 190
    endloop
  endfacet
  facet normal 0.412933 -0.910761 0
    outer loop
      vertex -17.1439 42.1581 190
      vertex -17.4121 42.0365 115
      vertex -17.1439 42.1581 115
    endloop
  endfacet
  facet normal 0.582362 -0.81293 0
    outer loop
      vertex -16.6341 42.4524 115
      vertex -16.3947 42.6239 190
      vertex -16.6341 42.4524 190
    endloop
  endfacet
  facet normal 0.582362 -0.81293 0
    outer loop
      vertex -16.3947 42.6239 190
      vertex -16.6341 42.4524 115
      vertex -16.3947 42.6239 115
    endloop
  endfacet
  facet normal -0.849141 0.528166 0
    outer loop
      vertex -23.0313 48.444 115
      vertex -22.8758 48.694 190
      vertex -22.8758 48.694 115
    endloop
  endfacet
  facet normal -0.849141 0.528166 0
    outer loop
      vertex -22.8758 48.694 190
      vertex -23.0313 48.444 115
      vertex -23.0313 48.444 190
    endloop
  endfacet
  facet normal -0.881939 -0.471364 0
    outer loop
      vertex -23.0313 43.944 115
      vertex -23.1701 44.2037 190
      vertex -23.1701 44.2037 115
    endloop
  endfacet
  facet normal -0.881939 -0.471364 0
    outer loop
      vertex -23.1701 44.2037 190
      vertex -23.0313 43.944 115
      vertex -23.0313 43.944 190
    endloop
  endfacet
  facet normal -0.227165 0.973856 0
    outer loop
      vertex -20.0121 50.6075 115
      vertex -20.2989 50.5406 190
      vertex -20.0121 50.6075 190
    endloop
  endfacet
  facet normal -0.227165 0.973856 0
    outer loop
      vertex -20.2989 50.5406 190
      vertex -20.0121 50.6075 115
      vertex -20.2989 50.5406 115
    endloop
  endfacet
  facet normal 0.290337 -0.956924 0
    outer loop
      vertex -17.9695 41.8473 115
      vertex -17.6877 41.9328 190
      vertex -17.9695 41.8473 190
    endloop
  endfacet
  facet normal 0.290337 -0.956924 0
    outer loop
      vertex -17.6877 41.9328 190
      vertex -17.9695 41.8473 115
      vertex -17.6877 41.9328 115
    endloop
  endfacet
  facet normal 0.352165 -0.935938 0
    outer loop
      vertex -17.6877 41.9328 115
      vertex -17.4121 42.0365 190
      vertex -17.6877 41.9328 190
    endloop
  endfacet
  facet normal 0.352165 -0.935938 0
    outer loop
      vertex -17.4121 42.0365 190
      vertex -17.6877 41.9328 115
      vertex -17.4121 42.0365 115
    endloop
  endfacet
  facet normal 0 0 1
    outer loop
      vertex -59.6566 -20.2507 194
      vertex -43.9058 -2.87774 194
      vertex -54.5 -4.3 194
    endloop
  endfacet
  facet normal 0 0 1
    outer loop
      vertex -43.9058 -2.87774 194
      vertex -54.5596 -31.5 194
      vertex -52.3826 -35.0009 194
    endloop
  endfacet
  facet normal 0 0 1
    outer loop
      vertex -43.9058 -2.87774 194
      vertex -56.503 -27.8642 194
      vertex -54.5596 -31.5 194
    endloop
  endfacet
  facet normal 0 0 1
    outer loop
      vertex -61.7895 -12.2907 194
      vertex -54.5 -4.3 194
      vertex -57.5 -4.3 194
    endloop
  endfacet
  facet normal 0 0 1
    outer loop
      vertex -43.9058 -2.87774 194
      vertex -58.2044 -24.1091 194
      vertex -56.503 -27.8642 194
    endloop
  endfacet
  facet normal -0 0 1
    outer loop
      vertex -61.7895 12.2907 194
      vertex -54.5 4.3 194
      vertex -60.8533 16.3056 194
    endloop
  endfacet
  facet normal 0 0 1
    outer loop
      vertex -54.5 4.3 194
      vertex -61.7895 12.2907 194
      vertex -57.5 4.3 194
    endloop
  endfacet
  facet normal 0 0 1
    outer loop
      vertex -43.9058 -2.87774 194
      vertex -59.6566 -20.2507 194
      vertex -58.2044 -24.1091 194
    endloop
  endfacet
  facet normal -0 0 1
    outer loop
      vertex -62.461 8.22315 194
      vertex -57.5 4.3 194
      vertex -61.7895 12.2907 194
    endloop
  endfacet
  facet normal 0 0 1
    outer loop
      vertex -54.5 -4.3 194
      vertex -60.8533 -16.3056 194
      vertex -59.6566 -20.2507 194
    endloop
  endfacet
  facet normal 0 0 1
    outer loop
      vertex -62.8651 4.1204 194
      vertex -57.5 4.3 194
      vertex -62.461 8.22315 194
    endloop
  endfacet
  facet normal 0 0 1
    outer loop
      vertex -54.5 -4.3 194
      vertex -61.7895 -12.2907 194
      vertex -60.8533 -16.3056 194
    endloop
  endfacet
  facet normal 0 0 1
    outer loop
      vertex -63 0 194
      vertex -57.5 4.3 194
      vertex -62.8651 4.1204 194
    endloop
  endfacet
  facet normal 0 0 1
    outer loop
      vertex -57.5 -4.3 194
      vertex -62.461 -8.22315 194
      vertex -61.7895 -12.2907 194
    endloop
  endfacet
  facet normal 0 0 1
    outer loop
      vertex -57.5 4.3 194
      vertex -63 0 194
      vertex -57.5 -4.3 194
    endloop
  endfacet
  facet normal 0 0 1
    outer loop
      vertex -57.5 -4.3 194
      vertex -62.8651 -4.1204 194
      vertex -62.461 -8.22315 194
    endloop
  endfacet
  facet normal 0 0 1
    outer loop
      vertex -57.5 -4.3 194
      vertex -63 0 194
      vertex -62.8651 -4.1204 194
    endloop
  endfacet
  facet normal 0 0 1
    outer loop
      vertex -35.0009 52.3826 194
      vertex -37.6181 43.6992 194
      vertex -35.4968 41.5779 194
    endloop
  endfacet
  facet normal -0 0 1
    outer loop
      vertex -38.352 49.9813 194
      vertex -37.6181 43.6992 194
      vertex -35.0009 52.3826 194
    endloop
  endfacet
  facet normal -0 0 1
    outer loop
      vertex -41.5388 47.3659 194
      vertex -37.6181 43.6992 194
      vertex -38.352 49.9813 194
    endloop
  endfacet
  facet normal -0 0 1
    outer loop
      vertex -44.5477 44.5477 194
      vertex -37.6181 43.6992 194
      vertex -41.5388 47.3659 194
    endloop
  endfacet
  facet normal 0 0 1
    outer loop
      vertex -42.5007 11.388 194
      vertex -54.5 4.3 194
      vertex -43.1546 8.58397 194
    endloop
  endfacet
  facet normal -0 0 1
    outer loop
      vertex -47.3659 41.5388 194
      vertex -43.6992 37.6181 194
      vertex -44.5477 44.5477 194
    endloop
  endfacet
  facet normal 0 0 1
    outer loop
      vertex -37.6181 43.6992 194
      vertex -44.5477 44.5477 194
      vertex -43.6992 37.6181 194
    endloop
  endfacet
  facet normal -0 0 1
    outer loop
      vertex -37.6181 -43.6992 194
      vertex -35.0009 -52.3826 194
      vertex -35.4968 -41.5779 194
    endloop
  endfacet
  facet normal 0 0 1
    outer loop
      vertex -37.6181 -43.6992 194
      vertex -38.352 -49.9813 194
      vertex -35.0009 -52.3826 194
    endloop
  endfacet
  facet normal 0 0 1
    outer loop
      vertex -37.6181 -43.6992 194
      vertex -41.5388 -47.3659 194
      vertex -38.352 -49.9813 194
    endloop
  endfacet
  facet normal 0 0 1
    outer loop
      vertex -44.5477 -44.5477 194
      vertex -37.6181 -43.6992 194
      vertex -43.6992 -37.6181 194
    endloop
  endfacet
  facet normal 0 0 1
    outer loop
      vertex -54.5 -4.3 194
      vertex -44 0 194
      vertex -54.5 4.3 194
    endloop
  endfacet
  facet normal -0 0 1
    outer loop
      vertex -49.9813 38.352 194
      vertex -43.6992 37.6181 194
      vertex -47.3659 41.5388 194
    endloop
  endfacet
  facet normal 0 0 1
    outer loop
      vertex -37.6181 -43.6992 194
      vertex -44.5477 -44.5477 194
      vertex -41.5388 -47.3659 194
    endloop
  endfacet
  facet normal 0 0 1
    outer loop
      vertex -44 0 194
      vertex -54.5 -4.3 194
      vertex -43.9058 -2.87774 194
    endloop
  endfacet
  facet normal 0 0 1
    outer loop
      vertex -52.3826 35.0009 194
      vertex -43.6992 37.6181 194
      vertex -49.9813 38.352 194
    endloop
  endfacet
  facet normal 0 0 1
    outer loop
      vertex -43.9058 -2.87774 194
      vertex -52.3826 -35.0009 194
      vertex -43.6992 -37.6181 194
    endloop
  endfacet
  facet normal 0 0 1
    outer loop
      vertex -54.5596 31.5 194
      vertex -43.6992 37.6181 194
      vertex -52.3826 35.0009 194
    endloop
  endfacet
  facet normal 0 0 1
    outer loop
      vertex -43.6992 -37.6181 194
      vertex -47.3659 -41.5388 194
      vertex -44.5477 -44.5477 194
    endloop
  endfacet
  facet normal 0 0 1
    outer loop
      vertex -56.503 27.8642 194
      vertex -43.6992 37.6181 194
      vertex -54.5596 31.5 194
    endloop
  endfacet
  facet normal 0 0 1
    outer loop
      vertex -43.6992 -37.6181 194
      vertex -49.9813 -38.352 194
      vertex -47.3659 -41.5388 194
    endloop
  endfacet
  facet normal 0 0 1
    outer loop
      vertex -43.6992 -37.6181 194
      vertex -52.3826 -35.0009 194
      vertex -49.9813 -38.352 194
    endloop
  endfacet
  facet normal 0 0 1
    outer loop
      vertex -43.1546 8.58397 194
      vertex -54.5 4.3 194
      vertex -43.6236 5.74315 194
    endloop
  endfacet
  facet normal 0 0 1
    outer loop
      vertex -43.6236 5.74315 194
      vertex -54.5 4.3 194
      vertex -43.9058 2.87774 194
    endloop
  endfacet
  facet normal 0 0 1
    outer loop
      vertex -43.9058 2.87774 194
      vertex -54.5 4.3 194
      vertex -44 0 194
    endloop
  endfacet
  facet normal 0 0 1
    outer loop
      vertex -42.5007 11.388 194
      vertex -60.8533 16.3056 194
      vertex -54.5 4.3 194
    endloop
  endfacet
  facet normal -0 0 1
    outer loop
      vertex -60.8533 16.3056 194
      vertex -42.5007 11.388 194
      vertex -59.6566 20.2507 194
    endloop
  endfacet
  facet normal -0 0 1
    outer loop
      vertex 2.87774 -43.9058 194
      vertex 4.3 -54.5 194
      vertex 5.74315 -43.6236 194
    endloop
  endfacet
  facet normal -0 0 1
    outer loop
      vertex 0 -44 194
      vertex 4.3 -54.5 194
      vertex 2.87774 -43.9058 194
    endloop
  endfacet
  facet normal 0 0 1
    outer loop
      vertex -4.3 -54.5 194
      vertex 0 -44 194
      vertex -2.87774 -43.9058 194
    endloop
  endfacet
  facet normal 0 0 1
    outer loop
      vertex 0 -44 194
      vertex -4.3 -54.5 194
      vertex 4.3 -54.5 194
    endloop
  endfacet
  facet normal 0 0 1
    outer loop
      vertex -8.58397 -43.1546 194
      vertex -4.3 -54.5 194
      vertex -5.74315 -43.6236 194
    endloop
  endfacet
  facet normal 0 0 1
    outer loop
      vertex -5.74315 -43.6236 194
      vertex -4.3 -54.5 194
      vertex -2.87774 -43.9058 194
    endloop
  endfacet
  facet normal 0 0 1
    outer loop
      vertex 8.58397 43.1546 194
      vertex 4.3 54.5 194
      vertex 5.74315 43.6236 194
    endloop
  endfacet
  facet normal 0 0 1
    outer loop
      vertex 4.3 54.5 194
      vertex 2.87774 43.9058 194
      vertex 5.74315 43.6236 194
    endloop
  endfacet
  facet normal 0 0 1
    outer loop
      vertex 4.3 54.5 194
      vertex 0 44 194
      vertex 2.87774 43.9058 194
    endloop
  endfacet
  facet normal -0 0 1
    outer loop
      vertex -4.3 54.5 194
      vertex 0 44 194
      vertex 4.3 54.5 194
    endloop
  endfacet
  facet normal 0 0 1
    outer loop
      vertex 0 44 194
      vertex -4.3 54.5 194
      vertex -2.87774 43.9058 194
    endloop
  endfacet
  facet normal 0 0 1
    outer loop
      vertex -2.87774 43.9058 194
      vertex -4.3 54.5 194
      vertex -5.74315 43.6236 194
    endloop
  endfacet
  facet normal -0 0 1
    outer loop
      vertex 41.6649 -14.1433 194
      vertex 59.6566 -20.2507 194
      vertex 42.5007 -11.388 194
    endloop
  endfacet
  facet normal 0 0 1
    outer loop
      vertex 59.6566 -20.2507 194
      vertex 41.6649 -14.1433 194
      vertex 58.2044 -24.1091 194
    endloop
  endfacet
  facet normal -0 0 1
    outer loop
      vertex 40.6507 -16.8381 194
      vertex 58.2044 -24.1091 194
      vertex 41.6649 -14.1433 194
    endloop
  endfacet
  facet normal 0 0 1
    outer loop
      vertex 58.2044 -24.1091 194
      vertex 40.6507 -16.8381 194
      vertex 56.503 -27.8642 194
    endloop
  endfacet
  facet normal -0 0 1
    outer loop
      vertex 39.4624 -19.4607 194
      vertex 56.503 -27.8642 194
      vertex 40.6507 -16.8381 194
    endloop
  endfacet
  facet normal -0 0 1
    outer loop
      vertex 38.1051 -22 194
      vertex 56.503 -27.8642 194
      vertex 39.4624 -19.4607 194
    endloop
  endfacet
  facet normal 0 0 1
    outer loop
      vertex 56.503 -27.8642 194
      vertex 41.5779 -35.4968 194
      vertex 43.6992 -37.6181 194
    endloop
  endfacet
  facet normal 0 0 1
    outer loop
      vertex 56.503 -27.8642 194
      vertex 38.1051 -22 194
      vertex 41.5779 -35.4968 194
    endloop
  endfacet
  facet normal -0 0 1
    outer loop
      vertex 36.5847 -24.4451 194
      vertex 41.5779 -35.4968 194
      vertex 38.1051 -22 194
    endloop
  endfacet
  facet normal -0 0 1
    outer loop
      vertex 34.9075 -26.7855 194
      vertex 41.5779 -35.4968 194
      vertex 36.5847 -24.4451 194
    endloop
  endfacet
  facet normal -0 0 1
    outer loop
      vertex 33.081 -29.0112 194
      vertex 41.5779 -35.4968 194
      vertex 34.9075 -26.7855 194
    endloop
  endfacet
  facet normal -0 0 1
    outer loop
      vertex 31.1127 -31.1127 194
      vertex 41.5779 -35.4968 194
      vertex 33.081 -29.0112 194
    endloop
  endfacet
  facet normal 0 0 1
    outer loop
      vertex 41.5779 -35.4968 194
      vertex 31.1127 -31.1127 194
      vertex 35.4968 -41.5779 194
    endloop
  endfacet
  facet normal -0 0 1
    outer loop
      vertex 29.0112 -33.081 194
      vertex 35.4968 -41.5779 194
      vertex 31.1127 -31.1127 194
    endloop
  endfacet
  facet normal -0 0 1
    outer loop
      vertex 26.7855 -34.9075 194
      vertex 35.4968 -41.5779 194
      vertex 29.0112 -33.081 194
    endloop
  endfacet
  facet normal -0 0 1
    outer loop
      vertex 24.4451 -36.5847 194
      vertex 35.4968 -41.5779 194
      vertex 26.7855 -34.9075 194
    endloop
  endfacet
  facet normal -0 0 1
    outer loop
      vertex 22 -38.1051 194
      vertex 35.4968 -41.5779 194
      vertex 24.4451 -36.5847 194
    endloop
  endfacet
  facet normal 0 0 1
    outer loop
      vertex 35.4968 -41.5779 194
      vertex 31.5 -54.5596 194
      vertex 35.0009 -52.3826 194
    endloop
  endfacet
  facet normal 0 0 1
    outer loop
      vertex 35.4968 -41.5779 194
      vertex 22 -38.1051 194
      vertex 31.5 -54.5596 194
    endloop
  endfacet
  facet normal 0 0 1
    outer loop
      vertex 31.5 -54.5596 194
      vertex 22 -38.1051 194
      vertex 27.8642 -56.503 194
    endloop
  endfacet
  facet normal -0 0 1
    outer loop
      vertex 19.4607 -39.4624 194
      vertex 27.8642 -56.503 194
      vertex 22 -38.1051 194
    endloop
  endfacet
  facet normal 0 0 1
    outer loop
      vertex 27.8642 -56.503 194
      vertex 19.4607 -39.4624 194
      vertex 24.1091 -58.2044 194
    endloop
  endfacet
  facet normal -0 0 1
    outer loop
      vertex 16.8381 -40.6507 194
      vertex 24.1091 -58.2044 194
      vertex 19.4607 -39.4624 194
    endloop
  endfacet
  facet normal 0 0 1
    outer loop
      vertex 24.1091 -58.2044 194
      vertex 16.8381 -40.6507 194
      vertex 20.2507 -59.6566 194
    endloop
  endfacet
  facet normal -0 0 1
    outer loop
      vertex 14.1433 -41.6649 194
      vertex 20.2507 -59.6566 194
      vertex 16.8381 -40.6507 194
    endloop
  endfacet
  facet normal 0 0 1
    outer loop
      vertex 20.2507 -59.6566 194
      vertex 14.1433 -41.6649 194
      vertex 16.3056 -60.8533 194
    endloop
  endfacet
  facet normal -0 0 1
    outer loop
      vertex 11.388 -42.5007 194
      vertex 16.3056 -60.8533 194
      vertex 14.1433 -41.6649 194
    endloop
  endfacet
  facet normal -0 0 1
    outer loop
      vertex 4.3 -54.5 194
      vertex 16.3056 -60.8533 194
      vertex 11.388 -42.5007 194
    endloop
  endfacet
  facet normal 0 0 1
    outer loop
      vertex 4.3 -54.5 194
      vertex 11.388 -42.5007 194
      vertex 8.58397 -43.1546 194
    endloop
  endfacet
  facet normal 0 0 1
    outer loop
      vertex 16.3056 -60.8533 194
      vertex 4.3 -54.5 194
      vertex 12.2907 -61.7895 194
    endloop
  endfacet
  facet normal 0 0 1
    outer loop
      vertex 4.3 -54.5 194
      vertex 8.58397 -43.1546 194
      vertex 5.74315 -43.6236 194
    endloop
  endfacet
  facet normal -0 0 1
    outer loop
      vertex 4.3 -57.5 194
      vertex 12.2907 -61.7895 194
      vertex 4.3 -54.5 194
    endloop
  endfacet
  facet normal 0 0 1
    outer loop
      vertex 12.2907 -61.7895 194
      vertex 4.3 -57.5 194
      vertex 8.22315 -62.461 194
    endloop
  endfacet
  facet normal 0 0 1
    outer loop
      vertex 4.3 -57.5 194
      vertex 4.1204 -62.8651 194
      vertex 8.22315 -62.461 194
    endloop
  endfacet
  facet normal 0 0 1
    outer loop
      vertex 4.3 -57.5 194
      vertex 0 -63 194
      vertex 4.1204 -62.8651 194
    endloop
  endfacet
  facet normal -0 0 1
    outer loop
      vertex -4.3 -57.5 194
      vertex 0 -63 194
      vertex 4.3 -57.5 194
    endloop
  endfacet
  facet normal 0 0 1
    outer loop
      vertex 0 -63 194
      vertex -4.3 -57.5 194
      vertex -4.1204 -62.8651 194
    endloop
  endfacet
  facet normal 0 0 1
    outer loop
      vertex -11.388 -42.5007 194
      vertex -4.3 -54.5 194
      vertex -8.58397 -43.1546 194
    endloop
  endfacet
  facet normal 0 0 1
    outer loop
      vertex -4.3 -57.5 194
      vertex -8.22315 -62.461 194
      vertex -4.1204 -62.8651 194
    endloop
  endfacet
  facet normal 0 0 1
    outer loop
      vertex -16.3056 -60.8533 194
      vertex -4.3 -54.5 194
      vertex -11.388 -42.5007 194
    endloop
  endfacet
  facet normal 0 -0 1
    outer loop
      vertex -12.2907 -61.7895 194
      vertex -4.3 -54.5 194
      vertex -16.3056 -60.8533 194
    endloop
  endfacet
  facet normal 0 0 1
    outer loop
      vertex -4.3 -57.5 194
      vertex -12.2907 -61.7895 194
      vertex -8.22315 -62.461 194
    endloop
  endfacet
  facet normal 0 0 1
    outer loop
      vertex -16.3056 -60.8533 194
      vertex -11.388 -42.5007 194
      vertex -14.1433 -41.6649 194
    endloop
  endfacet
  facet normal 0 0 1
    outer loop
      vertex -4.3 -54.5 194
      vertex -12.2907 -61.7895 194
      vertex -4.3 -57.5 194
    endloop
  endfacet
  facet normal 0 0 1
    outer loop
      vertex -20.2507 -59.6566 194
      vertex -14.1433 -41.6649 194
      vertex -16.8381 -40.6507 194
    endloop
  endfacet
  facet normal 0 0 1
    outer loop
      vertex -24.1091 -58.2044 194
      vertex -16.8381 -40.6507 194
      vertex -19.4607 -39.4624 194
    endloop
  endfacet
  facet normal 0 0 1
    outer loop
      vertex -14.1433 -41.6649 194
      vertex -20.2507 -59.6566 194
      vertex -16.3056 -60.8533 194
    endloop
  endfacet
  facet normal 0 0 1
    outer loop
      vertex -27.8642 -56.503 194
      vertex -19.4607 -39.4624 194
      vertex -22 -38.1051 194
    endloop
  endfacet
  facet normal 0 0 1
    outer loop
      vertex -16.8381 -40.6507 194
      vertex -24.1091 -58.2044 194
      vertex -20.2507 -59.6566 194
    endloop
  endfacet
  facet normal 0 0 1
    outer loop
      vertex -35.4968 -41.5779 194
      vertex -22 -38.1051 194
      vertex -24.4451 -36.5847 194
    endloop
  endfacet
  facet normal 0 0 1
    outer loop
      vertex -35.4968 -41.5779 194
      vertex -24.4451 -36.5847 194
      vertex -26.7855 -34.9075 194
    endloop
  endfacet
  facet normal 0 0 1
    outer loop
      vertex -19.4607 -39.4624 194
      vertex -27.8642 -56.503 194
      vertex -24.1091 -58.2044 194
    endloop
  endfacet
  facet normal 0 0 1
    outer loop
      vertex -35.4968 -41.5779 194
      vertex -26.7855 -34.9075 194
      vertex -29.0112 -33.081 194
    endloop
  endfacet
  facet normal 0 0 1
    outer loop
      vertex -35.4968 -41.5779 194
      vertex -29.0112 -33.081 194
      vertex -31.1127 -31.1127 194
    endloop
  endfacet
  facet normal 0 0 1
    outer loop
      vertex -22 -38.1051 194
      vertex -35.4968 -41.5779 194
      vertex -31.5 -54.5596 194
    endloop
  endfacet
  facet normal 0 0 1
    outer loop
      vertex -41.5779 -35.4968 194
      vertex -31.1127 -31.1127 194
      vertex -33.081 -29.0112 194
    endloop
  endfacet
  facet normal 0 0 1
    outer loop
      vertex -41.5779 -35.4968 194
      vertex -33.081 -29.0112 194
      vertex -34.9075 -26.7855 194
    endloop
  endfacet
  facet normal 0 0 1
    outer loop
      vertex -22 -38.1051 194
      vertex -31.5 -54.5596 194
      vertex -27.8642 -56.503 194
    endloop
  endfacet
  facet normal 0 0 1
    outer loop
      vertex -31.5 -54.5596 194
      vertex -35.4968 -41.5779 194
      vertex -35.0009 -52.3826 194
    endloop
  endfacet
  facet normal 0 0 1
    outer loop
      vertex -41.5779 -35.4968 194
      vertex -34.9075 -26.7855 194
      vertex -36.5847 -24.4451 194
    endloop
  endfacet
  facet normal 0 0 1
    outer loop
      vertex -41.5779 -35.4968 194
      vertex -36.5847 -24.4451 194
      vertex -38.1051 -22 194
    endloop
  endfacet
  facet normal 0 0 1
    outer loop
      vertex -41.5779 -35.4968 194
      vertex -38.1051 -22 194
      vertex -39.4624 -19.4607 194
    endloop
  endfacet
  facet normal 0 0 1
    outer loop
      vertex -43.6992 -37.6181 194
      vertex -39.4624 -19.4607 194
      vertex -40.6507 -16.8381 194
    endloop
  endfacet
  facet normal 0 0 1
    outer loop
      vertex -31.1127 -31.1127 194
      vertex -41.5779 -35.4968 194
      vertex -35.4968 -41.5779 194
    endloop
  endfacet
  facet normal 0 0 1
    outer loop
      vertex -43.6992 -37.6181 194
      vertex -40.6507 -16.8381 194
      vertex -41.6649 -14.1433 194
    endloop
  endfacet
  facet normal 0 0 1
    outer loop
      vertex -43.6992 -37.6181 194
      vertex -41.6649 -14.1433 194
      vertex -42.5007 -11.388 194
    endloop
  endfacet
  facet normal 0 0 1
    outer loop
      vertex -43.6992 -37.6181 194
      vertex -42.5007 -11.388 194
      vertex -43.1546 -8.58397 194
    endloop
  endfacet
  facet normal 0 0 1
    outer loop
      vertex -43.6992 -37.6181 194
      vertex -43.1546 -8.58397 194
      vertex -43.6236 -5.74315 194
    endloop
  endfacet
  facet normal 0 0 1
    outer loop
      vertex -39.4624 -19.4607 194
      vertex -43.6992 -37.6181 194
      vertex -41.5779 -35.4968 194
    endloop
  endfacet
  facet normal 0 -0 1
    outer loop
      vertex -43.6992 -37.6181 194
      vertex -43.6236 -5.74315 194
      vertex -43.9058 -2.87774 194
    endloop
  endfacet
  facet normal 0 0 1
    outer loop
      vertex 49.9813 -38.352 194
      vertex 43.6992 -37.6181 194
      vertex 47.3659 -41.5388 194
    endloop
  endfacet
  facet normal 0 0 1
    outer loop
      vertex 47.3659 -41.5388 194
      vertex 43.6992 -37.6181 194
      vertex 44.5477 -44.5477 194
    endloop
  endfacet
  facet normal -0 0 1
    outer loop
      vertex 37.6181 -43.6992 194
      vertex 44.5477 -44.5477 194
      vertex 43.6992 -37.6181 194
    endloop
  endfacet
  facet normal 0 0 1
    outer loop
      vertex 44.5477 -44.5477 194
      vertex 37.6181 -43.6992 194
      vertex 41.5388 -47.3659 194
    endloop
  endfacet
  facet normal 0 0 1
    outer loop
      vertex 41.5388 -47.3659 194
      vertex 37.6181 -43.6992 194
      vertex 38.352 -49.9813 194
    endloop
  endfacet
  facet normal 0 0 1
    outer loop
      vertex 35.0009 -52.3826 194
      vertex 37.6181 -43.6992 194
      vertex 35.4968 -41.5779 194
    endloop
  endfacet
  facet normal 0 0 1
    outer loop
      vertex 37.6181 -43.6992 194
      vertex 35.0009 -52.3826 194
      vertex 38.352 -49.9813 194
    endloop
  endfacet
  facet normal 0 0 1
    outer loop
      vertex 54.5 4.3 194
      vertex 43.6236 5.74315 194
      vertex 43.9058 2.87774 194
    endloop
  endfacet
  facet normal 0 0 1
    outer loop
      vertex 52.3826 35.0009 194
      vertex 43.1546 8.58397 194
      vertex 43.6236 5.74315 194
    endloop
  endfacet
  facet normal 0 0 1
    outer loop
      vertex 52.3826 35.0009 194
      vertex 42.5007 11.388 194
      vertex 43.1546 8.58397 194
    endloop
  endfacet
  facet normal 0 0 1
    outer loop
      vertex 52.3826 35.0009 194
      vertex 41.6649 14.1433 194
      vertex 42.5007 11.388 194
    endloop
  endfacet
  facet normal 0 0 1
    outer loop
      vertex 38.1051 22 194
      vertex 52.3826 35.0009 194
      vertex 41.5779 35.4968 194
    endloop
  endfacet
  facet normal 0 0 1
    outer loop
      vertex 52.3826 35.0009 194
      vertex 40.6507 16.8381 194
      vertex 41.6649 14.1433 194
    endloop
  endfacet
  facet normal 0 0 1
    outer loop
      vertex 52.3826 35.0009 194
      vertex 39.4624 19.4607 194
      vertex 40.6507 16.8381 194
    endloop
  endfacet
  facet normal 0 0 1
    outer loop
      vertex 52.3826 35.0009 194
      vertex 38.1051 22 194
      vertex 39.4624 19.4607 194
    endloop
  endfacet
  facet normal 0 0 1
    outer loop
      vertex 41.5779 35.4968 194
      vertex 36.5847 24.4451 194
      vertex 38.1051 22 194
    endloop
  endfacet
  facet normal 0 0 1
    outer loop
      vertex 31.1127 31.1127 194
      vertex 41.5779 35.4968 194
      vertex 35.4968 41.5779 194
    endloop
  endfacet
  facet normal 0 0 1
    outer loop
      vertex 41.5779 35.4968 194
      vertex 34.9075 26.7855 194
      vertex 36.5847 24.4451 194
    endloop
  endfacet
  facet normal 0 0 1
    outer loop
      vertex 31.5 54.5596 194
      vertex 35.4968 41.5779 194
      vertex 35.0009 52.3826 194
    endloop
  endfacet
  facet normal 0 0 1
    outer loop
      vertex 41.5779 35.4968 194
      vertex 33.081 29.0112 194
      vertex 34.9075 26.7855 194
    endloop
  endfacet
  facet normal 0 0 1
    outer loop
      vertex 22 38.1051 194
      vertex 35.4968 41.5779 194
      vertex 31.5 54.5596 194
    endloop
  endfacet
  facet normal 0 0 1
    outer loop
      vertex 41.5779 35.4968 194
      vertex 31.1127 31.1127 194
      vertex 33.081 29.0112 194
    endloop
  endfacet
  facet normal 0 0 1
    outer loop
      vertex 35.4968 41.5779 194
      vertex 29.0112 33.081 194
      vertex 31.1127 31.1127 194
    endloop
  endfacet
  facet normal 0 0 1
    outer loop
      vertex 22 38.1051 194
      vertex 31.5 54.5596 194
      vertex 27.8642 56.503 194
    endloop
  endfacet
  facet normal 0 0 1
    outer loop
      vertex 35.4968 41.5779 194
      vertex 26.7855 34.9075 194
      vertex 29.0112 33.081 194
    endloop
  endfacet
  facet normal 0 0 1
    outer loop
      vertex 35.4968 41.5779 194
      vertex 24.4451 36.5847 194
      vertex 26.7855 34.9075 194
    endloop
  endfacet
  facet normal 0 0 1
    outer loop
      vertex 19.4607 39.4624 194
      vertex 27.8642 56.503 194
      vertex 24.1091 58.2044 194
    endloop
  endfacet
  facet normal 0 0 1
    outer loop
      vertex 35.4968 41.5779 194
      vertex 22 38.1051 194
      vertex 24.4451 36.5847 194
    endloop
  endfacet
  facet normal 0 0 1
    outer loop
      vertex 16.8381 40.6507 194
      vertex 24.1091 58.2044 194
      vertex 20.2507 59.6566 194
    endloop
  endfacet
  facet normal 0 0 1
    outer loop
      vertex 27.8642 56.503 194
      vertex 19.4607 39.4624 194
      vertex 22 38.1051 194
    endloop
  endfacet
  facet normal 0 0 1
    outer loop
      vertex 24.1091 58.2044 194
      vertex 16.8381 40.6507 194
      vertex 19.4607 39.4624 194
    endloop
  endfacet
  facet normal 0 0 1
    outer loop
      vertex 14.1433 41.6649 194
      vertex 20.2507 59.6566 194
      vertex 16.3056 60.8533 194
    endloop
  endfacet
  facet normal 0 0 1
    outer loop
      vertex 20.2507 59.6566 194
      vertex 14.1433 41.6649 194
      vertex 16.8381 40.6507 194
    endloop
  endfacet
  facet normal 0 0 1
    outer loop
      vertex 4.3 54.5 194
      vertex 12.2907 61.7895 194
      vertex 4.3 57.5 194
    endloop
  endfacet
  facet normal 0 0 1
    outer loop
      vertex 16.3056 60.8533 194
      vertex 11.388 42.5007 194
      vertex 14.1433 41.6649 194
    endloop
  endfacet
  facet normal 0 0 1
    outer loop
      vertex 12.2907 61.7895 194
      vertex 4.3 54.5 194
      vertex 16.3056 60.8533 194
    endloop
  endfacet
  facet normal 0 0 1
    outer loop
      vertex 4.3 57.5 194
      vertex 12.2907 61.7895 194
      vertex 8.22315 62.461 194
    endloop
  endfacet
  facet normal 0 0 1
    outer loop
      vertex 16.3056 60.8533 194
      vertex 4.3 54.5 194
      vertex 11.388 42.5007 194
    endloop
  endfacet
  facet normal 0 0 1
    outer loop
      vertex 11.388 42.5007 194
      vertex 4.3 54.5 194
      vertex 8.58397 43.1546 194
    endloop
  endfacet
  facet normal 0 0 1
    outer loop
      vertex 4.1204 62.8651 194
      vertex 4.3 57.5 194
      vertex 8.22315 62.461 194
    endloop
  endfacet
  facet normal 0 0 1
    outer loop
      vertex 0 63 194
      vertex 4.3 57.5 194
      vertex 4.1204 62.8651 194
    endloop
  endfacet
  facet normal 0 0 1
    outer loop
      vertex -4.3 57.5 194
      vertex 0 63 194
      vertex -4.1204 62.8651 194
    endloop
  endfacet
  facet normal 0 0 1
    outer loop
      vertex 0 63 194
      vertex -4.3 57.5 194
      vertex 4.3 57.5 194
    endloop
  endfacet
  facet normal 0 0 1
    outer loop
      vertex -12.2907 61.7895 194
      vertex -4.3 54.5 194
      vertex -4.3 57.5 194
    endloop
  endfacet
  facet normal -0 0 1
    outer loop
      vertex -8.22315 62.461 194
      vertex -4.3 57.5 194
      vertex -4.1204 62.8651 194
    endloop
  endfacet
  facet normal -0 0 1
    outer loop
      vertex -12.2907 61.7895 194
      vertex -4.3 57.5 194
      vertex -8.22315 62.461 194
    endloop
  endfacet
  facet normal 0 0 1
    outer loop
      vertex -4.3 54.5 194
      vertex -8.58397 43.1546 194
      vertex -5.74315 43.6236 194
    endloop
  endfacet
  facet normal 0 0 1
    outer loop
      vertex -4.3 54.5 194
      vertex -12.2907 61.7895 194
      vertex -16.3056 60.8533 194
    endloop
  endfacet
  facet normal 0 0 1
    outer loop
      vertex -4.3 54.5 194
      vertex -11.388 42.5007 194
      vertex -8.58397 43.1546 194
    endloop
  endfacet
  facet normal 0 0 1
    outer loop
      vertex -4.3 54.5 194
      vertex -16.3056 60.8533 194
      vertex -11.388 42.5007 194
    endloop
  endfacet
  facet normal 0 0 1
    outer loop
      vertex -11.388 42.5007 194
      vertex -16.3056 60.8533 194
      vertex -14.1433 41.6649 194
    endloop
  endfacet
  facet normal -0 0 1
    outer loop
      vertex -20.2507 59.6566 194
      vertex -14.1433 41.6649 194
      vertex -16.3056 60.8533 194
    endloop
  endfacet
  facet normal 0 0 1
    outer loop
      vertex -14.1433 41.6649 194
      vertex -20.2507 59.6566 194
      vertex -16.8381 40.6507 194
    endloop
  endfacet
  facet normal -0 0 1
    outer loop
      vertex -24.1091 58.2044 194
      vertex -16.8381 40.6507 194
      vertex -20.2507 59.6566 194
    endloop
  endfacet
  facet normal 0 0 1
    outer loop
      vertex -16.8381 40.6507 194
      vertex -24.1091 58.2044 194
      vertex -19.4607 39.4624 194
    endloop
  endfacet
  facet normal -0 0 1
    outer loop
      vertex -27.8642 56.503 194
      vertex -19.4607 39.4624 194
      vertex -24.1091 58.2044 194
    endloop
  endfacet
  facet normal 0 0 1
    outer loop
      vertex -19.4607 39.4624 194
      vertex -27.8642 56.503 194
      vertex -22 38.1051 194
    endloop
  endfacet
  facet normal -0 0 1
    outer loop
      vertex -31.5 54.5596 194
      vertex -22 38.1051 194
      vertex -27.8642 56.503 194
    endloop
  endfacet
  facet normal -0 0 1
    outer loop
      vertex -35.4968 41.5779 194
      vertex -22 38.1051 194
      vertex -31.5 54.5596 194
    endloop
  endfacet
  facet normal 0 0 1
    outer loop
      vertex -22 38.1051 194
      vertex -35.4968 41.5779 194
      vertex -24.4451 36.5847 194
    endloop
  endfacet
  facet normal 0 0 1
    outer loop
      vertex -26.7855 34.9075 194
      vertex -35.4968 41.5779 194
      vertex -29.0112 33.081 194
    endloop
  endfacet
  facet normal 0 0 1
    outer loop
      vertex -24.4451 36.5847 194
      vertex -35.4968 41.5779 194
      vertex -26.7855 34.9075 194
    endloop
  endfacet
  facet normal 0 0 1
    outer loop
      vertex -29.0112 33.081 194
      vertex -35.4968 41.5779 194
      vertex -31.1127 31.1127 194
    endloop
  endfacet
  facet normal -0 0 1
    outer loop
      vertex -41.5779 35.4968 194
      vertex -31.1127 31.1127 194
      vertex -35.4968 41.5779 194
    endloop
  endfacet
  facet normal 0 0 1
    outer loop
      vertex -35.4968 41.5779 194
      vertex -31.5 54.5596 194
      vertex -35.0009 52.3826 194
    endloop
  endfacet
  facet normal 0 0 1
    outer loop
      vertex -31.1127 31.1127 194
      vertex -41.5779 35.4968 194
      vertex -33.081 29.0112 194
    endloop
  endfacet
  facet normal 0 0 1
    outer loop
      vertex -33.081 29.0112 194
      vertex -41.5779 35.4968 194
      vertex -34.9075 26.7855 194
    endloop
  endfacet
  facet normal 0 0 1
    outer loop
      vertex -34.9075 26.7855 194
      vertex -41.5779 35.4968 194
      vertex -36.5847 24.4451 194
    endloop
  endfacet
  facet normal 0 0 1
    outer loop
      vertex -36.5847 24.4451 194
      vertex -41.5779 35.4968 194
      vertex -38.1051 22 194
    endloop
  endfacet
  facet normal -0 0 1
    outer loop
      vertex -56.503 27.8642 194
      vertex -38.1051 22 194
      vertex -41.5779 35.4968 194
    endloop
  endfacet
  facet normal 0 0 1
    outer loop
      vertex -56.503 27.8642 194
      vertex -41.5779 35.4968 194
      vertex -43.6992 37.6181 194
    endloop
  endfacet
  facet normal 0 0 1
    outer loop
      vertex -38.1051 22 194
      vertex -56.503 27.8642 194
      vertex -39.4624 19.4607 194
    endloop
  endfacet
  facet normal 0 0 1
    outer loop
      vertex -39.4624 19.4607 194
      vertex -56.503 27.8642 194
      vertex -40.6507 16.8381 194
    endloop
  endfacet
  facet normal -0 0 1
    outer loop
      vertex -58.2044 24.1091 194
      vertex -40.6507 16.8381 194
      vertex -56.503 27.8642 194
    endloop
  endfacet
  facet normal 0 0 1
    outer loop
      vertex -40.6507 16.8381 194
      vertex -58.2044 24.1091 194
      vertex -41.6649 14.1433 194
    endloop
  endfacet
  facet normal -0 0 1
    outer loop
      vertex -59.6566 20.2507 194
      vertex -41.6649 14.1433 194
      vertex -58.2044 24.1091 194
    endloop
  endfacet
  facet normal 0 0 1
    outer loop
      vertex -41.6649 14.1433 194
      vertex -59.6566 20.2507 194
      vertex -42.5007 11.388 194
    endloop
  endfacet
  facet normal 0 0 1
    outer loop
      vertex 57.5 4.3 194
      vertex 63 0 194
      vertex 62.8651 4.1204 194
    endloop
  endfacet
  facet normal -0 0 1
    outer loop
      vertex 57.5 4.3 194
      vertex 62.8651 4.1204 194
      vertex 62.461 8.22315 194
    endloop
  endfacet
  facet normal 0 0 1
    outer loop
      vertex 57.5 -4.3 194
      vertex 63 0 194
      vertex 57.5 4.3 194
    endloop
  endfacet
  facet normal 0 0 1
    outer loop
      vertex 57.5 4.3 194
      vertex 62.461 8.22315 194
      vertex 61.7895 12.2907 194
    endloop
  endfacet
  facet normal 0 0 1
    outer loop
      vertex 63 0 194
      vertex 57.5 -4.3 194
      vertex 62.8651 -4.1204 194
    endloop
  endfacet
  facet normal 0 0 1
    outer loop
      vertex 54.5 4.3 194
      vertex 61.7895 12.2907 194
      vertex 60.8533 16.3056 194
    endloop
  endfacet
  facet normal 0 0 1
    outer loop
      vertex 62.8651 -4.1204 194
      vertex 57.5 -4.3 194
      vertex 62.461 -8.22315 194
    endloop
  endfacet
  facet normal 0 0 1
    outer loop
      vertex 43.6236 5.74315 194
      vertex 60.8533 16.3056 194
      vertex 59.6566 20.2507 194
    endloop
  endfacet
  facet normal 0 0 1
    outer loop
      vertex 62.461 -8.22315 194
      vertex 57.5 -4.3 194
      vertex 61.7895 -12.2907 194
    endloop
  endfacet
  facet normal 0 0 1
    outer loop
      vertex 43.6236 5.74315 194
      vertex 59.6566 20.2507 194
      vertex 58.2044 24.1091 194
    endloop
  endfacet
  facet normal -0 0 1
    outer loop
      vertex 54.5 -4.3 194
      vertex 61.7895 -12.2907 194
      vertex 57.5 -4.3 194
    endloop
  endfacet
  facet normal 0 0 1
    outer loop
      vertex 61.7895 -12.2907 194
      vertex 54.5 -4.3 194
      vertex 60.8533 -16.3056 194
    endloop
  endfacet
  facet normal 0 0 1
    outer loop
      vertex 43.6236 5.74315 194
      vertex 58.2044 24.1091 194
      vertex 56.503 27.8642 194
    endloop
  endfacet
  facet normal 0 0 1
    outer loop
      vertex 43.6236 5.74315 194
      vertex 56.503 27.8642 194
      vertex 54.5596 31.5 194
    endloop
  endfacet
  facet normal 0 0 1
    outer loop
      vertex 61.7895 12.2907 194
      vertex 54.5 4.3 194
      vertex 57.5 4.3 194
    endloop
  endfacet
  facet normal 0 0 1
    outer loop
      vertex 60.8533 16.3056 194
      vertex 43.6236 5.74315 194
      vertex 54.5 4.3 194
    endloop
  endfacet
  facet normal 0 0 1
    outer loop
      vertex 43.6236 5.74315 194
      vertex 54.5596 31.5 194
      vertex 52.3826 35.0009 194
    endloop
  endfacet
  facet normal 0 0 1
    outer loop
      vertex 43.1546 -8.58397 194
      vertex 54.5 -4.3 194
      vertex 43.6236 -5.74315 194
    endloop
  endfacet
  facet normal 0 0 1
    outer loop
      vertex 43.6236 -5.74315 194
      vertex 54.5 -4.3 194
      vertex 43.9058 -2.87774 194
    endloop
  endfacet
  facet normal -0 0 1
    outer loop
      vertex 43.9058 -2.87774 194
      vertex 54.5 -4.3 194
      vertex 44 0 194
    endloop
  endfacet
  facet normal 0 0 1
    outer loop
      vertex 42.5007 -11.388 194
      vertex 54.5 -4.3 194
      vertex 43.1546 -8.58397 194
    endloop
  endfacet
  facet normal 0 -0 1
    outer loop
      vertex 44 0 194
      vertex 54.5 4.3 194
      vertex 43.9058 2.87774 194
    endloop
  endfacet
  facet normal 0 0 1
    outer loop
      vertex 54.5 -4.3 194
      vertex 42.5007 -11.388 194
      vertex 60.8533 -16.3056 194
    endloop
  endfacet
  facet normal -0 0 1
    outer loop
      vertex 43.6992 37.6181 194
      vertex 52.3826 35.0009 194
      vertex 49.9813 38.352 194
    endloop
  endfacet
  facet normal 0 0 1
    outer loop
      vertex 60.8533 -16.3056 194
      vertex 42.5007 -11.388 194
      vertex 59.6566 -20.2507 194
    endloop
  endfacet
  facet normal 0 0 1
    outer loop
      vertex 43.6992 37.6181 194
      vertex 49.9813 38.352 194
      vertex 47.3659 41.5388 194
    endloop
  endfacet
  facet normal 0 0 1
    outer loop
      vertex 56.503 -27.8642 194
      vertex 43.6992 -37.6181 194
      vertex 54.5596 -31.5 194
    endloop
  endfacet
  facet normal 0 0 1
    outer loop
      vertex 43.6992 37.6181 194
      vertex 47.3659 41.5388 194
      vertex 44.5477 44.5477 194
    endloop
  endfacet
  facet normal 0 0 1
    outer loop
      vertex 54.5596 -31.5 194
      vertex 43.6992 -37.6181 194
      vertex 52.3826 -35.0009 194
    endloop
  endfacet
  facet normal 0 0 1
    outer loop
      vertex 52.3826 -35.0009 194
      vertex 43.6992 -37.6181 194
      vertex 49.9813 -38.352 194
    endloop
  endfacet
  facet normal 0 0 1
    outer loop
      vertex 54.5 4.3 194
      vertex 44 0 194
      vertex 54.5 -4.3 194
    endloop
  endfacet
  facet normal -0 0 1
    outer loop
      vertex 41.5779 35.4968 194
      vertex 52.3826 35.0009 194
      vertex 43.6992 37.6181 194
    endloop
  endfacet
  facet normal 0 0 1
    outer loop
      vertex 37.6181 43.6992 194
      vertex 44.5477 44.5477 194
      vertex 41.5388 47.3659 194
    endloop
  endfacet
  facet normal 0 0 1
    outer loop
      vertex 37.6181 43.6992 194
      vertex 41.5388 47.3659 194
      vertex 38.352 49.9813 194
    endloop
  endfacet
  facet normal 0 0 1
    outer loop
      vertex 44.5477 44.5477 194
      vertex 37.6181 43.6992 194
      vertex 43.6992 37.6181 194
    endloop
  endfacet
  facet normal 0 0 1
    outer loop
      vertex 35.0009 52.3826 194
      vertex 37.6181 43.6992 194
      vertex 38.352 49.9813 194
    endloop
  endfacet
  facet normal 0 0 1
    outer loop
      vertex 37.6181 43.6992 194
      vertex 35.0009 52.3826 194
      vertex 35.4968 41.5779 194
    endloop
  endfacet
  facet normal -0.0326024 -0.999468 0
    outer loop
      vertex -19.4285 41.7036 115
      vertex -19.1342 41.694 190
      vertex -19.4285 41.7036 190
    endloop
  endfacet
  facet normal -0.0326024 -0.999468 -0
    outer loop
      vertex -19.1342 41.694 190
      vertex -19.4285 41.7036 115
      vertex -19.1342 41.694 115
    endloop
  endfacet
  facet normal -0.986631 0.162967 0
    outer loop
      vertex -23.5957 46.7813 115
      vertex -23.5477 47.0719 190
      vertex -23.5477 47.0719 115
    endloop
  endfacet
  facet normal -0.986631 0.162967 0
    outer loop
      vertex -23.5477 47.0719 190
      vertex -23.5957 46.7813 115
      vertex -23.5957 46.7813 190
    endloop
  endfacet
  facet normal 0.352463 -0.935826 0
    outer loop
      vertex -28.9916 -43.9289 115
      vertex -28.716 -43.8251 190
      vertex -28.9916 -43.9289 190
    endloop
  endfacet
  facet normal 0.352463 -0.935826 0
    outer loop
      vertex -28.716 -43.8251 190
      vertex -28.9916 -43.9289 115
      vertex -28.716 -43.8251 115
    endloop
  endfacet
  facet normal -0.849236 0.528014 0
    outer loop
      vertex -34.3352 -37.4177 115
      vertex -34.1797 -37.1676 190
      vertex -34.1797 -37.1676 115
    endloop
  endfacet
  facet normal -0.849236 0.528014 0
    outer loop
      vertex -34.1797 -37.1676 190
      vertex -34.3352 -37.4177 115
      vertex -34.3352 -37.4177 190
    endloop
  endfacet
  facet normal -0.81293 0.582362 0
    outer loop
      vertex -34.1797 -37.1676 115
      vertex -34.0082 -36.9282 190
      vertex -34.0082 -36.9282 115
    endloop
  endfacet
  facet normal -0.81293 0.582362 0
    outer loop
      vertex -34.0082 -36.9282 190
      vertex -34.1797 -37.1676 115
      vertex -34.1797 -37.1676 190
    endloop
  endfacet
  facet normal -0.881939 0.471364 0
    outer loop
      vertex -34.474 -37.6774 115
      vertex -34.3352 -37.4177 190
      vertex -34.3352 -37.4177 115
    endloop
  endfacet
  facet normal -0.881939 0.471364 0
    outer loop
      vertex -34.3352 -37.4177 190
      vertex -34.474 -37.6774 115
      vertex -34.474 -37.6774 190
    endloop
  endfacet
  facet normal 0.528014 0.849236 -0
    outer loop
      vertex -27.938 -35.9261 115
      vertex -28.1881 -35.7706 190
      vertex -27.938 -35.9261 190
    endloop
  endfacet
  facet normal 0.528014 0.849236 0
    outer loop
      vertex -28.1881 -35.7706 190
      vertex -27.938 -35.9261 115
      vertex -28.1881 -35.7706 115
    endloop
  endfacet
  facet normal -0.471364 -0.881939 0
    outer loop
      vertex -32.6881 -43.5648 115
      vertex -32.4284 -43.7036 190
      vertex -32.6881 -43.5648 190
    endloop
  endfacet
  facet normal -0.471364 -0.881939 -0
    outer loop
      vertex -32.4284 -43.7036 190
      vertex -32.6881 -43.5648 115
      vertex -32.4284 -43.7036 115
    endloop
  endfacet
  facet normal 0.910947 -0.412524 0
    outer loop
      vertex -26.4021 -41.658 190
      vertex -26.2806 -41.3897 115
      vertex -26.2806 -41.3897 190
    endloop
  endfacet
  facet normal 0.910947 -0.412524 0
    outer loop
      vertex -26.2806 -41.3897 115
      vertex -26.4021 -41.658 190
      vertex -26.4021 -41.658 115
    endloop
  endfacet
  facet normal -0.986622 0.163022 0
    outer loop
      vertex -34.8996 -39.0803 115
      vertex -34.8516 -38.7898 190
      vertex -34.8516 -38.7898 115
    endloop
  endfacet
  facet normal -0.986622 0.163022 0
    outer loop
      vertex -34.8516 -38.7898 190
      vertex -34.8996 -39.0803 115
      vertex -34.8996 -39.0803 190
    endloop
  endfacet
  facet normal -0.729823 0.683636 0
    outer loop
      vertex -33.8214 -36.7006 115
      vertex -33.6201 -36.4857 190
      vertex -33.6201 -36.4857 115
    endloop
  endfacet
  facet normal -0.729823 0.683636 0
    outer loop
      vertex -33.6201 -36.4857 190
      vertex -33.8214 -36.7006 115
      vertex -33.8214 -36.7006 190
    endloop
  endfacet
  facet normal -0.0329417 -0.999457 0
    outer loop
      vertex -30.7324 -44.158 115
      vertex -30.4381 -44.1677 190
      vertex -30.7324 -44.158 190
    endloop
  endfacet
  facet normal -0.0329417 -0.999457 -0
    outer loop
      vertex -30.4381 -44.1677 190
      vertex -30.7324 -44.158 115
      vertex -30.4381 -44.1677 115
    endloop
  endfacet
  facet normal 0.849236 0.528014 0
    outer loop
      vertex -26.541 -37.4177 190
      vertex -26.6965 -37.1676 115
      vertex -26.6965 -37.1676 190
    endloop
  endfacet
  facet normal 0.849236 0.528014 0
    outer loop
      vertex -26.6965 -37.1676 115
      vertex -26.541 -37.4177 190
      vertex -26.541 -37.4177 115
    endloop
  endfacet
  facet normal -0.227165 0.973856 0
    outer loop
      vertex -31.316 -35.2541 115
      vertex -31.6028 -35.321 190
      vertex -31.316 -35.2541 190
    endloop
  endfacet
  facet normal -0.227165 0.973856 0
    outer loop
      vertex -31.6028 -35.321 190
      vertex -31.316 -35.2541 115
      vertex -31.6028 -35.321 115
    endloop
  endfacet
  facet normal -0.772988 -0.634421 0
    outer loop
      vertex -33.8214 -42.6347 115
      vertex -34.0082 -42.4071 190
      vertex -34.0082 -42.4071 115
    endloop
  endfacet
  facet normal -0.772988 -0.634421 0
    outer loop
      vertex -34.0082 -42.4071 190
      vertex -33.8214 -42.6347 115
      vertex -33.8214 -42.6347 190
    endloop
  endfacet
  facet normal -0.683467 -0.729982 0
    outer loop
      vertex -33.6201 -42.8496 115
      vertex -33.4051 -43.0509 190
      vertex -33.6201 -42.8496 190
    endloop
  endfacet
  facet normal -0.683467 -0.729982 -0
    outer loop
      vertex -33.4051 -43.0509 190
      vertex -33.6201 -42.8496 115
      vertex -33.4051 -43.0509 115
    endloop
  endfacet
  facet normal -0.935826 -0.352463 0
    outer loop
      vertex -34.5955 -41.3897 115
      vertex -34.6993 -41.1141 190
      vertex -34.6993 -41.1141 115
    endloop
  endfacet
  facet normal -0.935826 -0.352463 0
    outer loop
      vertex -34.6993 -41.1141 190
      vertex -34.5955 -41.3897 115
      vertex -34.5955 -41.3897 190
    endloop
  endfacet
  facet normal -0.881939 -0.471364 0
    outer loop
      vertex -34.3352 -41.9177 115
      vertex -34.474 -41.658 190
      vertex -34.474 -41.658 115
    endloop
  endfacet
  facet normal -0.881939 -0.471364 0
    outer loop
      vertex -34.474 -41.658 190
      vertex -34.3352 -41.9177 115
      vertex -34.3352 -41.9177 190
    endloop
  endfacet
  facet normal 0.986686 -0.162637 0
    outer loop
      vertex -26.0245 -40.5456 190
      vertex -25.9766 -40.255 115
      vertex -25.9766 -40.255 190
    endloop
  endfacet
  facet normal 0.986686 -0.162637 0
    outer loop
      vertex -25.9766 -40.255 115
      vertex -26.0245 -40.5456 190
      vertex -26.0245 -40.5456 115
    endloop
  endfacet
  facet normal 0.163022 -0.986622 0
    outer loop
      vertex -29.8507 -44.1292 115
      vertex -29.5602 -44.0812 190
      vertex -29.8507 -44.1292 190
    endloop
  endfacet
  facet normal 0.163022 -0.986622 0
    outer loop
      vertex -29.5602 -44.0812 190
      vertex -29.8507 -44.1292 115
      vertex -29.5602 -44.0812 115
    endloop
  endfacet
  facet normal 0.528014 -0.849236 0
    outer loop
      vertex -28.1881 -43.5648 115
      vertex -27.938 -43.4093 190
      vertex -28.1881 -43.5648 190
    endloop
  endfacet
  facet normal 0.528014 -0.849236 0
    outer loop
      vertex -27.938 -43.4093 190
      vertex -28.1881 -43.5648 115
      vertex -27.938 -43.4093 115
    endloop
  endfacet
  facet normal -0.352463 -0.935826 0
    outer loop
      vertex -32.1601 -43.8251 115
      vertex -31.8845 -43.9289 190
      vertex -32.1601 -43.8251 190
    endloop
  endfacet
  facet normal -0.352463 -0.935826 -0
    outer loop
      vertex -31.8845 -43.9289 190
      vertex -32.1601 -43.8251 115
      vertex -31.8845 -43.9289 115
    endloop
  endfacet
  facet normal 0.227165 0.973856 -0
    outer loop
      vertex -29.2734 -35.321 115
      vertex -29.5602 -35.2541 190
      vertex -29.2734 -35.321 190
    endloop
  endfacet
  facet normal 0.227165 0.973856 0
    outer loop
      vertex -29.5602 -35.2541 190
      vertex -29.2734 -35.321 115
      vertex -29.5602 -35.2541 115
    endloop
  endfacet
  facet normal 0.935938 0.352165 0
    outer loop
      vertex -26.1769 -38.2212 190
      vertex -26.2806 -37.9456 115
      vertex -26.2806 -37.9456 190
    endloop
  endfacet
  facet normal 0.935938 0.352165 0
    outer loop
      vertex -26.2806 -37.9456 115
      vertex -26.1769 -38.2212 190
      vertex -26.1769 -38.2212 115
    endloop
  endfacet
  facet normal -0.973856 -0.227165 0
    outer loop
      vertex -34.7847 -40.8324 115
      vertex -34.8516 -40.5456 190
      vertex -34.8516 -40.5456 115
    endloop
  endfacet
  facet normal -0.973856 -0.227165 0
    outer loop
      vertex -34.8516 -40.5456 190
      vertex -34.7847 -40.8324 115
      vertex -34.7847 -40.8324 190
    endloop
  endfacet
  facet normal -0.772988 0.634421 0
    outer loop
      vertex -34.0082 -36.9282 115
      vertex -33.8214 -36.7006 190
      vertex -33.8214 -36.7006 115
    endloop
  endfacet
  facet normal -0.772988 0.634421 0
    outer loop
      vertex -33.8214 -36.7006 190
      vertex -34.0082 -36.9282 115
      vertex -34.0082 -36.9282 190
    endloop
  endfacet
  facet normal 0.412651 0.910889 -0
    outer loop
      vertex -28.4478 -35.6317 115
      vertex -28.716 -35.5102 190
      vertex -28.4478 -35.6317 190
    endloop
  endfacet
  facet normal 0.412651 0.910889 0
    outer loop
      vertex -28.716 -35.5102 190
      vertex -28.4478 -35.6317 115
      vertex -28.716 -35.5102 115
    endloop
  endfacet
  facet normal 0.290337 0.956924 -0
    outer loop
      vertex -28.9916 -35.4065 115
      vertex -29.2734 -35.321 190
      vertex -28.9916 -35.4065 190
    endloop
  endfacet
  facet normal 0.290337 0.956924 0
    outer loop
      vertex -29.2734 -35.321 190
      vertex -28.9916 -35.4065 115
      vertex -29.2734 -35.321 115
    endloop
  endfacet
  facet normal -0.729823 -0.683636 0
    outer loop
      vertex -33.6201 -42.8496 115
      vertex -33.8214 -42.6347 190
      vertex -33.8214 -42.6347 115
    endloop
  endfacet
  facet normal -0.729823 -0.683636 0
    outer loop
      vertex -33.8214 -42.6347 190
      vertex -33.6201 -42.8496 115
      vertex -33.6201 -42.8496 190
    endloop
  endfacet
  facet normal -0.0981585 0.995171 0
    outer loop
      vertex -30.7324 -35.1773 115
      vertex -31.0254 -35.2062 190
      vertex -30.7324 -35.1773 190
    endloop
  endfacet
  facet normal -0.0981585 0.995171 0
    outer loop
      vertex -31.0254 -35.2062 190
      vertex -30.7324 -35.1773 115
      vertex -31.0254 -35.2062 115
    endloop
  endfacet
  facet normal -0.986631 -0.162967 0
    outer loop
      vertex -34.8516 -40.5456 115
      vertex -34.8996 -40.255 190
      vertex -34.8996 -40.255 115
    endloop
  endfacet
  facet normal -0.986631 -0.162967 0
    outer loop
      vertex -34.8996 -40.255 190
      vertex -34.8516 -40.5456 115
      vertex -34.8516 -40.5456 190
    endloop
  endfacet
  facet normal -0.957019 0.290026 0
    outer loop
      vertex -34.7847 -38.503 115
      vertex -34.6993 -38.2212 190
      vertex -34.6993 -38.2212 115
    endloop
  endfacet
  facet normal -0.957019 0.290026 0
    outer loop
      vertex -34.6993 -38.2212 190
      vertex -34.7847 -38.503 115
      vertex -34.7847 -38.503 190
    endloop
  endfacet
  facet normal -0.910947 -0.412524 0
    outer loop
      vertex -34.474 -41.658 115
      vertex -34.5955 -41.3897 190
      vertex -34.5955 -41.3897 115
    endloop
  endfacet
  facet normal -0.910947 -0.412524 0
    outer loop
      vertex -34.5955 -41.3897 190
      vertex -34.474 -41.658 115
      vertex -34.474 -41.658 190
    endloop
  endfacet
  facet normal -0.528166 -0.849141 0
    outer loop
      vertex -32.9381 -43.4093 115
      vertex -32.6881 -43.5648 190
      vertex -32.9381 -43.4093 190
    endloop
  endfacet
  facet normal -0.528166 -0.849141 -0
    outer loop
      vertex -32.6881 -43.5648 190
      vertex -32.9381 -43.4093 115
      vertex -32.6881 -43.5648 115
    endloop
  endfacet
  facet normal 0.772988 0.634421 0
    outer loop
      vertex -26.868 -36.9282 190
      vertex -27.0548 -36.7006 115
      vertex -27.0548 -36.7006 190
    endloop
  endfacet
  facet normal 0.772988 0.634421 0
    outer loop
      vertex -27.0548 -36.7006 115
      vertex -26.868 -36.9282 190
      vertex -26.868 -36.9282 115
    endloop
  endfacet
  facet normal -0.582362 0.81293 0
    outer loop
      vertex -32.9381 -35.9261 115
      vertex -33.1775 -36.0976 190
      vertex -32.9381 -35.9261 190
    endloop
  endfacet
  facet normal -0.582362 0.81293 0
    outer loop
      vertex -33.1775 -36.0976 190
      vertex -32.9381 -35.9261 115
      vertex -33.1775 -36.0976 115
    endloop
  endfacet
  facet normal 0.986677 0.162691 0
    outer loop
      vertex -25.9766 -39.0803 190
      vertex -26.0245 -38.7898 115
      vertex -26.0245 -38.7898 190
    endloop
  endfacet
  facet normal 0.986677 0.162691 0
    outer loop
      vertex -26.0245 -38.7898 115
      vertex -25.9766 -39.0803 190
      vertex -25.9766 -39.0803 115
    endloop
  endfacet
  facet normal 0.995171 -0.0981585 0
    outer loop
      vertex -25.9766 -40.255 190
      vertex -25.9477 -39.962 115
      vertex -25.9477 -39.962 190
    endloop
  endfacet
  facet normal 0.995171 -0.0981585 0
    outer loop
      vertex -25.9477 -39.962 115
      vertex -25.9766 -40.255 190
      vertex -25.9766 -40.255 115
    endloop
  endfacet
  facet normal -0.935826 0.352463 0
    outer loop
      vertex -34.6993 -38.2212 115
      vertex -34.5955 -37.9456 190
      vertex -34.5955 -37.9456 115
    endloop
  endfacet
  facet normal -0.935826 0.352463 0
    outer loop
      vertex -34.5955 -37.9456 190
      vertex -34.6993 -38.2212 115
      vertex -34.6993 -38.2212 190
    endloop
  endfacet
  facet normal 0.881798 -0.471628 0
    outer loop
      vertex -26.541 -41.9177 190
      vertex -26.4021 -41.658 115
      vertex -26.4021 -41.658 190
    endloop
  endfacet
  facet normal 0.881798 -0.471628 0
    outer loop
      vertex -26.4021 -41.658 115
      vertex -26.541 -41.9177 190
      vertex -26.541 -41.9177 115
    endloop
  endfacet
  facet normal -0.995207 0.097789 0
    outer loop
      vertex -34.9284 -39.3734 115
      vertex -34.8996 -39.0803 190
      vertex -34.8996 -39.0803 115
    endloop
  endfacet
  facet normal -0.995207 0.097789 0
    outer loop
      vertex -34.8996 -39.0803 190
      vertex -34.9284 -39.3734 115
      vertex -34.9284 -39.3734 190
    endloop
  endfacet
  facet normal 0.0329417 -0.999457 0
    outer loop
      vertex -30.4381 -44.1677 115
      vertex -30.1438 -44.158 190
      vertex -30.4381 -44.1677 190
    endloop
  endfacet
  facet normal 0.0329417 -0.999457 0
    outer loop
      vertex -30.1438 -44.158 190
      vertex -30.4381 -44.1677 115
      vertex -30.1438 -44.158 115
    endloop
  endfacet
  facet normal 0.097789 -0.995207 0
    outer loop
      vertex -30.1438 -44.158 115
      vertex -29.8507 -44.1292 190
      vertex -30.1438 -44.158 190
    endloop
  endfacet
  facet normal 0.097789 -0.995207 0
    outer loop
      vertex -29.8507 -44.1292 190
      vertex -30.1438 -44.158 115
      vertex -29.8507 -44.1292 115
    endloop
  endfacet
  facet normal -0.290121 -0.95699 0
    outer loop
      vertex -31.8845 -43.9289 115
      vertex -31.6028 -44.0143 190
      vertex -31.8845 -43.9289 190
    endloop
  endfacet
  facet normal -0.290121 -0.95699 -0
    outer loop
      vertex -31.6028 -44.0143 190
      vertex -31.8845 -43.9289 115
      vertex -31.6028 -44.0143 115
    endloop
  endfacet
  facet normal -0.95699 -0.290121 0
    outer loop
      vertex -34.6993 -41.1141 115
      vertex -34.7847 -40.8324 190
      vertex -34.7847 -40.8324 115
    endloop
  endfacet
  facet normal -0.95699 -0.290121 0
    outer loop
      vertex -34.7847 -40.8324 190
      vertex -34.6993 -41.1141 115
      vertex -34.6993 -41.1141 190
    endloop
  endfacet
  facet normal -0.290432 0.956896 0
    outer loop
      vertex -31.6028 -35.321 115
      vertex -31.8845 -35.4065 190
      vertex -31.6028 -35.321 190
    endloop
  endfacet
  facet normal -0.290432 0.956896 0
    outer loop
      vertex -31.8845 -35.4065 190
      vertex -31.6028 -35.321 115
      vertex -31.8845 -35.4065 115
    endloop
  endfacet
  facet normal 0.582362 -0.81293 0
    outer loop
      vertex -27.938 -43.4093 115
      vertex -27.6986 -43.2378 190
      vertex -27.938 -43.4093 190
    endloop
  endfacet
  facet normal 0.582362 -0.81293 0
    outer loop
      vertex -27.6986 -43.2378 190
      vertex -27.938 -43.4093 115
      vertex -27.6986 -43.2378 115
    endloop
  endfacet
  facet normal 0.352165 0.935938 -0
    outer loop
      vertex -28.716 -35.5102 115
      vertex -28.9916 -35.4065 190
      vertex -28.716 -35.5102 190
    endloop
  endfacet
  facet normal 0.352165 0.935938 0
    outer loop
      vertex -28.9916 -35.4065 190
      vertex -28.716 -35.5102 115
      vertex -28.9916 -35.4065 115
    endloop
  endfacet
  facet normal 0.999468 -0.0326024 0
    outer loop
      vertex -25.9477 -39.962 190
      vertex -25.9381 -39.6677 115
      vertex -25.9381 -39.6677 190
    endloop
  endfacet
  facet normal 0.999468 -0.0326024 0
    outer loop
      vertex -25.9381 -39.6677 115
      vertex -25.9477 -39.962 190
      vertex -25.9477 -39.962 115
    endloop
  endfacet
  facet normal -0.683467 0.729982 0
    outer loop
      vertex -33.4051 -36.2844 115
      vertex -33.6201 -36.4857 190
      vertex -33.4051 -36.2844 190
    endloop
  endfacet
  facet normal -0.683467 0.729982 0
    outer loop
      vertex -33.6201 -36.4857 190
      vertex -33.4051 -36.2844 115
      vertex -33.6201 -36.4857 115
    endloop
  endfacet
  facet normal 0.973856 0.227165 0
    outer loop
      vertex -26.0245 -38.7898 190
      vertex -26.0914 -38.503 115
      vertex -26.0914 -38.503 190
    endloop
  endfacet
  facet normal 0.973856 0.227165 0
    outer loop
      vertex -26.0914 -38.503 115
      vertex -26.0245 -38.7898 190
      vertex -26.0245 -38.7898 115
    endloop
  endfacet
  facet normal 0.999468 0.0326024 0
    outer loop
      vertex -25.9381 -39.6677 190
      vertex -25.9477 -39.3734 115
      vertex -25.9477 -39.3734 190
    endloop
  endfacet
  facet normal 0.999468 0.0326024 0
    outer loop
      vertex -25.9477 -39.3734 115
      vertex -25.9381 -39.6677 190
      vertex -25.9381 -39.6677 115
    endloop
  endfacet
  facet normal 0.729823 0.683636 0
    outer loop
      vertex -27.0548 -36.7006 190
      vertex -27.2561 -36.4857 115
      vertex -27.2561 -36.4857 190
    endloop
  endfacet
  facet normal 0.729823 0.683636 0
    outer loop
      vertex -27.2561 -36.4857 115
      vertex -27.0548 -36.7006 190
      vertex -27.0548 -36.7006 115
    endloop
  endfacet
  facet normal -0.0978221 -0.995204 0
    outer loop
      vertex -31.0254 -44.1292 115
      vertex -30.7324 -44.158 190
      vertex -31.0254 -44.1292 190
    endloop
  endfacet
  facet normal -0.0978221 -0.995204 -0
    outer loop
      vertex -30.7324 -44.158 190
      vertex -31.0254 -44.1292 115
      vertex -30.7324 -44.158 115
    endloop
  endfacet
  facet normal -0.634421 0.772988 0
    outer loop
      vertex -33.1775 -36.0976 115
      vertex -33.4051 -36.2844 190
      vertex -33.1775 -36.0976 190
    endloop
  endfacet
  facet normal -0.634421 0.772988 0
    outer loop
      vertex -33.4051 -36.2844 190
      vertex -33.1775 -36.0976 115
      vertex -33.4051 -36.2844 115
    endloop
  endfacet
  facet normal -0.910889 0.412651 0
    outer loop
      vertex -34.5955 -37.9456 115
      vertex -34.474 -37.6774 190
      vertex -34.474 -37.6774 115
    endloop
  endfacet
  facet normal -0.910889 0.412651 0
    outer loop
      vertex -34.474 -37.6774 190
      vertex -34.5955 -37.9456 115
      vertex -34.5955 -37.9456 190
    endloop
  endfacet
  facet normal -0.412524 -0.910947 0
    outer loop
      vertex -32.4284 -43.7036 115
      vertex -32.1601 -43.8251 190
      vertex -32.4284 -43.7036 190
    endloop
  endfacet
  facet normal -0.412524 -0.910947 -0
    outer loop
      vertex -32.1601 -43.8251 190
      vertex -32.4284 -43.7036 115
      vertex -32.1601 -43.8251 115
    endloop
  endfacet
  facet normal 0.0981253 0.995174 -0
    outer loop
      vertex -29.8507 -35.2062 115
      vertex -30.1438 -35.1773 190
      vertex -29.8507 -35.2062 190
    endloop
  endfacet
  facet normal 0.0981253 0.995174 0
    outer loop
      vertex -30.1438 -35.1773 190
      vertex -29.8507 -35.2062 115
      vertex -30.1438 -35.1773 115
    endloop
  endfacet
  facet normal 0.995174 0.0981253 0
    outer loop
      vertex -25.9477 -39.3734 190
      vertex -25.9766 -39.0803 115
      vertex -25.9766 -39.0803 190
    endloop
  endfacet
  facet normal 0.995174 0.0981253 0
    outer loop
      vertex -25.9766 -39.0803 115
      vertex -25.9477 -39.3734 190
      vertex -25.9477 -39.3734 115
    endloop
  endfacet
  facet normal -0.973856 0.227165 0
    outer loop
      vertex -34.8516 -38.7898 115
      vertex -34.7847 -38.503 190
      vertex -34.7847 -38.503 115
    endloop
  endfacet
  facet normal -0.973856 0.227165 0
    outer loop
      vertex -34.7847 -38.503 190
      vertex -34.8516 -38.7898 115
      vertex -34.8516 -38.7898 190
    endloop
  endfacet
  facet normal 0.582362 0.81293 -0
    outer loop
      vertex -27.6986 -36.0976 115
      vertex -27.938 -35.9261 190
      vertex -27.6986 -36.0976 190
    endloop
  endfacet
  facet normal 0.582362 0.81293 0
    outer loop
      vertex -27.938 -35.9261 190
      vertex -27.6986 -36.0976 115
      vertex -27.938 -35.9261 115
    endloop
  endfacet
  facet normal -0.582362 -0.81293 0
    outer loop
      vertex -33.1775 -43.2378 115
      vertex -32.9381 -43.4093 190
      vertex -33.1775 -43.2378 190
    endloop
  endfacet
  facet normal -0.582362 -0.81293 -0
    outer loop
      vertex -32.9381 -43.4093 190
      vertex -33.1775 -43.2378 115
      vertex -32.9381 -43.4093 115
    endloop
  endfacet
  facet normal -0.162967 -0.986631 0
    outer loop
      vertex -31.316 -44.0812 115
      vertex -31.0254 -44.1292 190
      vertex -31.316 -44.0812 190
    endloop
  endfacet
  facet normal -0.162967 -0.986631 -0
    outer loop
      vertex -31.0254 -44.1292 190
      vertex -31.316 -44.0812 115
      vertex -31.0254 -44.1292 115
    endloop
  endfacet
  facet normal -0.849141 -0.528166 0
    outer loop
      vertex -34.1797 -42.1677 115
      vertex -34.3352 -41.9177 190
      vertex -34.3352 -41.9177 115
    endloop
  endfacet
  facet normal -0.849141 -0.528166 0
    outer loop
      vertex -34.3352 -41.9177 190
      vertex -34.1797 -42.1677 115
      vertex -34.1797 -42.1677 190
    endloop
  endfacet
  facet normal 0.162691 0.986677 -0
    outer loop
      vertex -29.5602 -35.2541 115
      vertex -29.8507 -35.2062 190
      vertex -29.5602 -35.2541 190
    endloop
  endfacet
  facet normal 0.162691 0.986677 0
    outer loop
      vertex -29.8507 -35.2062 190
      vertex -29.5602 -35.2541 115
      vertex -29.8507 -35.2062 115
    endloop
  endfacet
  facet normal -0.999457 0.0329417 0
    outer loop
      vertex -34.9381 -39.6677 115
      vertex -34.9284 -39.3734 190
      vertex -34.9284 -39.3734 115
    endloop
  endfacet
  facet normal -0.999457 0.0329417 0
    outer loop
      vertex -34.9284 -39.3734 190
      vertex -34.9381 -39.6677 115
      vertex -34.9381 -39.6677 190
    endloop
  endfacet
  facet normal 0.729823 -0.683636 0
    outer loop
      vertex -27.2561 -42.8496 190
      vertex -27.0548 -42.6347 115
      vertex -27.0548 -42.6347 190
    endloop
  endfacet
  facet normal 0.729823 -0.683636 0
    outer loop
      vertex -27.0548 -42.6347 115
      vertex -27.2561 -42.8496 190
      vertex -27.2561 -42.8496 115
    endloop
  endfacet
  facet normal 0.227165 -0.973856 0
    outer loop
      vertex -29.5602 -44.0812 115
      vertex -29.2734 -44.0143 190
      vertex -29.5602 -44.0812 190
    endloop
  endfacet
  facet normal 0.227165 -0.973856 0
    outer loop
      vertex -29.2734 -44.0143 190
      vertex -29.5602 -44.0812 115
      vertex -29.2734 -44.0143 115
    endloop
  endfacet
  facet normal -0.352165 0.935938 0
    outer loop
      vertex -31.8845 -35.4065 115
      vertex -32.1601 -35.5102 190
      vertex -31.8845 -35.4065 190
    endloop
  endfacet
  facet normal -0.352165 0.935938 0
    outer loop
      vertex -32.1601 -35.5102 190
      vertex -31.8845 -35.4065 115
      vertex -32.1601 -35.5102 115
    endloop
  endfacet
  facet normal 0.935938 -0.352165 0
    outer loop
      vertex -26.2806 -41.3897 190
      vertex -26.1769 -41.1141 115
      vertex -26.1769 -41.1141 190
    endloop
  endfacet
  facet normal 0.935938 -0.352165 0
    outer loop
      vertex -26.1769 -41.1141 115
      vertex -26.2806 -41.3897 190
      vertex -26.2806 -41.3897 115
    endloop
  endfacet
  facet normal -0.162637 0.986686 0
    outer loop
      vertex -31.0254 -35.2062 115
      vertex -31.316 -35.2541 190
      vertex -31.0254 -35.2062 190
    endloop
  endfacet
  facet normal -0.162637 0.986686 0
    outer loop
      vertex -31.316 -35.2541 190
      vertex -31.0254 -35.2062 115
      vertex -31.316 -35.2541 115
    endloop
  endfacet
  facet normal -0.634624 -0.772821 0
    outer loop
      vertex -33.4051 -43.0509 115
      vertex -33.1775 -43.2378 190
      vertex -33.4051 -43.0509 190
    endloop
  endfacet
  facet normal -0.634624 -0.772821 -0
    outer loop
      vertex -33.1775 -43.2378 190
      vertex -33.4051 -43.0509 115
      vertex -33.1775 -43.2378 115
    endloop
  endfacet
  facet normal -0.995204 -0.0978221 0
    outer loop
      vertex -34.8996 -40.255 115
      vertex -34.9284 -39.962 190
      vertex -34.9284 -39.962 115
    endloop
  endfacet
  facet normal -0.995204 -0.0978221 0
    outer loop
      vertex -34.9284 -39.962 190
      vertex -34.8996 -40.255 115
      vertex -34.8996 -40.255 190
    endloop
  endfacet
  facet normal -0.471628 0.881798 0
    outer loop
      vertex -32.4284 -35.6317 115
      vertex -32.6881 -35.7706 190
      vertex -32.4284 -35.6317 190
    endloop
  endfacet
  facet normal -0.471628 0.881798 0
    outer loop
      vertex -32.6881 -35.7706 190
      vertex -32.4284 -35.6317 115
      vertex -32.6881 -35.7706 115
    endloop
  endfacet
  facet normal 0.0326024 0.999468 -0
    outer loop
      vertex -30.1438 -35.1773 115
      vertex -30.4381 -35.1677 190
      vertex -30.1438 -35.1773 190
    endloop
  endfacet
  facet normal 0.0326024 0.999468 0
    outer loop
      vertex -30.4381 -35.1677 190
      vertex -30.1438 -35.1773 115
      vertex -30.4381 -35.1677 115
    endloop
  endfacet
  facet normal 0.849141 -0.528166 0
    outer loop
      vertex -26.6965 -42.1677 190
      vertex -26.541 -41.9177 115
      vertex -26.541 -41.9177 190
    endloop
  endfacet
  facet normal 0.849141 -0.528166 0
    outer loop
      vertex -26.541 -41.9177 115
      vertex -26.6965 -42.1677 190
      vertex -26.6965 -42.1677 115
    endloop
  endfacet
  facet normal 0.471628 0.881798 -0
    outer loop
      vertex -28.1881 -35.7706 115
      vertex -28.4478 -35.6317 190
      vertex -28.1881 -35.7706 190
    endloop
  endfacet
  facet normal 0.471628 0.881798 0
    outer loop
      vertex -28.4478 -35.6317 190
      vertex -28.1881 -35.7706 115
      vertex -28.4478 -35.6317 115
    endloop
  endfacet
  facet normal 0.683636 -0.729823 0
    outer loop
      vertex -27.471 -43.0509 115
      vertex -27.2561 -42.8496 190
      vertex -27.471 -43.0509 190
    endloop
  endfacet
  facet normal 0.683636 -0.729823 0
    outer loop
      vertex -27.2561 -42.8496 190
      vertex -27.471 -43.0509 115
      vertex -27.2561 -42.8496 115
    endloop
  endfacet
  facet normal -0.412524 0.910947 0
    outer loop
      vertex -32.1601 -35.5102 115
      vertex -32.4284 -35.6317 190
      vertex -32.1601 -35.5102 190
    endloop
  endfacet
  facet normal -0.412524 0.910947 0
    outer loop
      vertex -32.4284 -35.6317 190
      vertex -32.1601 -35.5102 115
      vertex -32.4284 -35.6317 115
    endloop
  endfacet
  facet normal 0.81293 0.582362 0
    outer loop
      vertex -26.6965 -37.1676 190
      vertex -26.868 -36.9282 115
      vertex -26.868 -36.9282 190
    endloop
  endfacet
  facet normal 0.81293 0.582362 0
    outer loop
      vertex -26.868 -36.9282 115
      vertex -26.6965 -37.1676 190
      vertex -26.6965 -37.1676 115
    endloop
  endfacet
  facet normal -0.999457 -0.0329417 0
    outer loop
      vertex -34.9284 -39.962 115
      vertex -34.9381 -39.6677 190
      vertex -34.9381 -39.6677 115
    endloop
  endfacet
  facet normal -0.999457 -0.0329417 0
    outer loop
      vertex -34.9381 -39.6677 190
      vertex -34.9284 -39.962 115
      vertex -34.9284 -39.962 190
    endloop
  endfacet
  facet normal 0.81293 -0.582362 0
    outer loop
      vertex -26.868 -42.4071 190
      vertex -26.6965 -42.1677 115
      vertex -26.6965 -42.1677 190
    endloop
  endfacet
  facet normal 0.81293 -0.582362 0
    outer loop
      vertex -26.6965 -42.1677 115
      vertex -26.868 -42.4071 190
      vertex -26.868 -42.4071 115
    endloop
  endfacet
  facet normal 0.910889 0.412651 0
    outer loop
      vertex -26.2806 -37.9456 190
      vertex -26.4021 -37.6774 115
      vertex -26.4021 -37.6774 190
    endloop
  endfacet
  facet normal 0.910889 0.412651 0
    outer loop
      vertex -26.4021 -37.6774 115
      vertex -26.2806 -37.9456 190
      vertex -26.2806 -37.9456 115
    endloop
  endfacet
  facet normal 0.634421 0.772988 -0
    outer loop
      vertex -27.471 -36.2844 115
      vertex -27.6986 -36.0976 190
      vertex -27.471 -36.2844 190
    endloop
  endfacet
  facet normal 0.634421 0.772988 0
    outer loop
      vertex -27.6986 -36.0976 190
      vertex -27.471 -36.2844 115
      vertex -27.6986 -36.0976 115
    endloop
  endfacet
  facet normal 0.956896 -0.290432 0
    outer loop
      vertex -26.1769 -41.1141 190
      vertex -26.0914 -40.8324 115
      vertex -26.0914 -40.8324 190
    endloop
  endfacet
  facet normal 0.956896 -0.290432 0
    outer loop
      vertex -26.0914 -40.8324 115
      vertex -26.1769 -41.1141 190
      vertex -26.1769 -41.1141 115
    endloop
  endfacet
  facet normal -0.528166 0.849141 0
    outer loop
      vertex -32.6881 -35.7706 115
      vertex -32.9381 -35.9261 190
      vertex -32.6881 -35.7706 190
    endloop
  endfacet
  facet normal -0.528166 0.849141 0
    outer loop
      vertex -32.9381 -35.9261 190
      vertex -32.6881 -35.7706 115
      vertex -32.9381 -35.9261 115
    endloop
  endfacet
  facet normal 0.973856 -0.227165 0
    outer loop
      vertex -26.0914 -40.8324 190
      vertex -26.0245 -40.5456 115
      vertex -26.0245 -40.5456 190
    endloop
  endfacet
  facet normal 0.973856 -0.227165 0
    outer loop
      vertex -26.0245 -40.5456 115
      vertex -26.0914 -40.8324 190
      vertex -26.0914 -40.8324 115
    endloop
  endfacet
  facet normal 0.290026 -0.957019 0
    outer loop
      vertex -29.2734 -44.0143 115
      vertex -28.9916 -43.9289 190
      vertex -29.2734 -44.0143 190
    endloop
  endfacet
  facet normal 0.290026 -0.957019 0
    outer loop
      vertex -28.9916 -43.9289 190
      vertex -29.2734 -44.0143 115
      vertex -28.9916 -43.9289 115
    endloop
  endfacet
  facet normal 0.683636 0.729823 -0
    outer loop
      vertex -27.2561 -36.4857 115
      vertex -27.471 -36.2844 190
      vertex -27.2561 -36.4857 190
    endloop
  endfacet
  facet normal 0.683636 0.729823 0
    outer loop
      vertex -27.471 -36.2844 190
      vertex -27.2561 -36.4857 115
      vertex -27.471 -36.2844 115
    endloop
  endfacet
  facet normal -0.227165 -0.973856 0
    outer loop
      vertex -31.6028 -44.0143 115
      vertex -31.316 -44.0812 190
      vertex -31.6028 -44.0143 190
    endloop
  endfacet
  facet normal -0.227165 -0.973856 -0
    outer loop
      vertex -31.316 -44.0812 190
      vertex -31.6028 -44.0143 115
      vertex -31.316 -44.0812 115
    endloop
  endfacet
  facet normal 0.772988 -0.634421 0
    outer loop
      vertex -27.0548 -42.6347 190
      vertex -26.868 -42.4071 115
      vertex -26.868 -42.4071 190
    endloop
  endfacet
  facet normal 0.772988 -0.634421 0
    outer loop
      vertex -26.868 -42.4071 115
      vertex -27.0548 -42.6347 190
      vertex -27.0548 -42.6347 115
    endloop
  endfacet
  facet normal 0.471364 -0.881939 0
    outer loop
      vertex -28.4478 -43.7036 115
      vertex -28.1881 -43.5648 190
      vertex -28.4478 -43.7036 190
    endloop
  endfacet
  facet normal 0.471364 -0.881939 0
    outer loop
      vertex -28.1881 -43.5648 190
      vertex -28.4478 -43.7036 115
      vertex -28.1881 -43.5648 115
    endloop
  endfacet
  facet normal -0.0326024 0.999468 0
    outer loop
      vertex -30.4381 -35.1677 115
      vertex -30.7324 -35.1773 190
      vertex -30.4381 -35.1677 190
    endloop
  endfacet
  facet normal -0.0326024 0.999468 0
    outer loop
      vertex -30.7324 -35.1773 190
      vertex -30.4381 -35.1677 115
      vertex -30.7324 -35.1773 115
    endloop
  endfacet
  facet normal 0.634624 -0.772821 0
    outer loop
      vertex -27.6986 -43.2378 115
      vertex -27.471 -43.0509 190
      vertex -27.6986 -43.2378 190
    endloop
  endfacet
  facet normal 0.634624 -0.772821 0
    outer loop
      vertex -27.471 -43.0509 190
      vertex -27.6986 -43.2378 115
      vertex -27.471 -43.0509 115
    endloop
  endfacet
  facet normal 0.956924 0.290337 0
    outer loop
      vertex -26.0914 -38.503 190
      vertex -26.1769 -38.2212 115
      vertex -26.1769 -38.2212 190
    endloop
  endfacet
  facet normal 0.956924 0.290337 0
    outer loop
      vertex -26.1769 -38.2212 115
      vertex -26.0914 -38.503 190
      vertex -26.0914 -38.503 115
    endloop
  endfacet
  facet normal 0.412651 -0.910889 0
    outer loop
      vertex -28.716 -43.8251 115
      vertex -28.4478 -43.7036 190
      vertex -28.716 -43.8251 190
    endloop
  endfacet
  facet normal 0.412651 -0.910889 0
    outer loop
      vertex -28.4478 -43.7036 190
      vertex -28.716 -43.8251 115
      vertex -28.4478 -43.7036 115
    endloop
  endfacet
  facet normal 0.881798 0.471628 0
    outer loop
      vertex -26.4021 -37.6774 190
      vertex -26.541 -37.4177 115
      vertex -26.541 -37.4177 190
    endloop
  endfacet
  facet normal 0.881798 0.471628 0
    outer loop
      vertex -26.541 -37.4177 115
      vertex -26.4021 -37.6774 190
      vertex -26.4021 -37.6774 115
    endloop
  endfacet
  facet normal -0.81293 -0.582362 0
    outer loop
      vertex -34.0082 -42.4071 115
      vertex -34.1797 -42.1677 190
      vertex -34.1797 -42.1677 115
    endloop
  endfacet
  facet normal -0.81293 -0.582362 0
    outer loop
      vertex -34.1797 -42.1677 190
      vertex -34.0082 -42.4071 115
      vertex -34.0082 -42.4071 190
    endloop
  endfacet
  facet normal 0.773029 0.634371 0
    outer loop
      vertex 53.1423 -3.78688 190
      vertex 52.9555 -3.55925 115
      vertex 52.9555 -3.55925 190
    endloop
  endfacet
  facet normal 0.773029 0.634371 0
    outer loop
      vertex 52.9555 -3.55925 115
      vertex 53.1423 -3.78688 190
      vertex 53.1423 -3.78688 115
    endloop
  endfacet
  facet normal 0.910906 -0.412613 0
    outer loop
      vertex 53.6082 -8.51661 190
      vertex 53.7297 -8.24838 115
      vertex 53.7297 -8.24838 190
    endloop
  endfacet
  facet normal 0.910906 -0.412613 0
    outer loop
      vertex 53.7297 -8.24838 115
      vertex 53.6082 -8.51661 190
      vertex 53.6082 -8.51661 115
    endloop
  endfacet
  facet normal -0.683636 -0.729823 0
    outer loop
      vertex 46.3903 -9.70829 115
      vertex 46.6052 -9.90959 190
      vertex 46.3903 -9.70829 190
    endloop
  endfacet
  facet normal -0.683636 -0.729823 -0
    outer loop
      vertex 46.6052 -9.90959 190
      vertex 46.3903 -9.70829 115
      vertex 46.6052 -9.90959 115
    endloop
  endfacet
  facet normal -0.352255 0.935904 0
    outer loop
      vertex 48.1258 -2.26512 115
      vertex 47.8502 -2.36885 190
      vertex 48.1258 -2.26512 190
    endloop
  endfacet
  facet normal -0.352255 0.935904 0
    outer loop
      vertex 47.8502 -2.36885 190
      vertex 48.1258 -2.26512 115
      vertex 47.8502 -2.36885 115
    endloop
  endfacet
  facet normal 0.973853 0.22718 0
    outer loop
      vertex 53.9858 -5.6484 190
      vertex 53.9189 -5.36162 115
      vertex 53.9189 -5.36162 190
    endloop
  endfacet
  facet normal 0.973853 0.22718 0
    outer loop
      vertex 53.9189 -5.36162 115
      vertex 53.9858 -5.6484 190
      vertex 53.9858 -5.6484 115
    endloop
  endfacet
  facet normal -0.528166 -0.849141 0
    outer loop
      vertex 47.0722 -10.2679 115
      vertex 47.3222 -10.4234 190
      vertex 47.0722 -10.2679 190
    endloop
  endfacet
  facet normal -0.528166 -0.849141 -0
    outer loop
      vertex 47.3222 -10.4234 190
      vertex 47.0722 -10.2679 115
      vertex 47.3222 -10.4234 115
    endloop
  endfacet
  facet normal -0.582407 0.812898 0
    outer loop
      vertex 47.0722 -2.7847 115
      vertex 46.8328 -2.95622 190
      vertex 47.0722 -2.7847 190
    endloop
  endfacet
  facet normal -0.582407 0.812898 0
    outer loop
      vertex 46.8328 -2.95622 190
      vertex 47.0722 -2.7847 115
      vertex 46.8328 -2.95622 115
    endloop
  endfacet
  facet normal 0.683636 0.729823 -0
    outer loop
      vertex 52.7542 -3.34433 115
      vertex 52.5393 -3.14303 190
      vertex 52.7542 -3.34433 190
    endloop
  endfacet
  facet normal 0.683636 0.729823 0
    outer loop
      vertex 52.5393 -3.14303 190
      vertex 52.7542 -3.34433 115
      vertex 52.5393 -3.14303 115
    endloop
  endfacet
  facet normal 0.412736 0.910851 -0
    outer loop
      vertex 51.5625 -2.49038 115
      vertex 51.2943 -2.36885 190
      vertex 51.5625 -2.49038 190
    endloop
  endfacet
  facet normal 0.412736 0.910851 0
    outer loop
      vertex 51.2943 -2.36885 190
      vertex 51.5625 -2.49038 115
      vertex 51.2943 -2.36885 115
    endloop
  endfacet
  facet normal -0.995206 -0.0978023 0
    outer loop
      vertex 45.1107 -7.11368 115
      vertex 45.0819 -6.82062 190
      vertex 45.0819 -6.82062 115
    endloop
  endfacet
  facet normal -0.995206 -0.0978023 0
    outer loop
      vertex 45.0819 -6.82062 190
      vertex 45.1107 -7.11368 115
      vertex 45.1107 -7.11368 190
    endloop
  endfacet
  facet normal -0.0981585 -0.995171 0
    outer loop
      vertex 48.9849 -10.9878 115
      vertex 49.2779 -11.0167 190
      vertex 48.9849 -10.9878 190
    endloop
  endfacet
  facet normal -0.0981585 -0.995171 -0
    outer loop
      vertex 49.2779 -11.0167 190
      vertex 48.9849 -10.9878 115
      vertex 49.2779 -11.0167 115
    endloop
  endfacet
  facet normal 0.0981585 -0.995171 0
    outer loop
      vertex 49.8666 -11.0167 115
      vertex 50.1596 -10.9878 190
      vertex 49.8666 -11.0167 190
    endloop
  endfacet
  facet normal 0.0981585 -0.995171 0
    outer loop
      vertex 50.1596 -10.9878 190
      vertex 49.8666 -11.0167 115
      vertex 50.1596 -10.9878 115
    endloop
  endfacet
  facet normal -0.935934 -0.352176 0
    outer loop
      vertex 45.4148 -8.24838 115
      vertex 45.3111 -7.97279 190
      vertex 45.3111 -7.97279 115
    endloop
  endfacet
  facet normal -0.935934 -0.352176 0
    outer loop
      vertex 45.3111 -7.97279 190
      vertex 45.4148 -8.24838 115
      vertex 45.4148 -8.24838 190
    endloop
  endfacet
  facet normal -0.729855 -0.683602 0
    outer loop
      vertex 46.3903 -9.70829 115
      vertex 46.189 -9.49337 190
      vertex 46.189 -9.49337 115
    endloop
  endfacet
  facet normal -0.729855 -0.683602 0
    outer loop
      vertex 46.189 -9.49337 190
      vertex 46.3903 -9.70829 115
      vertex 46.3903 -9.70829 190
    endloop
  endfacet
  facet normal -0.290337 -0.956924 0
    outer loop
      vertex 48.1258 -10.7875 115
      vertex 48.4076 -10.873 190
      vertex 48.1258 -10.7875 190
    endloop
  endfacet
  facet normal -0.290337 -0.956924 -0
    outer loop
      vertex 48.4076 -10.873 190
      vertex 48.1258 -10.7875 115
      vertex 48.4076 -10.873 115
    endloop
  endfacet
  facet normal 0.956922 0.290347 0
    outer loop
      vertex 53.9189 -5.36162 190
      vertex 53.8334 -5.07983 115
      vertex 53.8334 -5.07983 190
    endloop
  endfacet
  facet normal 0.956922 0.290347 0
    outer loop
      vertex 53.8334 -5.07983 115
      vertex 53.9189 -5.36162 190
      vertex 53.9189 -5.36162 115
    endloop
  endfacet
  facet normal -0.910906 -0.412613 0
    outer loop
      vertex 45.5363 -8.51661 115
      vertex 45.4148 -8.24838 190
      vertex 45.4148 -8.24838 115
    endloop
  endfacet
  facet normal -0.910906 -0.412613 0
    outer loop
      vertex 45.4148 -8.24838 190
      vertex 45.5363 -8.51661 115
      vertex 45.5363 -8.51661 190
    endloop
  endfacet
  facet normal -0.162868 0.986648 0
    outer loop
      vertex 48.9849 -2.06481 115
      vertex 48.6943 -2.11278 190
      vertex 48.9849 -2.06481 190
    endloop
  endfacet
  facet normal -0.162868 0.986648 0
    outer loop
      vertex 48.6943 -2.11278 190
      vertex 48.9849 -2.06481 115
      vertex 48.6943 -2.11278 115
    endloop
  endfacet
  facet normal -0.162967 -0.986631 0
    outer loop
      vertex 48.6943 -10.9398 115
      vertex 48.9849 -10.9878 190
      vertex 48.6943 -10.9398 190
    endloop
  endfacet
  facet normal -0.162967 -0.986631 -0
    outer loop
      vertex 48.9849 -10.9878 190
      vertex 48.6943 -10.9398 115
      vertex 48.9849 -10.9878 115
    endloop
  endfacet
  facet normal 0.773029 -0.634371 0
    outer loop
      vertex 52.9555 -9.49337 190
      vertex 53.1423 -9.26574 115
      vertex 53.1423 -9.26574 190
    endloop
  endfacet
  facet normal 0.773029 -0.634371 0
    outer loop
      vertex 53.1423 -9.26574 115
      vertex 52.9555 -9.49337 190
      vertex 52.9555 -9.49337 115
    endloop
  endfacet
  facet normal -0.849198 -0.528074 0
    outer loop
      vertex 45.8306 -9.02637 115
      vertex 45.6751 -8.77631 190
      vertex 45.6751 -8.77631 115
    endloop
  endfacet
  facet normal -0.849198 -0.528074 0
    outer loop
      vertex 45.6751 -8.77631 190
      vertex 45.8306 -9.02637 115
      vertex 45.8306 -9.02637 190
    endloop
  endfacet
  facet normal -0.986626 -0.163 0
    outer loop
      vertex 45.1587 -7.40422 115
      vertex 45.1107 -7.11368 190
      vertex 45.1107 -7.11368 115
    endloop
  endfacet
  facet normal -0.986626 -0.163 0
    outer loop
      vertex 45.1107 -7.11368 190
      vertex 45.1587 -7.40422 115
      vertex 45.1587 -7.40422 190
    endloop
  endfacet
  facet normal 0.412933 -0.910761 0
    outer loop
      vertex 51.2943 -10.6838 115
      vertex 51.5625 -10.5622 190
      vertex 51.2943 -10.6838 190
    endloop
  endfacet
  facet normal 0.412933 -0.910761 0
    outer loop
      vertex 51.5625 -10.5622 190
      vertex 51.2943 -10.6838 115
      vertex 51.5625 -10.5622 115
    endloop
  endfacet
  facet normal 0.812734 -0.582634 0
    outer loop
      vertex 53.1423 -9.26574 190
      vertex 53.3139 -9.02637 115
      vertex 53.3139 -9.02637 190
    endloop
  endfacet
  facet normal 0.812734 -0.582634 0
    outer loop
      vertex 53.3139 -9.02637 115
      vertex 53.1423 -9.26574 190
      vertex 53.1423 -9.26574 115
    endloop
  endfacet
  facet normal 0.812723 0.582651 0
    outer loop
      vertex 53.3139 -4.02624 190
      vertex 53.1423 -3.78688 115
      vertex 53.1423 -3.78688 190
    endloop
  endfacet
  facet normal 0.812723 0.582651 0
    outer loop
      vertex 53.1423 -3.78688 115
      vertex 53.3139 -4.02624 190
      vertex 53.3139 -4.02624 115
    endloop
  endfacet
  facet normal -0.999457 0.0329394 0
    outer loop
      vertex 45.0722 -6.52631 115
      vertex 45.0819 -6.23199 190
      vertex 45.0819 -6.23199 115
    endloop
  endfacet
  facet normal -0.999457 0.0329394 0
    outer loop
      vertex 45.0819 -6.23199 190
      vertex 45.0722 -6.52631 115
      vertex 45.0722 -6.52631 190
    endloop
  endfacet
  facet normal 0.999468 -0.0326013 0
    outer loop
      vertex 54.0626 -6.82062 190
      vertex 54.0722 -6.52631 115
      vertex 54.0722 -6.52631 190
    endloop
  endfacet
  facet normal 0.999468 -0.0326013 0
    outer loop
      vertex 54.0722 -6.52631 115
      vertex 54.0626 -6.82062 190
      vertex 54.0626 -6.82062 115
    endloop
  endfacet
  facet normal 0.849198 -0.528074 0
    outer loop
      vertex 53.3139 -9.02637 190
      vertex 53.4694 -8.77631 115
      vertex 53.4694 -8.77631 190
    endloop
  endfacet
  facet normal 0.849198 -0.528074 0
    outer loop
      vertex 53.4694 -8.77631 115
      vertex 53.3139 -9.02637 190
      vertex 53.3139 -9.02637 115
    endloop
  endfacet
  facet normal -0.634441 -0.772971 0
    outer loop
      vertex 46.6052 -9.90959 115
      vertex 46.8328 -10.0964 190
      vertex 46.6052 -9.90959 190
    endloop
  endfacet
  facet normal -0.634441 -0.772971 -0
    outer loop
      vertex 46.8328 -10.0964 190
      vertex 46.6052 -9.90959 115
      vertex 46.8328 -10.0964 115
    endloop
  endfacet
  facet normal -0.0326024 -0.999468 0
    outer loop
      vertex 49.2779 -11.0167 115
      vertex 49.5722 -11.0263 190
      vertex 49.2779 -11.0167 190
    endloop
  endfacet
  facet normal -0.0326024 -0.999468 -0
    outer loop
      vertex 49.5722 -11.0263 190
      vertex 49.2779 -11.0167 115
      vertex 49.5722 -11.0263 115
    endloop
  endfacet
  facet normal -0.995206 0.0978056 0
    outer loop
      vertex 45.0819 -6.23199 115
      vertex 45.1107 -5.93894 190
      vertex 45.1107 -5.93894 115
    endloop
  endfacet
  facet normal -0.995206 0.0978056 0
    outer loop
      vertex 45.1107 -5.93894 190
      vertex 45.0819 -6.23199 115
      vertex 45.0819 -6.23199 190
    endloop
  endfacet
  facet normal 0.471416 0.881911 -0
    outer loop
      vertex 51.8222 -2.6292 115
      vertex 51.5625 -2.49038 190
      vertex 51.8222 -2.6292 190
    endloop
  endfacet
  facet normal 0.471416 0.881911 0
    outer loop
      vertex 51.5625 -2.49038 190
      vertex 51.8222 -2.6292 115
      vertex 51.5625 -2.49038 115
    endloop
  endfacet
  facet normal 0.162923 0.986639 -0
    outer loop
      vertex 50.4501 -2.11278 115
      vertex 50.1596 -2.06481 190
      vertex 50.4501 -2.11278 190
    endloop
  endfacet
  facet normal 0.162923 0.986639 0
    outer loop
      vertex 50.1596 -2.06481 190
      vertex 50.4501 -2.11278 115
      vertex 50.1596 -2.06481 115
    endloop
  endfacet
  facet normal 0.290275 0.956943 -0
    outer loop
      vertex 51.0187 -2.26512 115
      vertex 50.7369 -2.17964 190
      vertex 51.0187 -2.26512 190
    endloop
  endfacet
  facet normal 0.290275 0.956943 0
    outer loop
      vertex 50.7369 -2.17964 190
      vertex 51.0187 -2.26512 115
      vertex 50.7369 -2.17964 115
    endloop
  endfacet
  facet normal 0.999468 0.0326002 0
    outer loop
      vertex 54.0722 -6.52631 190
      vertex 54.0626 -6.23199 115
      vertex 54.0626 -6.23199 190
    endloop
  endfacet
  facet normal 0.999468 0.0326002 0
    outer loop
      vertex 54.0626 -6.23199 115
      vertex 54.0722 -6.52631 190
      vertex 54.0722 -6.52631 115
    endloop
  endfacet
  facet normal -0.935938 0.352165 0
    outer loop
      vertex 45.3111 -5.07983 115
      vertex 45.4148 -4.80423 190
      vertex 45.4148 -4.80423 115
    endloop
  endfacet
  facet normal -0.935938 0.352165 0
    outer loop
      vertex 45.4148 -4.80423 190
      vertex 45.3111 -5.07983 115
      vertex 45.3111 -5.07983 190
    endloop
  endfacet
  facet normal -0.528166 0.849141 0
    outer loop
      vertex 47.3222 -2.6292 115
      vertex 47.0722 -2.7847 190
      vertex 47.3222 -2.6292 190
    endloop
  endfacet
  facet normal -0.528166 0.849141 0
    outer loop
      vertex 47.0722 -2.7847 190
      vertex 47.3222 -2.6292 115
      vertex 47.0722 -2.7847 115
    endloop
  endfacet
  facet normal 0.729855 -0.683602 0
    outer loop
      vertex 52.7542 -9.70829 190
      vertex 52.9555 -9.49337 115
      vertex 52.9555 -9.49337 190
    endloop
  endfacet
  facet normal 0.729855 -0.683602 0
    outer loop
      vertex 52.9555 -9.49337 115
      vertex 52.7542 -9.70829 190
      vertex 52.7542 -9.70829 115
    endloop
  endfacet
  facet normal 0.634441 0.772971 -0
    outer loop
      vertex 52.5393 -3.14303 115
      vertex 52.3117 -2.95622 190
      vertex 52.5393 -3.14303 190
    endloop
  endfacet
  facet normal 0.634441 0.772971 0
    outer loop
      vertex 52.3117 -2.95622 190
      vertex 52.5393 -3.14303 115
      vertex 52.3117 -2.95622 115
    endloop
  endfacet
  facet normal -0.0327042 0.999465 0
    outer loop
      vertex 49.5722 -2.02631 115
      vertex 49.2779 -2.03594 190
      vertex 49.5722 -2.02631 190
    endloop
  endfacet
  facet normal -0.0327042 0.999465 0
    outer loop
      vertex 49.2779 -2.03594 190
      vertex 49.5722 -2.02631 115
      vertex 49.2779 -2.03594 115
    endloop
  endfacet
  facet normal -0.582362 -0.81293 0
    outer loop
      vertex 46.8328 -10.0964 115
      vertex 47.0722 -10.2679 190
      vertex 46.8328 -10.0964 190
    endloop
  endfacet
  facet normal -0.582362 -0.81293 -0
    outer loop
      vertex 47.0722 -10.2679 190
      vertex 46.8328 -10.0964 115
      vertex 47.0722 -10.2679 115
    endloop
  endfacet
  facet normal -0.999457 -0.0329406 0
    outer loop
      vertex 45.0819 -6.82062 115
      vertex 45.0722 -6.52631 190
      vertex 45.0722 -6.52631 115
    endloop
  endfacet
  facet normal -0.999457 -0.0329406 0
    outer loop
      vertex 45.0722 -6.52631 190
      vertex 45.0819 -6.82062 115
      vertex 45.0819 -6.82062 190
    endloop
  endfacet
  facet normal 0.163022 -0.986622 0
    outer loop
      vertex 50.1596 -10.9878 115
      vertex 50.4501 -10.9398 190
      vertex 50.1596 -10.9878 190
    endloop
  endfacet
  facet normal 0.163022 -0.986622 0
    outer loop
      vertex 50.4501 -10.9398 190
      vertex 50.1596 -10.9878 115
      vertex 50.4501 -10.9398 115
    endloop
  endfacet
  facet normal 0.956922 -0.290347 0
    outer loop
      vertex 53.8334 -7.97279 190
      vertex 53.9189 -7.691 115
      vertex 53.9189 -7.691 190
    endloop
  endfacet
  facet normal 0.956922 -0.290347 0
    outer loop
      vertex 53.9189 -7.691 115
      vertex 53.8334 -7.97279 190
      vertex 53.8334 -7.97279 115
    endloop
  endfacet
  facet normal -0.412805 -0.910819 0
    outer loop
      vertex 47.5819 -10.5622 115
      vertex 47.8502 -10.6838 190
      vertex 47.5819 -10.5622 190
    endloop
  endfacet
  facet normal -0.412805 -0.910819 -0
    outer loop
      vertex 47.8502 -10.6838 190
      vertex 47.5819 -10.5622 115
      vertex 47.8502 -10.6838 115
    endloop
  endfacet
  facet normal 0.634441 -0.772971 0
    outer loop
      vertex 52.3117 -10.0964 115
      vertex 52.5393 -9.90959 190
      vertex 52.3117 -10.0964 190
    endloop
  endfacet
  facet normal 0.634441 -0.772971 0
    outer loop
      vertex 52.5393 -9.90959 190
      vertex 52.3117 -10.0964 115
      vertex 52.5393 -9.90959 115
    endloop
  endfacet
  facet normal 0.986681 0.16267 0
    outer loop
      vertex 54.0337 -5.93894 190
      vertex 53.9858 -5.6484 115
      vertex 53.9858 -5.6484 190
    endloop
  endfacet
  facet normal 0.986681 0.16267 0
    outer loop
      vertex 53.9858 -5.6484 115
      vertex 54.0337 -5.93894 190
      vertex 54.0337 -5.93894 115
    endloop
  endfacet
  facet normal -0.910901 0.412626 0
    outer loop
      vertex 45.4148 -4.80423 115
      vertex 45.5363 -4.53601 190
      vertex 45.5363 -4.53601 115
    endloop
  endfacet
  facet normal -0.910901 0.412626 0
    outer loop
      vertex 45.5363 -4.53601 190
      vertex 45.4148 -4.80423 115
      vertex 45.4148 -4.80423 190
    endloop
  endfacet
  facet normal 0.227036 0.973886 -0
    outer loop
      vertex 50.7369 -2.17964 115
      vertex 50.4501 -2.11278 190
      vertex 50.7369 -2.17964 190
    endloop
  endfacet
  facet normal 0.227036 0.973886 0
    outer loop
      vertex 50.4501 -2.11278 190
      vertex 50.7369 -2.17964 115
      vertex 50.4501 -2.11278 115
    endloop
  endfacet
  facet normal 0.0980576 0.995181 -0
    outer loop
      vertex 50.1596 -2.06481 115
      vertex 49.8666 -2.03594 190
      vertex 50.1596 -2.06481 190
    endloop
  endfacet
  facet normal 0.0980576 0.995181 0
    outer loop
      vertex 49.8666 -2.03594 190
      vertex 50.1596 -2.06481 115
      vertex 49.8666 -2.03594 115
    endloop
  endfacet
  facet normal -0.773029 -0.634371 0
    outer loop
      vertex 46.189 -9.49337 115
      vertex 46.0022 -9.26574 190
      vertex 46.0022 -9.26574 115
    endloop
  endfacet
  facet normal -0.773029 -0.634371 0
    outer loop
      vertex 46.0022 -9.26574 190
      vertex 46.189 -9.49337 115
      vertex 46.189 -9.49337 190
    endloop
  endfacet
  facet normal 0.226843 -0.973931 0
    outer loop
      vertex 50.4501 -10.9398 115
      vertex 50.7369 -10.873 190
      vertex 50.4501 -10.9398 190
    endloop
  endfacet
  facet normal 0.226843 -0.973931 0
    outer loop
      vertex 50.7369 -10.873 190
      vertex 50.4501 -10.9398 115
      vertex 50.7369 -10.873 115
    endloop
  endfacet
  facet normal 0.352165 -0.935938 0
    outer loop
      vertex 51.0187 -10.7875 115
      vertex 51.2943 -10.6838 190
      vertex 51.0187 -10.7875 190
    endloop
  endfacet
  facet normal 0.352165 -0.935938 0
    outer loop
      vertex 51.2943 -10.6838 190
      vertex 51.0187 -10.7875 115
      vertex 51.2943 -10.6838 115
    endloop
  endfacet
  facet normal -0.973853 0.22718 0
    outer loop
      vertex 45.1587 -5.6484 115
      vertex 45.2256 -5.36162 190
      vertex 45.2256 -5.36162 115
    endloop
  endfacet
  facet normal -0.973853 0.22718 0
    outer loop
      vertex 45.2256 -5.36162 190
      vertex 45.1587 -5.6484 115
      vertex 45.1587 -5.6484 190
    endloop
  endfacet
  facet normal -0.881939 0.471364 0
    outer loop
      vertex 45.5363 -4.53601 115
      vertex 45.6751 -4.27631 190
      vertex 45.6751 -4.27631 115
    endloop
  endfacet
  facet normal -0.881939 0.471364 0
    outer loop
      vertex 45.6751 -4.27631 190
      vertex 45.5363 -4.53601 115
      vertex 45.5363 -4.53601 190
    endloop
  endfacet
  facet normal 0.582407 0.812898 -0
    outer loop
      vertex 52.3117 -2.95622 115
      vertex 52.0723 -2.7847 190
      vertex 52.3117 -2.95622 190
    endloop
  endfacet
  facet normal 0.582407 0.812898 0
    outer loop
      vertex 52.0723 -2.7847 190
      vertex 52.3117 -2.95622 115
      vertex 52.0723 -2.7847 115
    endloop
  endfacet
  facet normal -0.973853 -0.22718 0
    outer loop
      vertex 45.2256 -7.691 115
      vertex 45.1587 -7.40422 190
      vertex 45.1587 -7.40422 115
    endloop
  endfacet
  facet normal -0.973853 -0.22718 0
    outer loop
      vertex 45.1587 -7.40422 190
      vertex 45.2256 -7.691 115
      vertex 45.2256 -7.691 190
    endloop
  endfacet
  facet normal 0.582362 -0.81293 0
    outer loop
      vertex 52.0723 -10.2679 115
      vertex 52.3117 -10.0964 190
      vertex 52.0723 -10.2679 190
    endloop
  endfacet
  facet normal 0.582362 -0.81293 0
    outer loop
      vertex 52.3117 -10.0964 190
      vertex 52.0723 -10.2679 115
      vertex 52.3117 -10.0964 115
    endloop
  endfacet
  facet normal -0.956922 -0.290347 0
    outer loop
      vertex 45.3111 -7.97279 115
      vertex 45.2256 -7.691 190
      vertex 45.2256 -7.691 115
    endloop
  endfacet
  facet normal -0.956922 -0.290347 0
    outer loop
      vertex 45.2256 -7.691 190
      vertex 45.3111 -7.97279 115
      vertex 45.3111 -7.97279 190
    endloop
  endfacet
  facet normal -0.226918 -0.973914 0
    outer loop
      vertex 48.4076 -10.873 115
      vertex 48.6943 -10.9398 190
      vertex 48.4076 -10.873 190
    endloop
  endfacet
  facet normal -0.226918 -0.973914 -0
    outer loop
      vertex 48.6943 -10.9398 190
      vertex 48.4076 -10.873 115
      vertex 48.6943 -10.9398 115
    endloop
  endfacet
  facet normal 0.683636 -0.729823 0
    outer loop
      vertex 52.5393 -9.90959 115
      vertex 52.7542 -9.70829 190
      vertex 52.5393 -9.90959 190
    endloop
  endfacet
  facet normal 0.683636 -0.729823 0
    outer loop
      vertex 52.7542 -9.70829 190
      vertex 52.5393 -9.90959 115
      vertex 52.7542 -9.70829 115
    endloop
  endfacet
  facet normal -0.290275 0.956943 0
    outer loop
      vertex 48.4076 -2.17964 115
      vertex 48.1258 -2.26512 190
      vertex 48.4076 -2.17964 190
    endloop
  endfacet
  facet normal -0.290275 0.956943 0
    outer loop
      vertex 48.1258 -2.26512 190
      vertex 48.4076 -2.17964 115
      vertex 48.1258 -2.26512 115
    endloop
  endfacet
  facet normal 0.995172 0.0981419 0
    outer loop
      vertex 54.0626 -6.23199 190
      vertex 54.0337 -5.93894 115
      vertex 54.0337 -5.93894 190
    endloop
  endfacet
  facet normal 0.995172 0.0981419 0
    outer loop
      vertex 54.0337 -5.93894 115
      vertex 54.0626 -6.23199 190
      vertex 54.0626 -6.23199 115
    endloop
  endfacet
  facet normal 0.729855 0.683602 0
    outer loop
      vertex 52.9555 -3.55925 190
      vertex 52.7542 -3.34433 115
      vertex 52.7542 -3.34433 190
    endloop
  endfacet
  facet normal 0.729855 0.683602 0
    outer loop
      vertex 52.7542 -3.34433 115
      vertex 52.9555 -3.55925 190
      vertex 52.9555 -3.55925 115
    endloop
  endfacet
  facet normal -0.0980576 0.995181 0
    outer loop
      vertex 49.2779 -2.03594 115
      vertex 48.9849 -2.06481 190
      vertex 49.2779 -2.03594 190
    endloop
  endfacet
  facet normal -0.0980576 0.995181 0
    outer loop
      vertex 48.9849 -2.06481 190
      vertex 49.2779 -2.03594 115
      vertex 48.9849 -2.06481 115
    endloop
  endfacet
  facet normal 0.986681 -0.16267 0
    outer loop
      vertex 53.9858 -7.40422 190
      vertex 54.0337 -7.11368 115
      vertex 54.0337 -7.11368 190
    endloop
  endfacet
  facet normal 0.986681 -0.16267 0
    outer loop
      vertex 54.0337 -7.11368 115
      vertex 53.9858 -7.40422 190
      vertex 53.9858 -7.40422 115
    endloop
  endfacet
  facet normal -0.812723 0.582651 0
    outer loop
      vertex 45.8306 -4.02624 115
      vertex 46.0022 -3.78688 190
      vertex 46.0022 -3.78688 115
    endloop
  endfacet
  facet normal -0.812723 0.582651 0
    outer loop
      vertex 46.0022 -3.78688 190
      vertex 45.8306 -4.02624 115
      vertex 45.8306 -4.02624 190
    endloop
  endfacet
  facet normal 0.290337 -0.956924 0
    outer loop
      vertex 50.7369 -10.873 115
      vertex 51.0187 -10.7875 190
      vertex 50.7369 -10.873 190
    endloop
  endfacet
  facet normal 0.290337 -0.956924 0
    outer loop
      vertex 51.0187 -10.7875 190
      vertex 50.7369 -10.873 115
      vertex 51.0187 -10.7875 115
    endloop
  endfacet
  facet normal 0.471364 -0.881939 0
    outer loop
      vertex 51.5625 -10.5622 115
      vertex 51.8222 -10.4234 190
      vertex 51.5625 -10.5622 190
    endloop
  endfacet
  facet normal 0.471364 -0.881939 0
    outer loop
      vertex 51.8222 -10.4234 190
      vertex 51.5625 -10.5622 115
      vertex 51.8222 -10.4234 115
    endloop
  endfacet
  facet normal -0.412608 0.910909 0
    outer loop
      vertex 47.8502 -2.36885 115
      vertex 47.5819 -2.49038 190
      vertex 47.8502 -2.36885 190
    endloop
  endfacet
  facet normal -0.412608 0.910909 0
    outer loop
      vertex 47.5819 -2.49038 190
      vertex 47.8502 -2.36885 115
      vertex 47.5819 -2.49038 115
    endloop
  endfacet
  facet normal 0.910901 0.412626 0
    outer loop
      vertex 53.7297 -4.80423 190
      vertex 53.6082 -4.53601 115
      vertex 53.6082 -4.53601 190
    endloop
  endfacet
  facet normal 0.910901 0.412626 0
    outer loop
      vertex 53.6082 -4.53601 115
      vertex 53.7297 -4.80423 190
      vertex 53.7297 -4.80423 115
    endloop
  endfacet
  facet normal -0.471364 -0.881939 0
    outer loop
      vertex 47.3222 -10.4234 115
      vertex 47.5819 -10.5622 190
      vertex 47.3222 -10.4234 190
    endloop
  endfacet
  facet normal -0.471364 -0.881939 -0
    outer loop
      vertex 47.5819 -10.5622 190
      vertex 47.3222 -10.4234 115
      vertex 47.5819 -10.5622 115
    endloop
  endfacet
  facet normal 0.528014 -0.849236 0
    outer loop
      vertex 51.8222 -10.4234 115
      vertex 52.0723 -10.2679 190
      vertex 51.8222 -10.4234 190
    endloop
  endfacet
  facet normal 0.528014 -0.849236 0
    outer loop
      vertex 52.0723 -10.2679 190
      vertex 51.8222 -10.4234 115
      vertex 52.0723 -10.2679 115
    endloop
  endfacet
  facet normal -0.729855 0.683602 0
    outer loop
      vertex 46.189 -3.55925 115
      vertex 46.3903 -3.34433 190
      vertex 46.3903 -3.34433 115
    endloop
  endfacet
  facet normal -0.729855 0.683602 0
    outer loop
      vertex 46.3903 -3.34433 190
      vertex 46.189 -3.55925 115
      vertex 46.189 -3.55925 190
    endloop
  endfacet
  facet normal 0.935938 0.352165 0
    outer loop
      vertex 53.8334 -5.07983 190
      vertex 53.7297 -4.80423 115
      vertex 53.7297 -4.80423 190
    endloop
  endfacet
  facet normal 0.935938 0.352165 0
    outer loop
      vertex 53.7297 -4.80423 115
      vertex 53.8334 -5.07983 190
      vertex 53.8334 -5.07983 115
    endloop
  endfacet
  facet normal 0.935934 -0.352176 0
    outer loop
      vertex 53.7297 -8.24838 190
      vertex 53.8334 -7.97279 115
      vertex 53.8334 -7.97279 190
    endloop
  endfacet
  facet normal 0.935934 -0.352176 0
    outer loop
      vertex 53.8334 -7.97279 115
      vertex 53.7297 -8.24838 190
      vertex 53.7297 -8.24838 115
    endloop
  endfacet
  facet normal 0.973853 -0.22718 0
    outer loop
      vertex 53.9189 -7.691 190
      vertex 53.9858 -7.40422 115
      vertex 53.9858 -7.40422 190
    endloop
  endfacet
  facet normal 0.973853 -0.22718 0
    outer loop
      vertex 53.9858 -7.40422 115
      vertex 53.9189 -7.691 190
      vertex 53.9189 -7.691 115
    endloop
  endfacet
  facet normal 0.0325914 -0.999469 0
    outer loop
      vertex 49.5722 -11.0263 115
      vertex 49.8666 -11.0167 190
      vertex 49.5722 -11.0263 190
    endloop
  endfacet
  facet normal 0.0325914 -0.999469 0
    outer loop
      vertex 49.8666 -11.0167 190
      vertex 49.5722 -11.0263 115
      vertex 49.8666 -11.0167 115
    endloop
  endfacet
  facet normal 0.881939 0.471364 0
    outer loop
      vertex 53.6082 -4.53601 190
      vertex 53.4694 -4.27631 115
      vertex 53.4694 -4.27631 190
    endloop
  endfacet
  facet normal 0.881939 0.471364 0
    outer loop
      vertex 53.4694 -4.27631 115
      vertex 53.6082 -4.53601 190
      vertex 53.6082 -4.53601 115
    endloop
  endfacet
  facet normal 0.995173 -0.0981386 0
    outer loop
      vertex 54.0337 -7.11368 190
      vertex 54.0626 -6.82062 115
      vertex 54.0626 -6.82062 190
    endloop
  endfacet
  facet normal 0.995173 -0.0981386 0
    outer loop
      vertex 54.0626 -6.82062 115
      vertex 54.0337 -7.11368 190
      vertex 54.0337 -7.11368 115
    endloop
  endfacet
  facet normal -0.634441 0.772971 0
    outer loop
      vertex 46.8328 -2.95622 115
      vertex 46.6052 -3.14303 190
      vertex 46.8328 -2.95622 190
    endloop
  endfacet
  facet normal -0.634441 0.772971 0
    outer loop
      vertex 46.6052 -3.14303 190
      vertex 46.8328 -2.95622 115
      vertex 46.6052 -3.14303 115
    endloop
  endfacet
  facet normal -0.352165 -0.935938 0
    outer loop
      vertex 47.8502 -10.6838 115
      vertex 48.1258 -10.7875 190
      vertex 47.8502 -10.6838 190
    endloop
  endfacet
  facet normal -0.352165 -0.935938 -0
    outer loop
      vertex 48.1258 -10.7875 190
      vertex 47.8502 -10.6838 115
      vertex 48.1258 -10.7875 115
    endloop
  endfacet
  facet normal -0.227111 0.973869 0
    outer loop
      vertex 48.6943 -2.11278 115
      vertex 48.4076 -2.17964 190
      vertex 48.6943 -2.11278 190
    endloop
  endfacet
  facet normal -0.227111 0.973869 0
    outer loop
      vertex 48.4076 -2.17964 190
      vertex 48.6943 -2.11278 115
      vertex 48.4076 -2.17964 115
    endloop
  endfacet
  facet normal -0.812734 -0.582634 0
    outer loop
      vertex 46.0022 -9.26574 115
      vertex 45.8306 -9.02637 190
      vertex 45.8306 -9.02637 115
    endloop
  endfacet
  facet normal -0.812734 -0.582634 0
    outer loop
      vertex 45.8306 -9.02637 190
      vertex 46.0022 -9.26574 115
      vertex 46.0022 -9.26574 190
    endloop
  endfacet
  facet normal -0.773029 0.634371 0
    outer loop
      vertex 46.0022 -3.78688 115
      vertex 46.189 -3.55925 190
      vertex 46.189 -3.55925 115
    endloop
  endfacet
  facet normal -0.773029 0.634371 0
    outer loop
      vertex 46.189 -3.55925 190
      vertex 46.0022 -3.78688 115
      vertex 46.0022 -3.78688 190
    endloop
  endfacet
  facet normal -0.986626 0.163 0
    outer loop
      vertex 45.1107 -5.93894 115
      vertex 45.1587 -5.6484 190
      vertex 45.1587 -5.6484 115
    endloop
  endfacet
  facet normal -0.986626 0.163 0
    outer loop
      vertex 45.1587 -5.6484 190
      vertex 45.1107 -5.93894 115
      vertex 45.1107 -5.93894 190
    endloop
  endfacet
  facet normal -0.881939 -0.471364 0
    outer loop
      vertex 45.6751 -8.77631 115
      vertex 45.5363 -8.51661 190
      vertex 45.5363 -8.51661 115
    endloop
  endfacet
  facet normal -0.881939 -0.471364 0
    outer loop
      vertex 45.5363 -8.51661 190
      vertex 45.6751 -8.77631 115
      vertex 45.6751 -8.77631 190
    endloop
  endfacet
  facet normal 0.0326931 0.999465 -0
    outer loop
      vertex 49.8666 -2.03594 115
      vertex 49.5722 -2.02631 190
      vertex 49.8666 -2.03594 190
    endloop
  endfacet
  facet normal 0.0326931 0.999465 0
    outer loop
      vertex 49.5722 -2.02631 190
      vertex 49.8666 -2.03594 115
      vertex 49.5722 -2.02631 115
    endloop
  endfacet
  facet normal 0.881939 -0.471364 0
    outer loop
      vertex 53.4694 -8.77631 190
      vertex 53.6082 -8.51661 115
      vertex 53.6082 -8.51661 190
    endloop
  endfacet
  facet normal 0.881939 -0.471364 0
    outer loop
      vertex 53.6082 -8.51661 115
      vertex 53.4694 -8.77631 190
      vertex 53.4694 -8.77631 115
    endloop
  endfacet
  facet normal 0.352255 0.935904 -0
    outer loop
      vertex 51.2943 -2.36885 115
      vertex 51.0187 -2.26512 190
      vertex 51.2943 -2.36885 190
    endloop
  endfacet
  facet normal 0.352255 0.935904 0
    outer loop
      vertex 51.0187 -2.26512 190
      vertex 51.2943 -2.36885 115
      vertex 51.0187 -2.26512 115
    endloop
  endfacet
  facet normal -0.683636 0.729823 0
    outer loop
      vertex 46.6052 -3.14303 115
      vertex 46.3903 -3.34433 190
      vertex 46.6052 -3.14303 190
    endloop
  endfacet
  facet normal -0.683636 0.729823 0
    outer loop
      vertex 46.3903 -3.34433 190
      vertex 46.6052 -3.14303 115
      vertex 46.3903 -3.34433 115
    endloop
  endfacet
  facet normal 0.528014 0.849236 -0
    outer loop
      vertex 52.0723 -2.7847 115
      vertex 51.8222 -2.6292 190
      vertex 52.0723 -2.7847 190
    endloop
  endfacet
  facet normal 0.528014 0.849236 0
    outer loop
      vertex 51.8222 -2.6292 190
      vertex 52.0723 -2.7847 115
      vertex 51.8222 -2.6292 115
    endloop
  endfacet
  facet normal 0.849208 0.528059 0
    outer loop
      vertex 53.4694 -4.27631 190
      vertex 53.3139 -4.02624 115
      vertex 53.3139 -4.02624 190
    endloop
  endfacet
  facet normal 0.849208 0.528059 0
    outer loop
      vertex 53.3139 -4.02624 115
      vertex 53.4694 -4.27631 190
      vertex 53.4694 -4.27631 115
    endloop
  endfacet
  facet normal -0.471416 0.881911 0
    outer loop
      vertex 47.5819 -2.49038 115
      vertex 47.3222 -2.6292 190
      vertex 47.5819 -2.49038 190
    endloop
  endfacet
  facet normal -0.471416 0.881911 0
    outer loop
      vertex 47.3222 -2.6292 190
      vertex 47.5819 -2.49038 115
      vertex 47.3222 -2.6292 115
    endloop
  endfacet
  facet normal -0.849208 0.528059 0
    outer loop
      vertex 45.6751 -4.27631 115
      vertex 45.8306 -4.02624 190
      vertex 45.8306 -4.02624 115
    endloop
  endfacet
  facet normal -0.849208 0.528059 0
    outer loop
      vertex 45.8306 -4.02624 190
      vertex 45.6751 -4.27631 115
      vertex 45.6751 -4.27631 190
    endloop
  endfacet
  facet normal -0.956922 0.290347 0
    outer loop
      vertex 45.2256 -5.36162 115
      vertex 45.3111 -5.07983 190
      vertex 45.3111 -5.07983 115
    endloop
  endfacet
  facet normal -0.956922 0.290347 0
    outer loop
      vertex 45.3111 -5.07983 190
      vertex 45.2256 -5.36162 115
      vertex 45.2256 -5.36162 190
    endloop
  endfacet
  facet normal 0.812854 0.582467 0
    outer loop
      vertex 52.3826 35.0009 194
      vertex 49.9813 38.352 190
      vertex 49.9813 38.352 194
    endloop
  endfacet
  facet normal 0.812854 0.582467 0
    outer loop
      vertex 49.9813 38.352 190
      vertex 52.3826 35.0009 194
      vertex 52.3826 35.0009 190
    endloop
  endfacet
  facet normal 0.995184 0.0980206 0
    outer loop
      vertex 62.8651 4.1204 194
      vertex 62.461 8.22315 190
      vertex 62.461 8.22315 194
    endloop
  endfacet
  facet normal 0.995184 0.0980206 0
    outer loop
      vertex 62.461 8.22315 190
      vertex 62.8651 4.1204 194
      vertex 62.8651 4.1204 190
    endloop
  endfacet
  facet normal 0.999464 0.032722 0
    outer loop
      vertex 63 0 194
      vertex 62.8651 4.1204 190
      vertex 62.8651 4.1204 194
    endloop
  endfacet
  facet normal 0.999464 0.032722 0
    outer loop
      vertex 62.8651 4.1204 190
      vertex 63 0 194
      vertex 63 0 190
    endloop
  endfacet
  facet normal 0.634402 -0.773003 0
    outer loop
      vertex 38.352 -49.9813 190
      vertex 41.5388 -47.3659 194
      vertex 38.352 -49.9813 194
    endloop
  endfacet
  facet normal 0.634402 -0.773003 0
    outer loop
      vertex 41.5388 -47.3659 194
      vertex 38.352 -49.9813 190
      vertex 41.5388 -47.3659 190
    endloop
  endfacet
  facet normal -0.35225 0.935906 0
    outer loop
      vertex -20.2507 59.6566 190
      vertex -24.1091 58.2044 194
      vertex -20.2507 59.6566 194
    endloop
  endfacet
  facet normal -0.35225 0.935906 0
    outer loop
      vertex -24.1091 58.2044 194
      vertex -20.2507 59.6566 190
      vertex -24.1091 58.2044 190
    endloop
  endfacet
  facet normal 0.582467 -0.812854 0
    outer loop
      vertex 35.0009 -52.3826 190
      vertex 38.352 -49.9813 194
      vertex 35.0009 -52.3826 194
    endloop
  endfacet
  facet normal 0.582467 -0.812854 0
    outer loop
      vertex 38.352 -49.9813 194
      vertex 35.0009 -52.3826 190
      vertex 38.352 -49.9813 190
    endloop
  endfacet
  facet normal 0.956943 0.290277 0
    outer loop
      vertex 60.8533 16.3056 194
      vertex 59.6566 20.2507 190
      vertex 59.6566 20.2507 194
    endloop
  endfacet
  facet normal 0.956943 0.290277 0
    outer loop
      vertex 59.6566 20.2507 190
      vertex 60.8533 16.3056 194
      vertex 60.8533 16.3056 190
    endloop
  endfacet
  facet normal 0.528068 0.849202 -0
    outer loop
      vertex 35.0009 52.3826 190
      vertex 31.5 54.5596 194
      vertex 35.0009 52.3826 194
    endloop
  endfacet
  facet normal 0.528068 0.849202 0
    outer loop
      vertex 31.5 54.5596 194
      vertex 35.0009 52.3826 190
      vertex 31.5 54.5596 190
    endloop
  endfacet
  facet normal -0.6836 0.729857 0
    outer loop
      vertex -41.5388 47.3659 190
      vertex -44.5477 44.5477 194
      vertex -41.5388 47.3659 194
    endloop
  endfacet
  facet normal -0.6836 0.729857 0
    outer loop
      vertex -44.5477 44.5477 194
      vertex -41.5388 47.3659 190
      vertex -44.5477 44.5477 190
    endloop
  endfacet
  facet normal -0.986645 -0.162882 0
    outer loop
      vertex -61.7895 -12.2907 190
      vertex -62.461 -8.22315 194
      vertex -62.461 -8.22315 190
    endloop
  endfacet
  facet normal -0.986645 -0.162882 0
    outer loop
      vertex -62.461 -8.22315 194
      vertex -61.7895 -12.2907 190
      vertex -61.7895 -12.2907 194
    endloop
  endfacet
  facet normal 0.528068 -0.849202 0
    outer loop
      vertex 31.5 -54.5596 190
      vertex 35.0009 -52.3826 194
      vertex 31.5 -54.5596 194
    endloop
  endfacet
  facet normal 0.528068 -0.849202 0
    outer loop
      vertex 35.0009 -52.3826 194
      vertex 31.5 -54.5596 190
      vertex 35.0009 -52.3826 190
    endloop
  endfacet
  facet normal 0.910865 0.412704 0
    outer loop
      vertex 58.2044 24.1091 194
      vertex 56.503 27.8642 190
      vertex 56.503 27.8642 194
    endloop
  endfacet
  facet normal 0.910865 0.412704 0
    outer loop
      vertex 56.503 27.8642 190
      vertex 58.2044 24.1091 194
      vertex 58.2044 24.1091 190
    endloop
  endfacet
  facet normal 0.471401 -0.881919 0
    outer loop
      vertex 27.8642 -56.503 190
      vertex 31.5 -54.5596 194
      vertex 27.8642 -56.503 194
    endloop
  endfacet
  facet normal 0.471401 -0.881919 0
    outer loop
      vertex 31.5 -54.5596 194
      vertex 27.8642 -56.503 190
      vertex 31.5 -54.5596 190
    endloop
  endfacet
  facet normal 0.986645 0.162882 0
    outer loop
      vertex 62.461 8.22315 194
      vertex 61.7895 12.2907 190
      vertex 61.7895 12.2907 194
    endloop
  endfacet
  facet normal 0.986645 0.162882 0
    outer loop
      vertex 61.7895 12.2907 190
      vertex 62.461 8.22315 194
      vertex 62.461 8.22315 190
    endloop
  endfacet
  facet normal -0.812854 0.582467 0
    outer loop
      vertex -52.3826 35.0009 190
      vertex -49.9813 38.352 194
      vertex -49.9813 38.352 190
    endloop
  endfacet
  facet normal -0.812854 0.582467 0
    outer loop
      vertex -49.9813 38.352 194
      vertex -52.3826 35.0009 190
      vertex -52.3826 35.0009 194
    endloop
  endfacet
  facet normal -0.935906 0.35225 0
    outer loop
      vertex -59.6566 20.2507 190
      vertex -58.2044 24.1091 194
      vertex -58.2044 24.1091 190
    endloop
  endfacet
  facet normal -0.935906 0.35225 0
    outer loop
      vertex -58.2044 24.1091 194
      vertex -59.6566 20.2507 190
      vertex -59.6566 20.2507 194
    endloop
  endfacet
  facet normal 0.773003 -0.634402 0
    outer loop
      vertex 47.3659 -41.5388 194
      vertex 49.9813 -38.352 190
      vertex 49.9813 -38.352 194
    endloop
  endfacet
  facet normal 0.773003 -0.634402 0
    outer loop
      vertex 49.9813 -38.352 190
      vertex 47.3659 -41.5388 194
      vertex 47.3659 -41.5388 190
    endloop
  endfacet
  facet normal -0.0980206 0.995184 0
    outer loop
      vertex -4.1204 62.8651 190
      vertex -8.22315 62.461 194
      vertex -4.1204 62.8651 194
    endloop
  endfacet
  facet normal -0.0980206 0.995184 0
    outer loop
      vertex -8.22315 62.461 194
      vertex -4.1204 62.8651 190
      vertex -8.22315 62.461 190
    endloop
  endfacet
  facet normal 0.849202 0.528068 0
    outer loop
      vertex 54.5596 31.5 194
      vertex 52.3826 35.0009 190
      vertex 52.3826 35.0009 194
    endloop
  endfacet
  facet normal 0.849202 0.528068 0
    outer loop
      vertex 52.3826 35.0009 190
      vertex 54.5596 31.5 194
      vertex 54.5596 31.5 190
    endloop
  endfacet
  facet normal -0.935906 -0.35225 0
    outer loop
      vertex -58.2044 -24.1091 190
      vertex -59.6566 -20.2507 194
      vertex -59.6566 -20.2507 190
    endloop
  endfacet
  facet normal -0.935906 -0.35225 0
    outer loop
      vertex -59.6566 -20.2507 194
      vertex -58.2044 -24.1091 190
      vertex -58.2044 -24.1091 194
    endloop
  endfacet
  facet normal 0.227089 -0.973874 0
    outer loop
      vertex 12.2907 -61.7895 190
      vertex 16.3056 -60.8533 194
      vertex 12.2907 -61.7895 194
    endloop
  endfacet
  facet normal 0.227089 -0.973874 0
    outer loop
      vertex 16.3056 -60.8533 194
      vertex 12.2907 -61.7895 190
      vertex 16.3056 -60.8533 190
    endloop
  endfacet
  facet normal 0.634402 0.773003 -0
    outer loop
      vertex 41.5388 47.3659 190
      vertex 38.352 49.9813 194
      vertex 41.5388 47.3659 194
    endloop
  endfacet
  facet normal 0.634402 0.773003 0
    outer loop
      vertex 38.352 49.9813 194
      vertex 41.5388 47.3659 190
      vertex 38.352 49.9813 190
    endloop
  endfacet
  facet normal 0.162882 0.986645 -0
    outer loop
      vertex 12.2907 61.7895 190
      vertex 8.22315 62.461 194
      vertex 12.2907 61.7895 194
    endloop
  endfacet
  facet normal 0.162882 0.986645 0
    outer loop
      vertex 8.22315 62.461 194
      vertex 12.2907 61.7895 190
      vertex 8.22315 62.461 190
    endloop
  endfacet
  facet normal 0.0980206 0.995184 -0
    outer loop
      vertex 8.22315 62.461 190
      vertex 4.1204 62.8651 194
      vertex 8.22315 62.461 194
    endloop
  endfacet
  facet normal 0.0980206 0.995184 0
    outer loop
      vertex 4.1204 62.8651 194
      vertex 8.22315 62.461 190
      vertex 4.1204 62.8651 190
    endloop
  endfacet
  facet normal 0.935906 0.35225 0
    outer loop
      vertex 59.6566 20.2507 194
      vertex 58.2044 24.1091 190
      vertex 58.2044 24.1091 194
    endloop
  endfacet
  facet normal 0.935906 0.35225 0
    outer loop
      vertex 58.2044 24.1091 190
      vertex 59.6566 20.2507 194
      vertex 59.6566 20.2507 190
    endloop
  endfacet
  facet normal 0.910865 -0.412704 0
    outer loop
      vertex 56.503 -27.8642 194
      vertex 58.2044 -24.1091 190
      vertex 58.2044 -24.1091 194
    endloop
  endfacet
  facet normal 0.910865 -0.412704 0
    outer loop
      vertex 58.2044 -24.1091 190
      vertex 56.503 -27.8642 194
      vertex 56.503 -27.8642 190
    endloop
  endfacet
  facet normal 0.973874 0.227089 0
    outer loop
      vertex 61.7895 12.2907 194
      vertex 60.8533 16.3056 190
      vertex 60.8533 16.3056 194
    endloop
  endfacet
  facet normal 0.973874 0.227089 0
    outer loop
      vertex 60.8533 16.3056 190
      vertex 61.7895 12.2907 194
      vertex 61.7895 12.2907 190
    endloop
  endfacet
  facet normal -0.634402 -0.773003 0
    outer loop
      vertex -41.5388 -47.3659 190
      vertex -38.352 -49.9813 194
      vertex -41.5388 -47.3659 194
    endloop
  endfacet
  facet normal -0.634402 -0.773003 -0
    outer loop
      vertex -38.352 -49.9813 194
      vertex -41.5388 -47.3659 190
      vertex -38.352 -49.9813 190
    endloop
  endfacet
  facet normal 0.6836 -0.729857 0
    outer loop
      vertex 41.5388 -47.3659 190
      vertex 44.5477 -44.5477 194
      vertex 41.5388 -47.3659 194
    endloop
  endfacet
  facet normal 0.6836 -0.729857 0
    outer loop
      vertex 44.5477 -44.5477 194
      vertex 41.5388 -47.3659 190
      vertex 44.5477 -44.5477 190
    endloop
  endfacet
  facet normal -0.956943 0.290277 0
    outer loop
      vertex -60.8533 16.3056 190
      vertex -59.6566 20.2507 194
      vertex -59.6566 20.2507 190
    endloop
  endfacet
  facet normal -0.956943 0.290277 0
    outer loop
      vertex -59.6566 20.2507 194
      vertex -60.8533 16.3056 190
      vertex -60.8533 16.3056 194
    endloop
  endfacet
  facet normal 0.471401 0.881919 -0
    outer loop
      vertex 31.5 54.5596 190
      vertex 27.8642 56.503 194
      vertex 31.5 54.5596 194
    endloop
  endfacet
  facet normal 0.471401 0.881919 0
    outer loop
      vertex 27.8642 56.503 194
      vertex 31.5 54.5596 190
      vertex 27.8642 56.503 190
    endloop
  endfacet
  facet normal 0.35225 0.935906 -0
    outer loop
      vertex 24.1091 58.2044 190
      vertex 20.2507 59.6566 194
      vertex 24.1091 58.2044 194
    endloop
  endfacet
  facet normal 0.35225 0.935906 0
    outer loop
      vertex 20.2507 59.6566 194
      vertex 24.1091 58.2044 190
      vertex 20.2507 59.6566 190
    endloop
  endfacet
  facet normal 0.162882 -0.986645 0
    outer loop
      vertex 8.22315 -62.461 190
      vertex 12.2907 -61.7895 194
      vertex 8.22315 -62.461 194
    endloop
  endfacet
  facet normal 0.162882 -0.986645 0
    outer loop
      vertex 12.2907 -61.7895 194
      vertex 8.22315 -62.461 190
      vertex 12.2907 -61.7895 190
    endloop
  endfacet
  facet normal 0.412704 0.910865 -0
    outer loop
      vertex 27.8642 56.503 190
      vertex 24.1091 58.2044 194
      vertex 27.8642 56.503 194
    endloop
  endfacet
  facet normal 0.412704 0.910865 0
    outer loop
      vertex 24.1091 58.2044 194
      vertex 27.8642 56.503 190
      vertex 24.1091 58.2044 190
    endloop
  endfacet
  facet normal -0.729857 -0.6836 0
    outer loop
      vertex -44.5477 -44.5477 190
      vertex -47.3659 -41.5388 194
      vertex -47.3659 -41.5388 190
    endloop
  endfacet
  facet normal -0.729857 -0.6836 0
    outer loop
      vertex -47.3659 -41.5388 194
      vertex -44.5477 -44.5477 190
      vertex -44.5477 -44.5477 194
    endloop
  endfacet
  facet normal -0.6836 -0.729857 0
    outer loop
      vertex -44.5477 -44.5477 190
      vertex -41.5388 -47.3659 194
      vertex -44.5477 -44.5477 194
    endloop
  endfacet
  facet normal -0.6836 -0.729857 -0
    outer loop
      vertex -41.5388 -47.3659 194
      vertex -44.5477 -44.5477 190
      vertex -41.5388 -47.3659 190
    endloop
  endfacet
  facet normal -0.849202 -0.528068 0
    outer loop
      vertex -52.3826 -35.0009 190
      vertex -54.5596 -31.5 194
      vertex -54.5596 -31.5 190
    endloop
  endfacet
  facet normal -0.849202 -0.528068 0
    outer loop
      vertex -54.5596 -31.5 194
      vertex -52.3826 -35.0009 190
      vertex -52.3826 -35.0009 194
    endloop
  endfacet
  facet normal 0.773003 0.634402 0
    outer loop
      vertex 49.9813 38.352 194
      vertex 47.3659 41.5388 190
      vertex 47.3659 41.5388 194
    endloop
  endfacet
  facet normal 0.773003 0.634402 0
    outer loop
      vertex 47.3659 41.5388 190
      vertex 49.9813 38.352 194
      vertex 49.9813 38.352 190
    endloop
  endfacet
  facet normal 0.935906 -0.35225 0
    outer loop
      vertex 58.2044 -24.1091 194
      vertex 59.6566 -20.2507 190
      vertex 59.6566 -20.2507 194
    endloop
  endfacet
  facet normal 0.935906 -0.35225 0
    outer loop
      vertex 59.6566 -20.2507 190
      vertex 58.2044 -24.1091 194
      vertex 58.2044 -24.1091 190
    endloop
  endfacet
  facet normal 0.412704 -0.910865 0
    outer loop
      vertex 24.1091 -58.2044 190
      vertex 27.8642 -56.503 194
      vertex 24.1091 -58.2044 194
    endloop
  endfacet
  facet normal 0.412704 -0.910865 0
    outer loop
      vertex 27.8642 -56.503 194
      vertex 24.1091 -58.2044 190
      vertex 27.8642 -56.503 190
    endloop
  endfacet
  facet normal 0.986645 -0.162882 0
    outer loop
      vertex 61.7895 -12.2907 194
      vertex 62.461 -8.22315 190
      vertex 62.461 -8.22315 194
    endloop
  endfacet
  facet normal 0.986645 -0.162882 0
    outer loop
      vertex 62.461 -8.22315 190
      vertex 61.7895 -12.2907 194
      vertex 61.7895 -12.2907 190
    endloop
  endfacet
  facet normal 0.032722 -0.999464 0
    outer loop
      vertex 0 -63 190
      vertex 4.1204 -62.8651 194
      vertex 0 -63 194
    endloop
  endfacet
  facet normal 0.032722 -0.999464 0
    outer loop
      vertex 4.1204 -62.8651 194
      vertex 0 -63 190
      vertex 4.1204 -62.8651 190
    endloop
  endfacet
  facet normal -0.528068 0.849202 0
    outer loop
      vertex -31.5 54.5596 190
      vertex -35.0009 52.3826 194
      vertex -31.5 54.5596 194
    endloop
  endfacet
  facet normal -0.528068 0.849202 0
    outer loop
      vertex -35.0009 52.3826 194
      vertex -31.5 54.5596 190
      vertex -35.0009 52.3826 190
    endloop
  endfacet
  facet normal 0.849202 -0.528068 0
    outer loop
      vertex 52.3826 -35.0009 194
      vertex 54.5596 -31.5 190
      vertex 54.5596 -31.5 194
    endloop
  endfacet
  facet normal 0.849202 -0.528068 0
    outer loop
      vertex 54.5596 -31.5 190
      vertex 52.3826 -35.0009 194
      vertex 52.3826 -35.0009 190
    endloop
  endfacet
  facet normal -0.032722 0.999464 0
    outer loop
      vertex 0 63 190
      vertex -4.1204 62.8651 194
      vertex 0 63 194
    endloop
  endfacet
  facet normal -0.032722 0.999464 0
    outer loop
      vertex -4.1204 62.8651 194
      vertex 0 63 190
      vertex -4.1204 62.8651 190
    endloop
  endfacet
  facet normal 0.0980206 -0.995184 0
    outer loop
      vertex 4.1204 -62.8651 190
      vertex 8.22315 -62.461 194
      vertex 4.1204 -62.8651 194
    endloop
  endfacet
  facet normal 0.0980206 -0.995184 0
    outer loop
      vertex 8.22315 -62.461 194
      vertex 4.1204 -62.8651 190
      vertex 8.22315 -62.461 190
    endloop
  endfacet
  facet normal 0.290277 0.956943 -0
    outer loop
      vertex 20.2507 59.6566 190
      vertex 16.3056 60.8533 194
      vertex 20.2507 59.6566 194
    endloop
  endfacet
  facet normal 0.290277 0.956943 0
    outer loop
      vertex 16.3056 60.8533 194
      vertex 20.2507 59.6566 190
      vertex 16.3056 60.8533 190
    endloop
  endfacet
  facet normal 0.6836 0.729857 -0
    outer loop
      vertex 44.5477 44.5477 190
      vertex 41.5388 47.3659 194
      vertex 44.5477 44.5477 194
    endloop
  endfacet
  facet normal 0.6836 0.729857 0
    outer loop
      vertex 41.5388 47.3659 194
      vertex 44.5477 44.5477 190
      vertex 41.5388 47.3659 190
    endloop
  endfacet
  facet normal 0.582467 0.812854 -0
    outer loop
      vertex 38.352 49.9813 190
      vertex 35.0009 52.3826 194
      vertex 38.352 49.9813 194
    endloop
  endfacet
  facet normal 0.582467 0.812854 0
    outer loop
      vertex 35.0009 52.3826 194
      vertex 38.352 49.9813 190
      vertex 35.0009 52.3826 190
    endloop
  endfacet
  facet normal -0.973874 0.227089 0
    outer loop
      vertex -61.7895 12.2907 190
      vertex -60.8533 16.3056 194
      vertex -60.8533 16.3056 190
    endloop
  endfacet
  facet normal -0.973874 0.227089 0
    outer loop
      vertex -60.8533 16.3056 194
      vertex -61.7895 12.2907 190
      vertex -61.7895 12.2907 194
    endloop
  endfacet
  facet normal 0.729857 0.6836 0
    outer loop
      vertex 47.3659 41.5388 194
      vertex 44.5477 44.5477 190
      vertex 44.5477 44.5477 194
    endloop
  endfacet
  facet normal 0.729857 0.6836 0
    outer loop
      vertex 44.5477 44.5477 190
      vertex 47.3659 41.5388 194
      vertex 47.3659 41.5388 190
    endloop
  endfacet
  facet normal -0.412704 0.910865 0
    outer loop
      vertex -24.1091 58.2044 190
      vertex -27.8642 56.503 194
      vertex -24.1091 58.2044 194
    endloop
  endfacet
  facet normal -0.412704 0.910865 0
    outer loop
      vertex -27.8642 56.503 194
      vertex -24.1091 58.2044 190
      vertex -27.8642 56.503 190
    endloop
  endfacet
  facet normal -0.227089 0.973874 0
    outer loop
      vertex -12.2907 61.7895 190
      vertex -16.3056 60.8533 194
      vertex -12.2907 61.7895 194
    endloop
  endfacet
  facet normal -0.227089 0.973874 0
    outer loop
      vertex -16.3056 60.8533 194
      vertex -12.2907 61.7895 190
      vertex -16.3056 60.8533 190
    endloop
  endfacet
  facet normal -0.290277 0.956943 0
    outer loop
      vertex -16.3056 60.8533 190
      vertex -20.2507 59.6566 194
      vertex -16.3056 60.8533 194
    endloop
  endfacet
  facet normal -0.290277 0.956943 0
    outer loop
      vertex -20.2507 59.6566 194
      vertex -16.3056 60.8533 190
      vertex -20.2507 59.6566 190
    endloop
  endfacet
  facet normal 0.973874 -0.227089 0
    outer loop
      vertex 60.8533 -16.3056 194
      vertex 61.7895 -12.2907 190
      vertex 61.7895 -12.2907 194
    endloop
  endfacet
  facet normal 0.973874 -0.227089 0
    outer loop
      vertex 61.7895 -12.2907 190
      vertex 60.8533 -16.3056 194
      vertex 60.8533 -16.3056 190
    endloop
  endfacet
  facet normal 0.35225 -0.935906 0
    outer loop
      vertex 20.2507 -59.6566 190
      vertex 24.1091 -58.2044 194
      vertex 20.2507 -59.6566 194
    endloop
  endfacet
  facet normal 0.35225 -0.935906 0
    outer loop
      vertex 24.1091 -58.2044 194
      vertex 20.2507 -59.6566 190
      vertex 24.1091 -58.2044 190
    endloop
  endfacet
  facet normal -0.162882 0.986645 0
    outer loop
      vertex -8.22315 62.461 190
      vertex -12.2907 61.7895 194
      vertex -8.22315 62.461 194
    endloop
  endfacet
  facet normal -0.162882 0.986645 0
    outer loop
      vertex -12.2907 61.7895 194
      vertex -8.22315 62.461 190
      vertex -12.2907 61.7895 190
    endloop
  endfacet
  facet normal -0.910865 -0.412704 0
    outer loop
      vertex -56.503 -27.8642 190
      vertex -58.2044 -24.1091 194
      vertex -58.2044 -24.1091 190
    endloop
  endfacet
  facet normal -0.910865 -0.412704 0
    outer loop
      vertex -58.2044 -24.1091 194
      vertex -56.503 -27.8642 190
      vertex -56.503 -27.8642 194
    endloop
  endfacet
  facet normal -0.773003 0.634402 0
    outer loop
      vertex -49.9813 38.352 190
      vertex -47.3659 41.5388 194
      vertex -47.3659 41.5388 190
    endloop
  endfacet
  facet normal -0.773003 0.634402 0
    outer loop
      vertex -47.3659 41.5388 194
      vertex -49.9813 38.352 190
      vertex -49.9813 38.352 194
    endloop
  endfacet
  facet normal -0.582467 0.812854 0
    outer loop
      vertex -35.0009 52.3826 190
      vertex -38.352 49.9813 194
      vertex -35.0009 52.3826 194
    endloop
  endfacet
  facet normal -0.582467 0.812854 0
    outer loop
      vertex -38.352 49.9813 194
      vertex -35.0009 52.3826 190
      vertex -38.352 49.9813 190
    endloop
  endfacet
  facet normal -0.290277 -0.956943 0
    outer loop
      vertex -20.2507 -59.6566 190
      vertex -16.3056 -60.8533 194
      vertex -20.2507 -59.6566 194
    endloop
  endfacet
  facet normal -0.290277 -0.956943 -0
    outer loop
      vertex -16.3056 -60.8533 194
      vertex -20.2507 -59.6566 190
      vertex -16.3056 -60.8533 190
    endloop
  endfacet
  facet normal 0.995184 -0.0980206 0
    outer loop
      vertex 62.461 -8.22315 194
      vertex 62.8651 -4.1204 190
      vertex 62.8651 -4.1204 194
    endloop
  endfacet
  facet normal 0.995184 -0.0980206 0
    outer loop
      vertex 62.8651 -4.1204 190
      vertex 62.461 -8.22315 194
      vertex 62.461 -8.22315 190
    endloop
  endfacet
  facet normal 0.729857 -0.6836 0
    outer loop
      vertex 44.5477 -44.5477 194
      vertex 47.3659 -41.5388 190
      vertex 47.3659 -41.5388 194
    endloop
  endfacet
  facet normal 0.729857 -0.6836 0
    outer loop
      vertex 47.3659 -41.5388 190
      vertex 44.5477 -44.5477 194
      vertex 44.5477 -44.5477 190
    endloop
  endfacet
  facet normal -0.471401 0.881919 0
    outer loop
      vertex -27.8642 56.503 190
      vertex -31.5 54.5596 194
      vertex -27.8642 56.503 194
    endloop
  endfacet
  facet normal -0.471401 0.881919 0
    outer loop
      vertex -31.5 54.5596 194
      vertex -27.8642 56.503 190
      vertex -31.5 54.5596 190
    endloop
  endfacet
  facet normal 0.881919 0.471401 0
    outer loop
      vertex 56.503 27.8642 194
      vertex 54.5596 31.5 190
      vertex 54.5596 31.5 194
    endloop
  endfacet
  facet normal 0.881919 0.471401 0
    outer loop
      vertex 54.5596 31.5 190
      vertex 56.503 27.8642 194
      vertex 56.503 27.8642 190
    endloop
  endfacet
  facet normal 0.290277 -0.956943 0
    outer loop
      vertex 16.3056 -60.8533 190
      vertex 20.2507 -59.6566 194
      vertex 16.3056 -60.8533 194
    endloop
  endfacet
  facet normal 0.290277 -0.956943 0
    outer loop
      vertex 20.2507 -59.6566 194
      vertex 16.3056 -60.8533 190
      vertex 20.2507 -59.6566 190
    endloop
  endfacet
  facet normal 0.881919 -0.471401 0
    outer loop
      vertex 54.5596 -31.5 194
      vertex 56.503 -27.8642 190
      vertex 56.503 -27.8642 194
    endloop
  endfacet
  facet normal 0.881919 -0.471401 0
    outer loop
      vertex 56.503 -27.8642 190
      vertex 54.5596 -31.5 194
      vertex 54.5596 -31.5 190
    endloop
  endfacet
  facet normal -0.881919 -0.471401 0
    outer loop
      vertex -54.5596 -31.5 190
      vertex -56.503 -27.8642 194
      vertex -56.503 -27.8642 190
    endloop
  endfacet
  facet normal -0.881919 -0.471401 0
    outer loop
      vertex -56.503 -27.8642 194
      vertex -54.5596 -31.5 190
      vertex -54.5596 -31.5 194
    endloop
  endfacet
  facet normal 0.956943 -0.290277 0
    outer loop
      vertex 59.6566 -20.2507 194
      vertex 60.8533 -16.3056 190
      vertex 60.8533 -16.3056 194
    endloop
  endfacet
  facet normal 0.956943 -0.290277 0
    outer loop
      vertex 60.8533 -16.3056 190
      vertex 59.6566 -20.2507 194
      vertex 59.6566 -20.2507 190
    endloop
  endfacet
  facet normal -0.910865 0.412704 0
    outer loop
      vertex -58.2044 24.1091 190
      vertex -56.503 27.8642 194
      vertex -56.503 27.8642 190
    endloop
  endfacet
  facet normal -0.910865 0.412704 0
    outer loop
      vertex -56.503 27.8642 194
      vertex -58.2044 24.1091 190
      vertex -58.2044 24.1091 194
    endloop
  endfacet
  facet normal -0.412704 -0.910865 0
    outer loop
      vertex -27.8642 -56.503 190
      vertex -24.1091 -58.2044 194
      vertex -27.8642 -56.503 194
    endloop
  endfacet
  facet normal -0.412704 -0.910865 -0
    outer loop
      vertex -24.1091 -58.2044 194
      vertex -27.8642 -56.503 190
      vertex -24.1091 -58.2044 190
    endloop
  endfacet
  facet normal -0.956943 -0.290277 0
    outer loop
      vertex -59.6566 -20.2507 190
      vertex -60.8533 -16.3056 194
      vertex -60.8533 -16.3056 190
    endloop
  endfacet
  facet normal -0.956943 -0.290277 0
    outer loop
      vertex -60.8533 -16.3056 194
      vertex -59.6566 -20.2507 190
      vertex -59.6566 -20.2507 194
    endloop
  endfacet
  facet normal -0.634402 0.773003 0
    outer loop
      vertex -38.352 49.9813 190
      vertex -41.5388 47.3659 194
      vertex -38.352 49.9813 194
    endloop
  endfacet
  facet normal -0.634402 0.773003 0
    outer loop
      vertex -41.5388 47.3659 194
      vertex -38.352 49.9813 190
      vertex -41.5388 47.3659 190
    endloop
  endfacet
  facet normal -0.995184 -0.0980206 0
    outer loop
      vertex -62.461 -8.22315 190
      vertex -62.8651 -4.1204 194
      vertex -62.8651 -4.1204 190
    endloop
  endfacet
  facet normal -0.995184 -0.0980206 0
    outer loop
      vertex -62.8651 -4.1204 194
      vertex -62.461 -8.22315 190
      vertex -62.461 -8.22315 194
    endloop
  endfacet
  facet normal -0.849202 0.528068 0
    outer loop
      vertex -54.5596 31.5 190
      vertex -52.3826 35.0009 194
      vertex -52.3826 35.0009 190
    endloop
  endfacet
  facet normal -0.849202 0.528068 0
    outer loop
      vertex -52.3826 35.0009 194
      vertex -54.5596 31.5 190
      vertex -54.5596 31.5 194
    endloop
  endfacet
  facet normal -0.986645 0.162882 0
    outer loop
      vertex -62.461 8.22315 190
      vertex -61.7895 12.2907 194
      vertex -61.7895 12.2907 190
    endloop
  endfacet
  facet normal -0.986645 0.162882 0
    outer loop
      vertex -61.7895 12.2907 194
      vertex -62.461 8.22315 190
      vertex -62.461 8.22315 194
    endloop
  endfacet
  facet normal -0.812854 -0.582467 0
    outer loop
      vertex -49.9813 -38.352 190
      vertex -52.3826 -35.0009 194
      vertex -52.3826 -35.0009 190
    endloop
  endfacet
  facet normal -0.812854 -0.582467 0
    outer loop
      vertex -52.3826 -35.0009 194
      vertex -49.9813 -38.352 190
      vertex -49.9813 -38.352 194
    endloop
  endfacet
  facet normal -0.35225 -0.935906 0
    outer loop
      vertex -24.1091 -58.2044 190
      vertex -20.2507 -59.6566 194
      vertex -24.1091 -58.2044 194
    endloop
  endfacet
  facet normal -0.35225 -0.935906 -0
    outer loop
      vertex -20.2507 -59.6566 194
      vertex -24.1091 -58.2044 190
      vertex -20.2507 -59.6566 190
    endloop
  endfacet
  facet normal -0.729857 0.6836 0
    outer loop
      vertex -47.3659 41.5388 190
      vertex -44.5477 44.5477 194
      vertex -44.5477 44.5477 190
    endloop
  endfacet
  facet normal -0.729857 0.6836 0
    outer loop
      vertex -44.5477 44.5477 194
      vertex -47.3659 41.5388 190
      vertex -47.3659 41.5388 194
    endloop
  endfacet
  facet normal 0.812854 -0.582467 0
    outer loop
      vertex 49.9813 -38.352 194
      vertex 52.3826 -35.0009 190
      vertex 52.3826 -35.0009 194
    endloop
  endfacet
  facet normal 0.812854 -0.582467 0
    outer loop
      vertex 52.3826 -35.0009 190
      vertex 49.9813 -38.352 194
      vertex 49.9813 -38.352 190
    endloop
  endfacet
  facet normal -0.162882 -0.986645 0
    outer loop
      vertex -12.2907 -61.7895 190
      vertex -8.22315 -62.461 194
      vertex -12.2907 -61.7895 194
    endloop
  endfacet
  facet normal -0.162882 -0.986645 -0
    outer loop
      vertex -8.22315 -62.461 194
      vertex -12.2907 -61.7895 190
      vertex -8.22315 -62.461 190
    endloop
  endfacet
  facet normal -0.999464 -0.032722 0
    outer loop
      vertex -62.8651 -4.1204 190
      vertex -63 0 194
      vertex -63 0 190
    endloop
  endfacet
  facet normal -0.999464 -0.032722 0
    outer loop
      vertex -63 0 194
      vertex -62.8651 -4.1204 190
      vertex -62.8651 -4.1204 194
    endloop
  endfacet
  facet normal 0.999464 -0.032722 0
    outer loop
      vertex 62.8651 -4.1204 194
      vertex 63 0 190
      vertex 63 0 194
    endloop
  endfacet
  facet normal 0.999464 -0.032722 0
    outer loop
      vertex 63 0 190
      vertex 62.8651 -4.1204 194
      vertex 62.8651 -4.1204 190
    endloop
  endfacet
  facet normal -0.528068 -0.849202 0
    outer loop
      vertex -35.0009 -52.3826 190
      vertex -31.5 -54.5596 194
      vertex -35.0009 -52.3826 194
    endloop
  endfacet
  facet normal -0.528068 -0.849202 -0
    outer loop
      vertex -31.5 -54.5596 194
      vertex -35.0009 -52.3826 190
      vertex -31.5 -54.5596 190
    endloop
  endfacet
  facet normal 0.032722 0.999464 -0
    outer loop
      vertex 4.1204 62.8651 190
      vertex 0 63 194
      vertex 4.1204 62.8651 194
    endloop
  endfacet
  facet normal 0.032722 0.999464 0
    outer loop
      vertex 0 63 194
      vertex 4.1204 62.8651 190
      vertex 0 63 190
    endloop
  endfacet
  facet normal 0 0 -1
    outer loop
      vertex -59.6566 20.2507 190
      vertex -43.9058 2.87774 190
      vertex -54.5 4.3 190
    endloop
  endfacet
  facet normal 0 0 -1
    outer loop
      vertex -43.9058 2.87774 190
      vertex -54.5596 31.5 190
      vertex -52.3826 35.0009 190
    endloop
  endfacet
  facet normal 0 0 -1
    outer loop
      vertex -43.9058 2.87774 190
      vertex -56.503 27.8642 190
      vertex -54.5596 31.5 190
    endloop
  endfacet
  facet normal 0 0 -1
    outer loop
      vertex -61.7895 12.2907 190
      vertex -54.5 4.3 190
      vertex -57.5 4.3 190
    endloop
  endfacet
  facet normal 0 0 -1
    outer loop
      vertex -43.9058 2.87774 190
      vertex -58.2044 24.1091 190
      vertex -56.503 27.8642 190
    endloop
  endfacet
  facet normal 0 0 -1
    outer loop
      vertex -61.7895 -12.2907 190
      vertex -54.5 -4.3 190
      vertex -60.8533 -16.3056 190
    endloop
  endfacet
  facet normal -0 0 -1
    outer loop
      vertex -54.5 -4.3 190
      vertex -61.7895 -12.2907 190
      vertex -57.5 -4.3 190
    endloop
  endfacet
  facet normal 0 0 -1
    outer loop
      vertex -43.9058 2.87774 190
      vertex -59.6566 20.2507 190
      vertex -58.2044 24.1091 190
    endloop
  endfacet
  facet normal 0 0 -1
    outer loop
      vertex -62.461 -8.22315 190
      vertex -57.5 -4.3 190
      vertex -61.7895 -12.2907 190
    endloop
  endfacet
  facet normal 0 0 -1
    outer loop
      vertex -54.5 4.3 190
      vertex -60.8533 16.3056 190
      vertex -59.6566 20.2507 190
    endloop
  endfacet
  facet normal 0 0 -1
    outer loop
      vertex -62.8651 -4.1204 190
      vertex -57.5 -4.3 190
      vertex -62.461 -8.22315 190
    endloop
  endfacet
  facet normal 0 0 -1
    outer loop
      vertex -54.5 4.3 190
      vertex -61.7895 12.2907 190
      vertex -60.8533 16.3056 190
    endloop
  endfacet
  facet normal 0 0 -1
    outer loop
      vertex -63 0 190
      vertex -57.5 -4.3 190
      vertex -62.8651 -4.1204 190
    endloop
  endfacet
  facet normal 0 0 -1
    outer loop
      vertex -57.5 4.3 190
      vertex -62.461 8.22315 190
      vertex -61.7895 12.2907 190
    endloop
  endfacet
  facet normal 0 0 -1
    outer loop
      vertex -57.5 -4.3 190
      vertex -63 0 190
      vertex -57.5 4.3 190
    endloop
  endfacet
  facet normal -0 0 -1
    outer loop
      vertex -57.5 4.3 190
      vertex -62.8651 4.1204 190
      vertex -62.461 8.22315 190
    endloop
  endfacet
  facet normal 0 0 -1
    outer loop
      vertex -57.5 4.3 190
      vertex -63 0 190
      vertex -62.8651 4.1204 190
    endloop
  endfacet
  facet normal -0 0 -1
    outer loop
      vertex -34.0082 -42.4071 190
      vertex -37.6181 -43.6992 190
      vertex -35.4968 -41.5779 190
    endloop
  endfacet
  facet normal 0 0 -1
    outer loop
      vertex -32.6881 -43.5648 190
      vertex -38.352 -49.9813 190
      vertex -37.6181 -43.6992 190
    endloop
  endfacet
  facet normal 0 0 -1
    outer loop
      vertex -41.5388 -47.3659 190
      vertex -37.6181 -43.6992 190
      vertex -38.352 -49.9813 190
    endloop
  endfacet
  facet normal 0 0 -1
    outer loop
      vertex -44.5477 -44.5477 190
      vertex -37.6181 -43.6992 190
      vertex -41.5388 -47.3659 190
    endloop
  endfacet
  facet normal 0 0 -1
    outer loop
      vertex -42.5007 -11.388 190
      vertex -54.5 -4.3 190
      vertex -43.1546 -8.58397 190
    endloop
  endfacet
  facet normal 0 0 -1
    outer loop
      vertex -47.3659 -41.5388 190
      vertex -43.6992 -37.6181 190
      vertex -44.5477 -44.5477 190
    endloop
  endfacet
  facet normal -0 0 -1
    outer loop
      vertex -37.6181 -43.6992 190
      vertex -44.5477 -44.5477 190
      vertex -43.6992 -37.6181 190
    endloop
  endfacet
  facet normal 0 0 -1
    outer loop
      vertex -37.6181 43.6992 190
      vertex -35.0009 52.3826 190
      vertex -35.4968 41.5779 190
    endloop
  endfacet
  facet normal 0 0 -1
    outer loop
      vertex -37.6181 43.6992 190
      vertex -38.352 49.9813 190
      vertex -35.0009 52.3826 190
    endloop
  endfacet
  facet normal 0 0 -1
    outer loop
      vertex -37.6181 43.6992 190
      vertex -41.5388 47.3659 190
      vertex -38.352 49.9813 190
    endloop
  endfacet
  facet normal 0 0 -1
    outer loop
      vertex -44.5477 44.5477 190
      vertex -37.6181 43.6992 190
      vertex -43.6992 37.6181 190
    endloop
  endfacet
  facet normal 0 0 -1
    outer loop
      vertex -54.5 4.3 190
      vertex -44 0 190
      vertex -54.5 -4.3 190
    endloop
  endfacet
  facet normal 0 0 -1
    outer loop
      vertex -49.9813 -38.352 190
      vertex -43.6992 -37.6181 190
      vertex -47.3659 -41.5388 190
    endloop
  endfacet
  facet normal 0 0 -1
    outer loop
      vertex -37.6181 43.6992 190
      vertex -44.5477 44.5477 190
      vertex -41.5388 47.3659 190
    endloop
  endfacet
  facet normal 0 0 -1
    outer loop
      vertex -44 0 190
      vertex -54.5 4.3 190
      vertex -43.9058 2.87774 190
    endloop
  endfacet
  facet normal 0 0 -1
    outer loop
      vertex -52.3826 -35.0009 190
      vertex -43.6992 -37.6181 190
      vertex -49.9813 -38.352 190
    endloop
  endfacet
  facet normal 0 0 -1
    outer loop
      vertex -43.9058 2.87774 190
      vertex -52.3826 35.0009 190
      vertex -43.6992 37.6181 190
    endloop
  endfacet
  facet normal 0 0 -1
    outer loop
      vertex -54.5596 -31.5 190
      vertex -43.6992 -37.6181 190
      vertex -52.3826 -35.0009 190
    endloop
  endfacet
  facet normal 0 0 -1
    outer loop
      vertex -43.6992 37.6181 190
      vertex -47.3659 41.5388 190
      vertex -44.5477 44.5477 190
    endloop
  endfacet
  facet normal 0 0 -1
    outer loop
      vertex -56.503 -27.8642 190
      vertex -43.6992 -37.6181 190
      vertex -54.5596 -31.5 190
    endloop
  endfacet
  facet normal 0 0 -1
    outer loop
      vertex -43.6992 37.6181 190
      vertex -49.9813 38.352 190
      vertex -47.3659 41.5388 190
    endloop
  endfacet
  facet normal -0 0 -1
    outer loop
      vertex -43.6992 37.6181 190
      vertex -52.3826 35.0009 190
      vertex -49.9813 38.352 190
    endloop
  endfacet
  facet normal 0 0 -1
    outer loop
      vertex -43.1546 -8.58397 190
      vertex -54.5 -4.3 190
      vertex -43.6236 -5.74315 190
    endloop
  endfacet
  facet normal 0 0 -1
    outer loop
      vertex -43.6236 -5.74315 190
      vertex -54.5 -4.3 190
      vertex -43.9058 -2.87774 190
    endloop
  endfacet
  facet normal -0 0 -1
    outer loop
      vertex -43.9058 -2.87774 190
      vertex -54.5 -4.3 190
      vertex -44 0 190
    endloop
  endfacet
  facet normal -0 0 -1
    outer loop
      vertex -42.5007 -11.388 190
      vertex -60.8533 -16.3056 190
      vertex -54.5 -4.3 190
    endloop
  endfacet
  facet normal 0 0 -1
    outer loop
      vertex -60.8533 -16.3056 190
      vertex -42.5007 -11.388 190
      vertex -59.6566 -20.2507 190
    endloop
  endfacet
  facet normal 0 0 -1
    outer loop
      vertex -11.388 42.5007 190
      vertex -14.6438 45.8997 190
      vertex -14.6342 46.194 190
    endloop
  endfacet
  facet normal 0 0 -1
    outer loop
      vertex -11.388 42.5007 190
      vertex -14.6727 45.6066 190
      vertex -14.6438 45.8997 190
    endloop
  endfacet
  facet normal 0 0 -1
    outer loop
      vertex -11.388 42.5007 190
      vertex -14.7206 45.3161 190
      vertex -14.6727 45.6066 190
    endloop
  endfacet
  facet normal 0 0 -1
    outer loop
      vertex -11.388 42.5007 190
      vertex -14.7875 45.0293 190
      vertex -14.7206 45.3161 190
    endloop
  endfacet
  facet normal 0 0 -1
    outer loop
      vertex -11.388 42.5007 190
      vertex -14.873 44.7475 190
      vertex -14.7875 45.0293 190
    endloop
  endfacet
  facet normal 0 0 -1
    outer loop
      vertex -11.388 42.5007 190
      vertex -14.9767 44.4719 190
      vertex -14.873 44.7475 190
    endloop
  endfacet
  facet normal 0 0 -1
    outer loop
      vertex -11.388 42.5007 190
      vertex -15.0982 44.2037 190
      vertex -14.9767 44.4719 190
    endloop
  endfacet
  facet normal 0 0 -1
    outer loop
      vertex -14.1433 41.6649 190
      vertex -15.2371 43.944 190
      vertex -15.0982 44.2037 190
    endloop
  endfacet
  facet normal 0 0 -1
    outer loop
      vertex -14.1433 41.6649 190
      vertex -15.3926 43.6939 190
      vertex -15.2371 43.944 190
    endloop
  endfacet
  facet normal 0 0 -1
    outer loop
      vertex -14.1433 41.6649 190
      vertex -15.5641 43.4546 190
      vertex -15.3926 43.6939 190
    endloop
  endfacet
  facet normal 0 0 -1
    outer loop
      vertex -14.1433 41.6649 190
      vertex -15.7509 43.2269 190
      vertex -15.5641 43.4546 190
    endloop
  endfacet
  facet normal 0 0 -1
    outer loop
      vertex -14.1433 41.6649 190
      vertex -15.9522 43.012 190
      vertex -15.7509 43.2269 190
    endloop
  endfacet
  facet normal 0 0 -1
    outer loop
      vertex -14.1433 41.6649 190
      vertex -16.1671 42.8107 190
      vertex -15.9522 43.012 190
    endloop
  endfacet
  facet normal 0 0 -1
    outer loop
      vertex -14.1433 41.6649 190
      vertex -16.3947 42.6239 190
      vertex -16.1671 42.8107 190
    endloop
  endfacet
  facet normal 0 0 -1
    outer loop
      vertex -16.8381 40.6507 190
      vertex -16.3947 42.6239 190
      vertex -14.1433 41.6649 190
    endloop
  endfacet
  facet normal 0 0 -1
    outer loop
      vertex -16.3947 42.6239 190
      vertex -16.8381 40.6507 190
      vertex -16.6341 42.4524 190
    endloop
  endfacet
  facet normal 0 0 -1
    outer loop
      vertex -16.8381 40.6507 190
      vertex -16.8842 42.2969 190
      vertex -16.6341 42.4524 190
    endloop
  endfacet
  facet normal 0 0 -1
    outer loop
      vertex -16.8381 40.6507 190
      vertex -17.1439 42.1581 190
      vertex -16.8842 42.2969 190
    endloop
  endfacet
  facet normal 0 0 -1
    outer loop
      vertex -16.8381 40.6507 190
      vertex -17.4121 42.0365 190
      vertex -17.1439 42.1581 190
    endloop
  endfacet
  facet normal 0 0 -1
    outer loop
      vertex -16.8381 40.6507 190
      vertex -17.6877 41.9328 190
      vertex -17.4121 42.0365 190
    endloop
  endfacet
  facet normal 0 0 -1
    outer loop
      vertex -16.8381 40.6507 190
      vertex -17.9695 41.8473 190
      vertex -17.6877 41.9328 190
    endloop
  endfacet
  facet normal 0 0 -1
    outer loop
      vertex -16.8381 40.6507 190
      vertex -18.2563 41.7804 190
      vertex -17.9695 41.8473 190
    endloop
  endfacet
  facet normal 0 0 -1
    outer loop
      vertex -16.8381 40.6507 190
      vertex -18.5468 41.7325 190
      vertex -18.2563 41.7804 190
    endloop
  endfacet
  facet normal 0 0 -1
    outer loop
      vertex -19.4607 39.4624 190
      vertex -18.5468 41.7325 190
      vertex -16.8381 40.6507 190
    endloop
  endfacet
  facet normal 0 0 -1
    outer loop
      vertex -18.5468 41.7325 190
      vertex -19.4607 39.4624 190
      vertex -18.8399 41.7036 190
    endloop
  endfacet
  facet normal 0 0 -1
    outer loop
      vertex -18.8399 41.7036 190
      vertex -19.4607 39.4624 190
      vertex -19.1342 41.694 190
    endloop
  endfacet
  facet normal -0 0 -1
    outer loop
      vertex -19.1342 41.694 190
      vertex -19.4607 39.4624 190
      vertex -19.4285 41.7036 190
    endloop
  endfacet
  facet normal 0 0 -1
    outer loop
      vertex -19.4607 39.4624 190
      vertex -19.7215 41.7325 190
      vertex -19.4285 41.7036 190
    endloop
  endfacet
  facet normal 0 0 -1
    outer loop
      vertex -19.4607 39.4624 190
      vertex -20.0121 41.7804 190
      vertex -19.7215 41.7325 190
    endloop
  endfacet
  facet normal 0 0 -1
    outer loop
      vertex -19.4607 39.4624 190
      vertex -20.2989 41.8473 190
      vertex -20.0121 41.7804 190
    endloop
  endfacet
  facet normal 0 0 -1
    outer loop
      vertex -19.4607 39.4624 190
      vertex -20.5806 41.9328 190
      vertex -20.2989 41.8473 190
    endloop
  endfacet
  facet normal 0 0 -1
    outer loop
      vertex -22 38.1051 190
      vertex -20.5806 41.9328 190
      vertex -19.4607 39.4624 190
    endloop
  endfacet
  facet normal -0 0 -1
    outer loop
      vertex -20.5806 41.9328 190
      vertex -22 38.1051 190
      vertex -20.8562 42.0365 190
    endloop
  endfacet
  facet normal -0 0 -1
    outer loop
      vertex -20.8562 42.0365 190
      vertex -22 38.1051 190
      vertex -21.1245 42.1581 190
    endloop
  endfacet
  facet normal -0 0 -1
    outer loop
      vertex -21.1245 42.1581 190
      vertex -22 38.1051 190
      vertex -21.3842 42.2969 190
    endloop
  endfacet
  facet normal -0 0 -1
    outer loop
      vertex -21.3842 42.2969 190
      vertex -22 38.1051 190
      vertex -21.6342 42.4524 190
    endloop
  endfacet
  facet normal -0 0 -1
    outer loop
      vertex -21.6342 42.4524 190
      vertex -22 38.1051 190
      vertex -21.8736 42.6239 190
    endloop
  endfacet
  facet normal 0 0 -1
    outer loop
      vertex -22 38.1051 190
      vertex -22.1012 42.8107 190
      vertex -21.8736 42.6239 190
    endloop
  endfacet
  facet normal 0 0 -1
    outer loop
      vertex -22 38.1051 190
      vertex -22.3162 43.012 190
      vertex -22.1012 42.8107 190
    endloop
  endfacet
  facet normal 0 0 -1
    outer loop
      vertex -24.4451 36.5847 190
      vertex -22.3162 43.012 190
      vertex -22 38.1051 190
    endloop
  endfacet
  facet normal -0 0 -1
    outer loop
      vertex -22.3162 43.012 190
      vertex -24.4451 36.5847 190
      vertex -22.5175 43.2269 190
    endloop
  endfacet
  facet normal -0 0 -1
    outer loop
      vertex -22.5175 43.2269 190
      vertex -24.4451 36.5847 190
      vertex -22.7043 43.4546 190
    endloop
  endfacet
  facet normal -0 0 -1
    outer loop
      vertex -22.7043 43.4546 190
      vertex -24.4451 36.5847 190
      vertex -22.8758 43.6939 190
    endloop
  endfacet
  facet normal -0 0 -1
    outer loop
      vertex -22.8758 43.6939 190
      vertex -24.4451 36.5847 190
      vertex -23.0313 43.944 190
    endloop
  endfacet
  facet normal -0 0 -1
    outer loop
      vertex -23.0313 43.944 190
      vertex -24.4451 36.5847 190
      vertex -23.1701 44.2037 190
    endloop
  endfacet
  facet normal 0 0 -1
    outer loop
      vertex -35.4968 41.5779 190
      vertex -23.1701 44.2037 190
      vertex -24.4451 36.5847 190
    endloop
  endfacet
  facet normal -0 0 -1
    outer loop
      vertex -23.1701 44.2037 190
      vertex -35.4968 41.5779 190
      vertex -23.2916 44.4719 190
    endloop
  endfacet
  facet normal -0 0 -1
    outer loop
      vertex -23.2916 44.4719 190
      vertex -35.4968 41.5779 190
      vertex -23.3954 44.7475 190
    endloop
  endfacet
  facet normal 0 0 -1
    outer loop
      vertex -35.4968 41.5779 190
      vertex -23.6342 46.194 190
      vertex -23.6245 45.8997 190
    endloop
  endfacet
  facet normal -0 0 -1
    outer loop
      vertex -23.3954 44.7475 190
      vertex -35.4968 41.5779 190
      vertex -23.4808 45.0293 190
    endloop
  endfacet
  facet normal -0 0 -1
    outer loop
      vertex -23.4808 45.0293 190
      vertex -35.4968 41.5779 190
      vertex -23.5477 45.3161 190
    endloop
  endfacet
  facet normal -0 0 -1
    outer loop
      vertex -23.5477 45.3161 190
      vertex -35.4968 41.5779 190
      vertex -23.5957 45.6066 190
    endloop
  endfacet
  facet normal -0 0 -1
    outer loop
      vertex -23.5957 45.6066 190
      vertex -35.4968 41.5779 190
      vertex -23.6245 45.8997 190
    endloop
  endfacet
  facet normal 0 0 -1
    outer loop
      vertex -35.4968 41.5779 190
      vertex -24.4451 36.5847 190
      vertex -26.7855 34.9075 190
    endloop
  endfacet
  facet normal 0 0 -1
    outer loop
      vertex -23.6342 46.194 190
      vertex -27.8642 56.503 190
      vertex -24.1091 58.2044 190
    endloop
  endfacet
  facet normal 0 0 -1
    outer loop
      vertex -35.4968 41.5779 190
      vertex -26.7855 34.9075 190
      vertex -29.0112 33.081 190
    endloop
  endfacet
  facet normal 0 0 -1
    outer loop
      vertex -35.4968 41.5779 190
      vertex -29.0112 33.081 190
      vertex -31.1127 31.1127 190
    endloop
  endfacet
  facet normal -0 0 -1
    outer loop
      vertex -23.6342 46.194 190
      vertex -35.4968 41.5779 190
      vertex -35.0009 52.3826 190
    endloop
  endfacet
  facet normal 0 0 -1
    outer loop
      vertex -41.5779 35.4968 190
      vertex -31.1127 31.1127 190
      vertex -33.081 29.0112 190
    endloop
  endfacet
  facet normal 0 0 -1
    outer loop
      vertex -41.5779 35.4968 190
      vertex -33.081 29.0112 190
      vertex -34.9075 26.7855 190
    endloop
  endfacet
  facet normal 0 0 -1
    outer loop
      vertex -23.6342 46.194 190
      vertex -31.5 54.5596 190
      vertex -27.8642 56.503 190
    endloop
  endfacet
  facet normal 0 0 -1
    outer loop
      vertex -23.6342 46.194 190
      vertex -35.0009 52.3826 190
      vertex -31.5 54.5596 190
    endloop
  endfacet
  facet normal 0 0 -1
    outer loop
      vertex -41.5779 35.4968 190
      vertex -34.9075 26.7855 190
      vertex -36.5847 24.4451 190
    endloop
  endfacet
  facet normal 0 0 -1
    outer loop
      vertex -41.5779 35.4968 190
      vertex -36.5847 24.4451 190
      vertex -38.1051 22 190
    endloop
  endfacet
  facet normal 0 0 -1
    outer loop
      vertex -41.5779 35.4968 190
      vertex -38.1051 22 190
      vertex -39.4624 19.4607 190
    endloop
  endfacet
  facet normal 0 0 -1
    outer loop
      vertex -43.6992 37.6181 190
      vertex -39.4624 19.4607 190
      vertex -40.6507 16.8381 190
    endloop
  endfacet
  facet normal 0 0 -1
    outer loop
      vertex -31.1127 31.1127 190
      vertex -41.5779 35.4968 190
      vertex -35.4968 41.5779 190
    endloop
  endfacet
  facet normal 0 0 -1
    outer loop
      vertex -43.6992 37.6181 190
      vertex -40.6507 16.8381 190
      vertex -41.6649 14.1433 190
    endloop
  endfacet
  facet normal 0 0 -1
    outer loop
      vertex -43.6992 37.6181 190
      vertex -41.6649 14.1433 190
      vertex -42.5007 11.388 190
    endloop
  endfacet
  facet normal 0 0 -1
    outer loop
      vertex -43.6992 37.6181 190
      vertex -42.5007 11.388 190
      vertex -43.1546 8.58397 190
    endloop
  endfacet
  facet normal 0 0 -1
    outer loop
      vertex -43.6992 37.6181 190
      vertex -43.1546 8.58397 190
      vertex -43.6236 5.74315 190
    endloop
  endfacet
  facet normal 0 0 -1
    outer loop
      vertex -39.4624 19.4607 190
      vertex -43.6992 37.6181 190
      vertex -41.5779 35.4968 190
    endloop
  endfacet
  facet normal 0 -0 -1
    outer loop
      vertex -43.6992 37.6181 190
      vertex -43.6236 5.74315 190
      vertex -43.9058 2.87774 190
    endloop
  endfacet
  facet normal 0 0 -1
    outer loop
      vertex -25.9766 -39.0803 190
      vertex -22 -38.1051 190
      vertex -25.9477 -39.3734 190
    endloop
  endfacet
  facet normal 0 0 -1
    outer loop
      vertex -26.0245 -38.7898 190
      vertex -22 -38.1051 190
      vertex -25.9766 -39.0803 190
    endloop
  endfacet
  facet normal -0 0 -1
    outer loop
      vertex -22 -38.1051 190
      vertex -26.0245 -38.7898 190
      vertex -24.4451 -36.5847 190
    endloop
  endfacet
  facet normal 0 0 -1
    outer loop
      vertex -26.0914 -38.503 190
      vertex -24.4451 -36.5847 190
      vertex -26.0245 -38.7898 190
    endloop
  endfacet
  facet normal 0 0 -1
    outer loop
      vertex -26.1769 -38.2212 190
      vertex -24.4451 -36.5847 190
      vertex -26.0914 -38.503 190
    endloop
  endfacet
  facet normal 0 0 -1
    outer loop
      vertex -26.2806 -37.9456 190
      vertex -24.4451 -36.5847 190
      vertex -26.1769 -38.2212 190
    endloop
  endfacet
  facet normal 0 0 -1
    outer loop
      vertex -26.4021 -37.6774 190
      vertex -24.4451 -36.5847 190
      vertex -26.2806 -37.9456 190
    endloop
  endfacet
  facet normal 0 0 -1
    outer loop
      vertex -26.541 -37.4177 190
      vertex -24.4451 -36.5847 190
      vertex -26.4021 -37.6774 190
    endloop
  endfacet
  facet normal 0 0 -1
    outer loop
      vertex -26.6965 -37.1676 190
      vertex -24.4451 -36.5847 190
      vertex -26.541 -37.4177 190
    endloop
  endfacet
  facet normal 0 0 -1
    outer loop
      vertex -26.868 -36.9282 190
      vertex -24.4451 -36.5847 190
      vertex -26.6965 -37.1676 190
    endloop
  endfacet
  facet normal -0 0 -1
    outer loop
      vertex -24.4451 -36.5847 190
      vertex -26.868 -36.9282 190
      vertex -26.7855 -34.9075 190
    endloop
  endfacet
  facet normal 0 0 -1
    outer loop
      vertex -27.0548 -36.7006 190
      vertex -26.7855 -34.9075 190
      vertex -26.868 -36.9282 190
    endloop
  endfacet
  facet normal 0 0 -1
    outer loop
      vertex -27.2561 -36.4857 190
      vertex -26.7855 -34.9075 190
      vertex -27.0548 -36.7006 190
    endloop
  endfacet
  facet normal 0 0 -1
    outer loop
      vertex -27.471 -36.2844 190
      vertex -26.7855 -34.9075 190
      vertex -27.2561 -36.4857 190
    endloop
  endfacet
  facet normal 0 0 -1
    outer loop
      vertex -27.6986 -36.0976 190
      vertex -26.7855 -34.9075 190
      vertex -27.471 -36.2844 190
    endloop
  endfacet
  facet normal 0 0 -1
    outer loop
      vertex -27.938 -35.9261 190
      vertex -26.7855 -34.9075 190
      vertex -27.6986 -36.0976 190
    endloop
  endfacet
  facet normal 0 0 -1
    outer loop
      vertex -28.1881 -35.7706 190
      vertex -26.7855 -34.9075 190
      vertex -27.938 -35.9261 190
    endloop
  endfacet
  facet normal 0 0 -1
    outer loop
      vertex -28.4478 -35.6317 190
      vertex -26.7855 -34.9075 190
      vertex -28.1881 -35.7706 190
    endloop
  endfacet
  facet normal 0 0 -1
    outer loop
      vertex -28.716 -35.5102 190
      vertex -26.7855 -34.9075 190
      vertex -28.4478 -35.6317 190
    endloop
  endfacet
  facet normal 0 0 -1
    outer loop
      vertex -29.0112 -33.081 190
      vertex -28.716 -35.5102 190
      vertex -28.9916 -35.4065 190
    endloop
  endfacet
  facet normal 0 0 -1
    outer loop
      vertex -28.716 -35.5102 190
      vertex -29.0112 -33.081 190
      vertex -26.7855 -34.9075 190
    endloop
  endfacet
  facet normal 0 0 -1
    outer loop
      vertex -29.2734 -35.321 190
      vertex -29.0112 -33.081 190
      vertex -28.9916 -35.4065 190
    endloop
  endfacet
  facet normal 0 0 -1
    outer loop
      vertex -29.5602 -35.2541 190
      vertex -29.0112 -33.081 190
      vertex -29.2734 -35.321 190
    endloop
  endfacet
  facet normal 0 0 -1
    outer loop
      vertex -29.8507 -35.2062 190
      vertex -29.0112 -33.081 190
      vertex -29.5602 -35.2541 190
    endloop
  endfacet
  facet normal 0 0 -1
    outer loop
      vertex -30.1438 -35.1773 190
      vertex -29.0112 -33.081 190
      vertex -29.8507 -35.2062 190
    endloop
  endfacet
  facet normal 0 0 -1
    outer loop
      vertex -30.4381 -35.1677 190
      vertex -29.0112 -33.081 190
      vertex -30.1438 -35.1773 190
    endloop
  endfacet
  facet normal 0 0 -1
    outer loop
      vertex -30.7324 -35.1773 190
      vertex -29.0112 -33.081 190
      vertex -30.4381 -35.1677 190
    endloop
  endfacet
  facet normal 0 0 -1
    outer loop
      vertex -31.1127 -31.1127 190
      vertex -30.7324 -35.1773 190
      vertex -31.0254 -35.2062 190
    endloop
  endfacet
  facet normal 0 0 -1
    outer loop
      vertex -30.7324 -35.1773 190
      vertex -31.1127 -31.1127 190
      vertex -29.0112 -33.081 190
    endloop
  endfacet
  facet normal 0 0 -1
    outer loop
      vertex -31.316 -35.2541 190
      vertex -31.1127 -31.1127 190
      vertex -31.0254 -35.2062 190
    endloop
  endfacet
  facet normal 0 0 -1
    outer loop
      vertex -31.6028 -35.321 190
      vertex -31.1127 -31.1127 190
      vertex -31.316 -35.2541 190
    endloop
  endfacet
  facet normal 0 0 -1
    outer loop
      vertex -31.8845 -35.4065 190
      vertex -31.1127 -31.1127 190
      vertex -31.6028 -35.321 190
    endloop
  endfacet
  facet normal 0 0 -1
    outer loop
      vertex -32.1601 -35.5102 190
      vertex -31.1127 -31.1127 190
      vertex -31.8845 -35.4065 190
    endloop
  endfacet
  facet normal 0 0 -1
    outer loop
      vertex -32.4284 -35.6317 190
      vertex -31.1127 -31.1127 190
      vertex -32.1601 -35.5102 190
    endloop
  endfacet
  facet normal 0 0 -1
    outer loop
      vertex -32.6881 -35.7706 190
      vertex -31.1127 -31.1127 190
      vertex -32.4284 -35.6317 190
    endloop
  endfacet
  facet normal 0 0 -1
    outer loop
      vertex -33.081 -29.0112 190
      vertex -32.6881 -35.7706 190
      vertex -32.9381 -35.9261 190
    endloop
  endfacet
  facet normal 0 0 -1
    outer loop
      vertex -32.6881 -35.7706 190
      vertex -33.081 -29.0112 190
      vertex -31.1127 -31.1127 190
    endloop
  endfacet
  facet normal 0 0 -1
    outer loop
      vertex -33.1775 -36.0976 190
      vertex -33.081 -29.0112 190
      vertex -32.9381 -35.9261 190
    endloop
  endfacet
  facet normal 0 0 -1
    outer loop
      vertex -33.4051 -36.2844 190
      vertex -33.081 -29.0112 190
      vertex -33.1775 -36.0976 190
    endloop
  endfacet
  facet normal 0 0 -1
    outer loop
      vertex -33.6201 -36.4857 190
      vertex -33.081 -29.0112 190
      vertex -33.4051 -36.2844 190
    endloop
  endfacet
  facet normal 0 0 -1
    outer loop
      vertex -41.5779 -35.4968 190
      vertex -33.6201 -36.4857 190
      vertex -33.8214 -36.7006 190
    endloop
  endfacet
  facet normal 0 0 -1
    outer loop
      vertex -41.5779 -35.4968 190
      vertex -33.8214 -36.7006 190
      vertex -34.0082 -36.9282 190
    endloop
  endfacet
  facet normal 0 0 -1
    outer loop
      vertex -41.5779 -35.4968 190
      vertex -34.0082 -36.9282 190
      vertex -34.1797 -37.1676 190
    endloop
  endfacet
  facet normal 0 0 -1
    outer loop
      vertex -41.5779 -35.4968 190
      vertex -34.1797 -37.1676 190
      vertex -34.3352 -37.4177 190
    endloop
  endfacet
  facet normal 0 0 -1
    outer loop
      vertex -41.5779 -35.4968 190
      vertex -34.3352 -37.4177 190
      vertex -34.474 -37.6774 190
    endloop
  endfacet
  facet normal 0 0 -1
    outer loop
      vertex -41.5779 -35.4968 190
      vertex -34.474 -37.6774 190
      vertex -34.5955 -37.9456 190
    endloop
  endfacet
  facet normal 0 0 -1
    outer loop
      vertex -41.5779 -35.4968 190
      vertex -34.5955 -37.9456 190
      vertex -34.6993 -38.2212 190
    endloop
  endfacet
  facet normal 0 0 -1
    outer loop
      vertex -41.5779 -35.4968 190
      vertex -34.6993 -38.2212 190
      vertex -34.7847 -38.503 190
    endloop
  endfacet
  facet normal 0 0 -1
    outer loop
      vertex -41.5779 -35.4968 190
      vertex -34.7847 -38.503 190
      vertex -34.8516 -38.7898 190
    endloop
  endfacet
  facet normal 0 0 -1
    outer loop
      vertex -33.6201 -36.4857 190
      vertex -41.5779 -35.4968 190
      vertex -33.081 -29.0112 190
    endloop
  endfacet
  facet normal 0 0 -1
    outer loop
      vertex -41.5779 -35.4968 190
      vertex -34.8516 -38.7898 190
      vertex -34.8996 -39.0803 190
    endloop
  endfacet
  facet normal 0 0 -1
    outer loop
      vertex -41.5779 -35.4968 190
      vertex -34.8996 -39.0803 190
      vertex -34.9284 -39.3734 190
    endloop
  endfacet
  facet normal 0 0 -1
    outer loop
      vertex -41.5779 -35.4968 190
      vertex -34.9284 -39.3734 190
      vertex -34.9381 -39.6677 190
    endloop
  endfacet
  facet normal -0 0 -1
    outer loop
      vertex -34.9284 -39.962 190
      vertex -35.4968 -41.5779 190
      vertex -34.9381 -39.6677 190
    endloop
  endfacet
  facet normal 0 0 -1
    outer loop
      vertex -41.5779 -35.4968 190
      vertex -34.9381 -39.6677 190
      vertex -35.4968 -41.5779 190
    endloop
  endfacet
  facet normal -0 0 -1
    outer loop
      vertex -33.081 -29.0112 190
      vertex -41.5779 -35.4968 190
      vertex -34.9075 -26.7855 190
    endloop
  endfacet
  facet normal -0 0 -1
    outer loop
      vertex -34.9075 -26.7855 190
      vertex -41.5779 -35.4968 190
      vertex -36.5847 -24.4451 190
    endloop
  endfacet
  facet normal -0 0 -1
    outer loop
      vertex -36.5847 -24.4451 190
      vertex -41.5779 -35.4968 190
      vertex -38.1051 -22 190
    endloop
  endfacet
  facet normal 0 0 -1
    outer loop
      vertex -56.503 -27.8642 190
      vertex -38.1051 -22 190
      vertex -41.5779 -35.4968 190
    endloop
  endfacet
  facet normal 0 0 -1
    outer loop
      vertex -56.503 -27.8642 190
      vertex -41.5779 -35.4968 190
      vertex -43.6992 -37.6181 190
    endloop
  endfacet
  facet normal -0 0 -1
    outer loop
      vertex -38.1051 -22 190
      vertex -56.503 -27.8642 190
      vertex -39.4624 -19.4607 190
    endloop
  endfacet
  facet normal -0 0 -1
    outer loop
      vertex -39.4624 -19.4607 190
      vertex -56.503 -27.8642 190
      vertex -40.6507 -16.8381 190
    endloop
  endfacet
  facet normal 0 0 -1
    outer loop
      vertex -58.2044 -24.1091 190
      vertex -40.6507 -16.8381 190
      vertex -56.503 -27.8642 190
    endloop
  endfacet
  facet normal -0 0 -1
    outer loop
      vertex -40.6507 -16.8381 190
      vertex -58.2044 -24.1091 190
      vertex -41.6649 -14.1433 190
    endloop
  endfacet
  facet normal 0 0 -1
    outer loop
      vertex -59.6566 -20.2507 190
      vertex -41.6649 -14.1433 190
      vertex -58.2044 -24.1091 190
    endloop
  endfacet
  facet normal -0 0 -1
    outer loop
      vertex -41.6649 -14.1433 190
      vertex -59.6566 -20.2507 190
      vertex -42.5007 -11.388 190
    endloop
  endfacet
  facet normal 0 0 -1
    outer loop
      vertex 2.87774 43.9058 190
      vertex 4.3 54.5 190
      vertex 5.74315 43.6236 190
    endloop
  endfacet
  facet normal 0 0 -1
    outer loop
      vertex 0 44 190
      vertex 4.3 54.5 190
      vertex 2.87774 43.9058 190
    endloop
  endfacet
  facet normal 0 0 -1
    outer loop
      vertex -4.3 54.5 190
      vertex 0 44 190
      vertex -2.87774 43.9058 190
    endloop
  endfacet
  facet normal 0 0 -1
    outer loop
      vertex 0 44 190
      vertex -4.3 54.5 190
      vertex 4.3 54.5 190
    endloop
  endfacet
  facet normal 0 0 -1
    outer loop
      vertex -8.58397 43.1546 190
      vertex -4.3 54.5 190
      vertex -5.74315 43.6236 190
    endloop
  endfacet
  facet normal 0 0 -1
    outer loop
      vertex -5.74315 43.6236 190
      vertex -4.3 54.5 190
      vertex -2.87774 43.9058 190
    endloop
  endfacet
  facet normal 0 0 -1
    outer loop
      vertex 8.58397 -43.1546 190
      vertex 4.3 -54.5 190
      vertex 5.74315 -43.6236 190
    endloop
  endfacet
  facet normal 0 0 -1
    outer loop
      vertex 4.3 -54.5 190
      vertex 2.87774 -43.9058 190
      vertex 5.74315 -43.6236 190
    endloop
  endfacet
  facet normal 0 0 -1
    outer loop
      vertex 4.3 -54.5 190
      vertex 0 -44 190
      vertex 2.87774 -43.9058 190
    endloop
  endfacet
  facet normal 0 0 -1
    outer loop
      vertex -4.3 -54.5 190
      vertex 0 -44 190
      vertex 4.3 -54.5 190
    endloop
  endfacet
  facet normal -0 0 -1
    outer loop
      vertex 0 -44 190
      vertex -4.3 -54.5 190
      vertex -2.87774 -43.9058 190
    endloop
  endfacet
  facet normal -0 0 -1
    outer loop
      vertex -2.87774 -43.9058 190
      vertex -4.3 -54.5 190
      vertex -5.74315 -43.6236 190
    endloop
  endfacet
  facet normal 0 0 -1
    outer loop
      vertex 41.6649 14.1433 190
      vertex 59.6566 20.2507 190
      vertex 42.5007 11.388 190
    endloop
  endfacet
  facet normal -0 0 -1
    outer loop
      vertex 59.6566 20.2507 190
      vertex 41.6649 14.1433 190
      vertex 58.2044 24.1091 190
    endloop
  endfacet
  facet normal 0 0 -1
    outer loop
      vertex 40.6507 16.8381 190
      vertex 58.2044 24.1091 190
      vertex 41.6649 14.1433 190
    endloop
  endfacet
  facet normal -0 0 -1
    outer loop
      vertex 58.2044 24.1091 190
      vertex 40.6507 16.8381 190
      vertex 56.503 27.8642 190
    endloop
  endfacet
  facet normal 0 0 -1
    outer loop
      vertex 39.4624 19.4607 190
      vertex 56.503 27.8642 190
      vertex 40.6507 16.8381 190
    endloop
  endfacet
  facet normal 0 0 -1
    outer loop
      vertex 38.1051 22 190
      vertex 56.503 27.8642 190
      vertex 39.4624 19.4607 190
    endloop
  endfacet
  facet normal 0 0 -1
    outer loop
      vertex 56.503 27.8642 190
      vertex 41.5779 35.4968 190
      vertex 43.6992 37.6181 190
    endloop
  endfacet
  facet normal -0 0 -1
    outer loop
      vertex 56.503 27.8642 190
      vertex 38.1051 22 190
      vertex 41.5779 35.4968 190
    endloop
  endfacet
  facet normal 0 0 -1
    outer loop
      vertex 36.5847 24.4451 190
      vertex 41.5779 35.4968 190
      vertex 38.1051 22 190
    endloop
  endfacet
  facet normal 0 0 -1
    outer loop
      vertex 34.9075 26.7855 190
      vertex 41.5779 35.4968 190
      vertex 36.5847 24.4451 190
    endloop
  endfacet
  facet normal 0 0 -1
    outer loop
      vertex 33.081 29.0112 190
      vertex 41.5779 35.4968 190
      vertex 34.9075 26.7855 190
    endloop
  endfacet
  facet normal 0 0 -1
    outer loop
      vertex 31.1127 31.1127 190
      vertex 41.5779 35.4968 190
      vertex 33.081 29.0112 190
    endloop
  endfacet
  facet normal -0 0 -1
    outer loop
      vertex 41.5779 35.4968 190
      vertex 31.1127 31.1127 190
      vertex 35.4968 41.5779 190
    endloop
  endfacet
  facet normal 0 0 -1
    outer loop
      vertex 29.0112 33.081 190
      vertex 35.4968 41.5779 190
      vertex 31.1127 31.1127 190
    endloop
  endfacet
  facet normal 0 0 -1
    outer loop
      vertex 26.7855 34.9075 190
      vertex 35.4968 41.5779 190
      vertex 29.0112 33.081 190
    endloop
  endfacet
  facet normal 0 0 -1
    outer loop
      vertex 24.4451 36.5847 190
      vertex 35.4968 41.5779 190
      vertex 26.7855 34.9075 190
    endloop
  endfacet
  facet normal 0 0 -1
    outer loop
      vertex 22 38.1051 190
      vertex 35.4968 41.5779 190
      vertex 24.4451 36.5847 190
    endloop
  endfacet
  facet normal 0 0 -1
    outer loop
      vertex 35.4968 41.5779 190
      vertex 31.5 54.5596 190
      vertex 35.0009 52.3826 190
    endloop
  endfacet
  facet normal -0 0 -1
    outer loop
      vertex 35.4968 41.5779 190
      vertex 22 38.1051 190
      vertex 31.5 54.5596 190
    endloop
  endfacet
  facet normal -0 0 -1
    outer loop
      vertex 31.5 54.5596 190
      vertex 22 38.1051 190
      vertex 27.8642 56.503 190
    endloop
  endfacet
  facet normal 0 0 -1
    outer loop
      vertex 19.4607 39.4624 190
      vertex 27.8642 56.503 190
      vertex 22 38.1051 190
    endloop
  endfacet
  facet normal -0 0 -1
    outer loop
      vertex 27.8642 56.503 190
      vertex 19.4607 39.4624 190
      vertex 24.1091 58.2044 190
    endloop
  endfacet
  facet normal 0 0 -1
    outer loop
      vertex 16.8381 40.6507 190
      vertex 24.1091 58.2044 190
      vertex 19.4607 39.4624 190
    endloop
  endfacet
  facet normal -0 0 -1
    outer loop
      vertex 24.1091 58.2044 190
      vertex 16.8381 40.6507 190
      vertex 20.2507 59.6566 190
    endloop
  endfacet
  facet normal 0 0 -1
    outer loop
      vertex 14.1433 41.6649 190
      vertex 20.2507 59.6566 190
      vertex 16.8381 40.6507 190
    endloop
  endfacet
  facet normal -0 0 -1
    outer loop
      vertex 20.2507 59.6566 190
      vertex 14.1433 41.6649 190
      vertex 16.3056 60.8533 190
    endloop
  endfacet
  facet normal 0 0 -1
    outer loop
      vertex 11.388 42.5007 190
      vertex 16.3056 60.8533 190
      vertex 14.1433 41.6649 190
    endloop
  endfacet
  facet normal 0 0 -1
    outer loop
      vertex 4.3 54.5 190
      vertex 16.3056 60.8533 190
      vertex 11.388 42.5007 190
    endloop
  endfacet
  facet normal 0 0 -1
    outer loop
      vertex 4.3 54.5 190
      vertex 11.388 42.5007 190
      vertex 8.58397 43.1546 190
    endloop
  endfacet
  facet normal -0 0 -1
    outer loop
      vertex 16.3056 60.8533 190
      vertex 4.3 54.5 190
      vertex 12.2907 61.7895 190
    endloop
  endfacet
  facet normal 0 0 -1
    outer loop
      vertex 4.3 54.5 190
      vertex 8.58397 43.1546 190
      vertex 5.74315 43.6236 190
    endloop
  endfacet
  facet normal 0 0 -1
    outer loop
      vertex 4.3 57.5 190
      vertex 12.2907 61.7895 190
      vertex 4.3 54.5 190
    endloop
  endfacet
  facet normal -0 0 -1
    outer loop
      vertex 12.2907 61.7895 190
      vertex 4.3 57.5 190
      vertex 8.22315 62.461 190
    endloop
  endfacet
  facet normal 0 0 -1
    outer loop
      vertex 4.3 57.5 190
      vertex 4.1204 62.8651 190
      vertex 8.22315 62.461 190
    endloop
  endfacet
  facet normal 0 0 -1
    outer loop
      vertex 4.3 57.5 190
      vertex 0 63 190
      vertex 4.1204 62.8651 190
    endloop
  endfacet
  facet normal 0 0 -1
    outer loop
      vertex -4.3 57.5 190
      vertex 0 63 190
      vertex 4.3 57.5 190
    endloop
  endfacet
  facet normal 0 0 -1
    outer loop
      vertex 0 63 190
      vertex -4.3 57.5 190
      vertex -4.1204 62.8651 190
    endloop
  endfacet
  facet normal 0 0 -1
    outer loop
      vertex -15.0982 48.1843 190
      vertex -4.3 54.5 190
      vertex -14.9767 47.9161 190
    endloop
  endfacet
  facet normal 0 0 -1
    outer loop
      vertex -4.3 57.5 190
      vertex -8.22315 62.461 190
      vertex -4.1204 62.8651 190
    endloop
  endfacet
  facet normal 0 0 -1
    outer loop
      vertex -14.873 47.6405 190
      vertex -4.3 54.5 190
      vertex -8.58397 43.1546 190
    endloop
  endfacet
  facet normal 0 0 -1
    outer loop
      vertex -14.6342 46.194 190
      vertex -8.58397 43.1546 190
      vertex -11.388 42.5007 190
    endloop
  endfacet
  facet normal 0 0 -1
    outer loop
      vertex -4.3 54.5 190
      vertex -14.873 47.6405 190
      vertex -14.9767 47.9161 190
    endloop
  endfacet
  facet normal 0 0 -1
    outer loop
      vertex -15.0982 44.2037 190
      vertex -11.388 42.5007 190
      vertex -14.1433 41.6649 190
    endloop
  endfacet
  facet normal 0 0 -1
    outer loop
      vertex -8.58397 43.1546 190
      vertex -14.6342 46.194 190
      vertex -14.6438 46.4883 190
    endloop
  endfacet
  facet normal 0 0 -1
    outer loop
      vertex -8.58397 43.1546 190
      vertex -14.6438 46.4883 190
      vertex -14.6727 46.7813 190
    endloop
  endfacet
  facet normal 0 0 -1
    outer loop
      vertex -8.58397 43.1546 190
      vertex -14.6727 46.7813 190
      vertex -14.7206 47.0719 190
    endloop
  endfacet
  facet normal 0 0 -1
    outer loop
      vertex -8.58397 43.1546 190
      vertex -14.7206 47.0719 190
      vertex -14.7875 47.3587 190
    endloop
  endfacet
  facet normal 0 0 -1
    outer loop
      vertex -8.58397 43.1546 190
      vertex -14.7875 47.3587 190
      vertex -14.873 47.6405 190
    endloop
  endfacet
  facet normal 0 0 -1
    outer loop
      vertex -15.2371 48.444 190
      vertex -4.3 54.5 190
      vertex -15.0982 48.1843 190
    endloop
  endfacet
  facet normal 0 0 -1
    outer loop
      vertex -15.3926 48.694 190
      vertex -4.3 54.5 190
      vertex -15.2371 48.444 190
    endloop
  endfacet
  facet normal 0 0 -1
    outer loop
      vertex -15.5641 48.9334 190
      vertex -4.3 54.5 190
      vertex -15.3926 48.694 190
    endloop
  endfacet
  facet normal 0 0 -1
    outer loop
      vertex -15.7509 49.161 190
      vertex -4.3 54.5 190
      vertex -15.5641 48.9334 190
    endloop
  endfacet
  facet normal 0 0 -1
    outer loop
      vertex -15.9522 49.376 190
      vertex -4.3 54.5 190
      vertex -15.7509 49.161 190
    endloop
  endfacet
  facet normal 0 0 -1
    outer loop
      vertex -4.3 57.5 190
      vertex -12.2907 61.7895 190
      vertex -8.22315 62.461 190
    endloop
  endfacet
  facet normal 0 0 -1
    outer loop
      vertex -16.1671 49.5773 190
      vertex -4.3 54.5 190
      vertex -15.9522 49.376 190
    endloop
  endfacet
  facet normal 0 0 -1
    outer loop
      vertex -4.3 54.5 190
      vertex -12.2907 61.7895 190
      vertex -4.3 57.5 190
    endloop
  endfacet
  facet normal -0 0 -1
    outer loop
      vertex -4.3 54.5 190
      vertex -16.1671 49.5773 190
      vertex -12.2907 61.7895 190
    endloop
  endfacet
  facet normal 0 0 -1
    outer loop
      vertex -16.3947 49.7641 190
      vertex -12.2907 61.7895 190
      vertex -16.1671 49.5773 190
    endloop
  endfacet
  facet normal 0 0 -1
    outer loop
      vertex -16.6341 49.9356 190
      vertex -12.2907 61.7895 190
      vertex -16.3947 49.7641 190
    endloop
  endfacet
  facet normal 0 0 -1
    outer loop
      vertex -12.2907 61.7895 190
      vertex -16.6341 49.9356 190
      vertex -16.3056 60.8533 190
    endloop
  endfacet
  facet normal 0 0 -1
    outer loop
      vertex -16.8842 50.0911 190
      vertex -16.3056 60.8533 190
      vertex -16.6341 49.9356 190
    endloop
  endfacet
  facet normal 0 0 -1
    outer loop
      vertex -17.1439 50.2299 190
      vertex -16.3056 60.8533 190
      vertex -16.8842 50.0911 190
    endloop
  endfacet
  facet normal 0 0 -1
    outer loop
      vertex -17.4121 50.3514 190
      vertex -16.3056 60.8533 190
      vertex -17.1439 50.2299 190
    endloop
  endfacet
  facet normal 0 0 -1
    outer loop
      vertex -17.6877 50.4552 190
      vertex -16.3056 60.8533 190
      vertex -17.4121 50.3514 190
    endloop
  endfacet
  facet normal 0 0 -1
    outer loop
      vertex -17.9695 50.5406 190
      vertex -16.3056 60.8533 190
      vertex -17.6877 50.4552 190
    endloop
  endfacet
  facet normal 0 0 -1
    outer loop
      vertex -18.2563 50.6075 190
      vertex -16.3056 60.8533 190
      vertex -17.9695 50.5406 190
    endloop
  endfacet
  facet normal 0 0 -1
    outer loop
      vertex -20.2507 59.6566 190
      vertex -18.2563 50.6075 190
      vertex -18.5468 50.6555 190
    endloop
  endfacet
  facet normal 0 0 -1
    outer loop
      vertex -20.2507 59.6566 190
      vertex -18.5468 50.6555 190
      vertex -18.8399 50.6843 190
    endloop
  endfacet
  facet normal 0 0 -1
    outer loop
      vertex -20.2507 59.6566 190
      vertex -18.8399 50.6843 190
      vertex -19.1342 50.694 190
    endloop
  endfacet
  facet normal 0 0 -1
    outer loop
      vertex -20.2507 59.6566 190
      vertex -19.1342 50.694 190
      vertex -19.4285 50.6843 190
    endloop
  endfacet
  facet normal 0 0 -1
    outer loop
      vertex -20.2507 59.6566 190
      vertex -19.4285 50.6843 190
      vertex -19.7215 50.6555 190
    endloop
  endfacet
  facet normal 0 0 -1
    outer loop
      vertex -20.2507 59.6566 190
      vertex -19.7215 50.6555 190
      vertex -20.0121 50.6075 190
    endloop
  endfacet
  facet normal 0 0 -1
    outer loop
      vertex -18.2563 50.6075 190
      vertex -20.2507 59.6566 190
      vertex -16.3056 60.8533 190
    endloop
  endfacet
  facet normal 0 0 -1
    outer loop
      vertex -24.1091 58.2044 190
      vertex -20.0121 50.6075 190
      vertex -20.2989 50.5406 190
    endloop
  endfacet
  facet normal 0 0 -1
    outer loop
      vertex -24.1091 58.2044 190
      vertex -20.2989 50.5406 190
      vertex -20.5806 50.4552 190
    endloop
  endfacet
  facet normal 0 0 -1
    outer loop
      vertex -24.1091 58.2044 190
      vertex -20.5806 50.4552 190
      vertex -20.8562 50.3514 190
    endloop
  endfacet
  facet normal 0 0 -1
    outer loop
      vertex -24.1091 58.2044 190
      vertex -20.8562 50.3514 190
      vertex -21.1245 50.2299 190
    endloop
  endfacet
  facet normal 0 0 -1
    outer loop
      vertex -24.1091 58.2044 190
      vertex -21.1245 50.2299 190
      vertex -21.3842 50.0911 190
    endloop
  endfacet
  facet normal 0 0 -1
    outer loop
      vertex -24.1091 58.2044 190
      vertex -21.3842 50.0911 190
      vertex -21.6342 49.9356 190
    endloop
  endfacet
  facet normal 0 0 -1
    outer loop
      vertex -24.1091 58.2044 190
      vertex -21.6342 49.9356 190
      vertex -21.8736 49.7641 190
    endloop
  endfacet
  facet normal 0 0 -1
    outer loop
      vertex -24.1091 58.2044 190
      vertex -21.8736 49.7641 190
      vertex -22.1012 49.5773 190
    endloop
  endfacet
  facet normal 0 0 -1
    outer loop
      vertex -24.1091 58.2044 190
      vertex -22.1012 49.5773 190
      vertex -22.3162 49.376 190
    endloop
  endfacet
  facet normal 0 0 -1
    outer loop
      vertex -24.1091 58.2044 190
      vertex -22.3162 49.376 190
      vertex -22.5175 49.161 190
    endloop
  endfacet
  facet normal 0 0 -1
    outer loop
      vertex -24.1091 58.2044 190
      vertex -22.5175 49.161 190
      vertex -22.7043 48.9334 190
    endloop
  endfacet
  facet normal 0 0 -1
    outer loop
      vertex -24.1091 58.2044 190
      vertex -22.7043 48.9334 190
      vertex -22.8758 48.694 190
    endloop
  endfacet
  facet normal 0 0 -1
    outer loop
      vertex -24.1091 58.2044 190
      vertex -22.8758 48.694 190
      vertex -23.0313 48.444 190
    endloop
  endfacet
  facet normal 0 0 -1
    outer loop
      vertex -24.1091 58.2044 190
      vertex -23.0313 48.444 190
      vertex -23.1701 48.1843 190
    endloop
  endfacet
  facet normal 0 0 -1
    outer loop
      vertex -24.1091 58.2044 190
      vertex -23.1701 48.1843 190
      vertex -23.2916 47.9161 190
    endloop
  endfacet
  facet normal 0 0 -1
    outer loop
      vertex -24.1091 58.2044 190
      vertex -23.2916 47.9161 190
      vertex -23.3954 47.6405 190
    endloop
  endfacet
  facet normal 0 0 -1
    outer loop
      vertex -24.1091 58.2044 190
      vertex -23.3954 47.6405 190
      vertex -23.4808 47.3587 190
    endloop
  endfacet
  facet normal 0 0 -1
    outer loop
      vertex -20.0121 50.6075 190
      vertex -24.1091 58.2044 190
      vertex -20.2507 59.6566 190
    endloop
  endfacet
  facet normal 0 0 -1
    outer loop
      vertex -23.5477 47.0719 190
      vertex -24.1091 58.2044 190
      vertex -23.4808 47.3587 190
    endloop
  endfacet
  facet normal 0 0 -1
    outer loop
      vertex -23.5957 46.7813 190
      vertex -24.1091 58.2044 190
      vertex -23.5477 47.0719 190
    endloop
  endfacet
  facet normal 0 0 -1
    outer loop
      vertex -23.6245 46.4883 190
      vertex -24.1091 58.2044 190
      vertex -23.5957 46.7813 190
    endloop
  endfacet
  facet normal 0 0 -1
    outer loop
      vertex -24.1091 58.2044 190
      vertex -23.6245 46.4883 190
      vertex -23.6342 46.194 190
    endloop
  endfacet
  facet normal -0 0 -1
    outer loop
      vertex 49.9813 38.352 190
      vertex 43.6992 37.6181 190
      vertex 47.3659 41.5388 190
    endloop
  endfacet
  facet normal -0 0 -1
    outer loop
      vertex 47.3659 41.5388 190
      vertex 43.6992 37.6181 190
      vertex 44.5477 44.5477 190
    endloop
  endfacet
  facet normal 0 0 -1
    outer loop
      vertex 37.6181 43.6992 190
      vertex 44.5477 44.5477 190
      vertex 43.6992 37.6181 190
    endloop
  endfacet
  facet normal -0 0 -1
    outer loop
      vertex 44.5477 44.5477 190
      vertex 37.6181 43.6992 190
      vertex 41.5388 47.3659 190
    endloop
  endfacet
  facet normal -0 0 -1
    outer loop
      vertex 41.5388 47.3659 190
      vertex 37.6181 43.6992 190
      vertex 38.352 49.9813 190
    endloop
  endfacet
  facet normal 0 0 -1
    outer loop
      vertex 35.0009 52.3826 190
      vertex 37.6181 43.6992 190
      vertex 35.4968 41.5779 190
    endloop
  endfacet
  facet normal 0 0 -1
    outer loop
      vertex 37.6181 43.6992 190
      vertex 35.0009 52.3826 190
      vertex 38.352 49.9813 190
    endloop
  endfacet
  facet normal -0 0 -1
    outer loop
      vertex 45.4148 -4.80423 190
      vertex 43.6236 -5.74315 190
      vertex 43.9058 -2.87774 190
    endloop
  endfacet
  facet normal 0 0 -1
    outer loop
      vertex 45.6751 -8.77631 190
      vertex 43.1546 -8.58397 190
      vertex 43.6236 -5.74315 190
    endloop
  endfacet
  facet normal 0 0 -1
    outer loop
      vertex 45.8306 -9.02637 190
      vertex 43.1546 -8.58397 190
      vertex 45.6751 -8.77631 190
    endloop
  endfacet
  facet normal 0 -0 -1
    outer loop
      vertex 43.1546 -8.58397 190
      vertex 45.8306 -9.02637 190
      vertex 42.5007 -11.388 190
    endloop
  endfacet
  facet normal 0 0 -1
    outer loop
      vertex 39.4624 -19.4607 190
      vertex 43.6992 -37.6181 190
      vertex 41.5779 -35.4968 190
    endloop
  endfacet
  facet normal -0 0 -1
    outer loop
      vertex 46.0022 -9.26574 190
      vertex 42.5007 -11.388 190
      vertex 45.8306 -9.02637 190
    endloop
  endfacet
  facet normal 0 0 -1
    outer loop
      vertex 43.6992 -37.6181 190
      vertex 39.4624 -19.4607 190
      vertex 40.6507 -16.8381 190
    endloop
  endfacet
  facet normal 0 0 -1
    outer loop
      vertex 41.5779 -35.4968 190
      vertex 38.1051 -22 190
      vertex 39.4624 -19.4607 190
    endloop
  endfacet
  facet normal 0 0 -1
    outer loop
      vertex 41.5779 -35.4968 190
      vertex 36.5847 -24.4451 190
      vertex 38.1051 -22 190
    endloop
  endfacet
  facet normal 0 0 -1
    outer loop
      vertex 31.1127 -31.1127 190
      vertex 41.5779 -35.4968 190
      vertex 35.4968 -41.5779 190
    endloop
  endfacet
  facet normal 0 0 -1
    outer loop
      vertex 41.5779 -35.4968 190
      vertex 34.9075 -26.7855 190
      vertex 36.5847 -24.4451 190
    endloop
  endfacet
  facet normal 0 0 -1
    outer loop
      vertex 31.5 -54.5596 190
      vertex 35.4968 -41.5779 190
      vertex 35.0009 -52.3826 190
    endloop
  endfacet
  facet normal 0 0 -1
    outer loop
      vertex 41.5779 -35.4968 190
      vertex 33.081 -29.0112 190
      vertex 34.9075 -26.7855 190
    endloop
  endfacet
  facet normal 0 0 -1
    outer loop
      vertex 22 -38.1051 190
      vertex 35.4968 -41.5779 190
      vertex 31.5 -54.5596 190
    endloop
  endfacet
  facet normal 0 0 -1
    outer loop
      vertex 41.5779 -35.4968 190
      vertex 31.1127 -31.1127 190
      vertex 33.081 -29.0112 190
    endloop
  endfacet
  facet normal 0 0 -1
    outer loop
      vertex 35.4968 -41.5779 190
      vertex 29.0112 -33.081 190
      vertex 31.1127 -31.1127 190
    endloop
  endfacet
  facet normal 0 0 -1
    outer loop
      vertex 22 -38.1051 190
      vertex 31.5 -54.5596 190
      vertex 27.8642 -56.503 190
    endloop
  endfacet
  facet normal 0 0 -1
    outer loop
      vertex 35.4968 -41.5779 190
      vertex 26.7855 -34.9075 190
      vertex 29.0112 -33.081 190
    endloop
  endfacet
  facet normal 0 0 -1
    outer loop
      vertex 35.4968 -41.5779 190
      vertex 24.4451 -36.5847 190
      vertex 26.7855 -34.9075 190
    endloop
  endfacet
  facet normal 0 0 -1
    outer loop
      vertex 19.4607 -39.4624 190
      vertex 27.8642 -56.503 190
      vertex 24.1091 -58.2044 190
    endloop
  endfacet
  facet normal 0 0 -1
    outer loop
      vertex 35.4968 -41.5779 190
      vertex 22 -38.1051 190
      vertex 24.4451 -36.5847 190
    endloop
  endfacet
  facet normal 0 0 -1
    outer loop
      vertex 16.8381 -40.6507 190
      vertex 24.1091 -58.2044 190
      vertex 20.2507 -59.6566 190
    endloop
  endfacet
  facet normal 0 0 -1
    outer loop
      vertex 27.8642 -56.503 190
      vertex 19.4607 -39.4624 190
      vertex 22 -38.1051 190
    endloop
  endfacet
  facet normal 0 0 -1
    outer loop
      vertex 24.1091 -58.2044 190
      vertex 16.8381 -40.6507 190
      vertex 19.4607 -39.4624 190
    endloop
  endfacet
  facet normal 0 0 -1
    outer loop
      vertex 14.1433 -41.6649 190
      vertex 20.2507 -59.6566 190
      vertex 16.3056 -60.8533 190
    endloop
  endfacet
  facet normal 0 0 -1
    outer loop
      vertex 20.2507 -59.6566 190
      vertex 14.1433 -41.6649 190
      vertex 16.8381 -40.6507 190
    endloop
  endfacet
  facet normal 0 0 -1
    outer loop
      vertex 4.3 -54.5 190
      vertex 12.2907 -61.7895 190
      vertex 4.3 -57.5 190
    endloop
  endfacet
  facet normal 0 0 -1
    outer loop
      vertex 16.3056 -60.8533 190
      vertex 11.388 -42.5007 190
      vertex 14.1433 -41.6649 190
    endloop
  endfacet
  facet normal 0 0 -1
    outer loop
      vertex 12.2907 -61.7895 190
      vertex 4.3 -54.5 190
      vertex 16.3056 -60.8533 190
    endloop
  endfacet
  facet normal 0 0 -1
    outer loop
      vertex 4.3 -57.5 190
      vertex 12.2907 -61.7895 190
      vertex 8.22315 -62.461 190
    endloop
  endfacet
  facet normal 0 0 -1
    outer loop
      vertex 16.3056 -60.8533 190
      vertex 4.3 -54.5 190
      vertex 11.388 -42.5007 190
    endloop
  endfacet
  facet normal 0 0 -1
    outer loop
      vertex 11.388 -42.5007 190
      vertex 4.3 -54.5 190
      vertex 8.58397 -43.1546 190
    endloop
  endfacet
  facet normal 0 0 -1
    outer loop
      vertex 4.1204 -62.8651 190
      vertex 4.3 -57.5 190
      vertex 8.22315 -62.461 190
    endloop
  endfacet
  facet normal 0 0 -1
    outer loop
      vertex 0 -63 190
      vertex 4.3 -57.5 190
      vertex 4.1204 -62.8651 190
    endloop
  endfacet
  facet normal 0 0 -1
    outer loop
      vertex -4.3 -57.5 190
      vertex 0 -63 190
      vertex -4.1204 -62.8651 190
    endloop
  endfacet
  facet normal 0 0 -1
    outer loop
      vertex 0 -63 190
      vertex -4.3 -57.5 190
      vertex 4.3 -57.5 190
    endloop
  endfacet
  facet normal 0 0 -1
    outer loop
      vertex -12.2907 -61.7895 190
      vertex -4.3 -54.5 190
      vertex -4.3 -57.5 190
    endloop
  endfacet
  facet normal 0 0 -1
    outer loop
      vertex -8.22315 -62.461 190
      vertex -4.3 -57.5 190
      vertex -4.1204 -62.8651 190
    endloop
  endfacet
  facet normal 0 0 -1
    outer loop
      vertex -12.2907 -61.7895 190
      vertex -4.3 -57.5 190
      vertex -8.22315 -62.461 190
    endloop
  endfacet
  facet normal 0 0 -1
    outer loop
      vertex -4.3 -54.5 190
      vertex -8.58397 -43.1546 190
      vertex -5.74315 -43.6236 190
    endloop
  endfacet
  facet normal 0 0 -1
    outer loop
      vertex -4.3 -54.5 190
      vertex -12.2907 -61.7895 190
      vertex -16.3056 -60.8533 190
    endloop
  endfacet
  facet normal 0 0 -1
    outer loop
      vertex -4.3 -54.5 190
      vertex -11.388 -42.5007 190
      vertex -8.58397 -43.1546 190
    endloop
  endfacet
  facet normal -0 0 -1
    outer loop
      vertex -4.3 -54.5 190
      vertex -16.3056 -60.8533 190
      vertex -11.388 -42.5007 190
    endloop
  endfacet
  facet normal -0 0 -1
    outer loop
      vertex -11.388 -42.5007 190
      vertex -16.3056 -60.8533 190
      vertex -14.1433 -41.6649 190
    endloop
  endfacet
  facet normal 0 0 -1
    outer loop
      vertex -20.2507 -59.6566 190
      vertex -14.1433 -41.6649 190
      vertex -16.3056 -60.8533 190
    endloop
  endfacet
  facet normal -0 0 -1
    outer loop
      vertex -14.1433 -41.6649 190
      vertex -20.2507 -59.6566 190
      vertex -16.8381 -40.6507 190
    endloop
  endfacet
  facet normal 0 0 -1
    outer loop
      vertex -24.1091 -58.2044 190
      vertex -16.8381 -40.6507 190
      vertex -20.2507 -59.6566 190
    endloop
  endfacet
  facet normal 0 0 -1
    outer loop
      vertex -27.2561 -42.8496 190
      vertex -16.8381 -40.6507 190
      vertex -24.1091 -58.2044 190
    endloop
  endfacet
  facet normal 0 -0 -1
    outer loop
      vertex -26.868 -42.4071 190
      vertex -16.8381 -40.6507 190
      vertex -27.0548 -42.6347 190
    endloop
  endfacet
  facet normal 0 -0 -1
    outer loop
      vertex -26.541 -41.9177 190
      vertex -19.4607 -39.4624 190
      vertex -26.6965 -42.1677 190
    endloop
  endfacet
  facet normal 0 -0 -1
    outer loop
      vertex -26.0245 -40.5456 190
      vertex -22 -38.1051 190
      vertex -26.0914 -40.8324 190
    endloop
  endfacet
  facet normal 0 0 -1
    outer loop
      vertex -25.9477 -39.3734 190
      vertex -22 -38.1051 190
      vertex -25.9381 -39.6677 190
    endloop
  endfacet
  facet normal 0 -0 -1
    outer loop
      vertex -25.9381 -39.6677 190
      vertex -22 -38.1051 190
      vertex -25.9477 -39.962 190
    endloop
  endfacet
  facet normal 0 -0 -1
    outer loop
      vertex -25.9477 -39.962 190
      vertex -22 -38.1051 190
      vertex -25.9766 -40.255 190
    endloop
  endfacet
  facet normal 0 -0 -1
    outer loop
      vertex -25.9766 -40.255 190
      vertex -22 -38.1051 190
      vertex -26.0245 -40.5456 190
    endloop
  endfacet
  facet normal -0 0 -1
    outer loop
      vertex -19.4607 -39.4624 190
      vertex -26.0914 -40.8324 190
      vertex -22 -38.1051 190
    endloop
  endfacet
  facet normal 0 -0 -1
    outer loop
      vertex -26.0914 -40.8324 190
      vertex -19.4607 -39.4624 190
      vertex -26.1769 -41.1141 190
    endloop
  endfacet
  facet normal 0 -0 -1
    outer loop
      vertex -26.1769 -41.1141 190
      vertex -19.4607 -39.4624 190
      vertex -26.2806 -41.3897 190
    endloop
  endfacet
  facet normal 0 -0 -1
    outer loop
      vertex -26.2806 -41.3897 190
      vertex -19.4607 -39.4624 190
      vertex -26.4021 -41.658 190
    endloop
  endfacet
  facet normal 0 -0 -1
    outer loop
      vertex -26.4021 -41.658 190
      vertex -19.4607 -39.4624 190
      vertex -26.541 -41.9177 190
    endloop
  endfacet
  facet normal 0 0 -1
    outer loop
      vertex -19.4607 -39.4624 190
      vertex -26.868 -42.4071 190
      vertex -26.6965 -42.1677 190
    endloop
  endfacet
  facet normal -0 0 -1
    outer loop
      vertex -16.8381 -40.6507 190
      vertex -26.868 -42.4071 190
      vertex -19.4607 -39.4624 190
    endloop
  endfacet
  facet normal 0 0 -1
    outer loop
      vertex -16.8381 -40.6507 190
      vertex -27.2561 -42.8496 190
      vertex -27.0548 -42.6347 190
    endloop
  endfacet
  facet normal 0 0 -1
    outer loop
      vertex -24.1091 -58.2044 190
      vertex -27.471 -43.0509 190
      vertex -27.2561 -42.8496 190
    endloop
  endfacet
  facet normal 0 0 -1
    outer loop
      vertex -24.1091 -58.2044 190
      vertex -27.6986 -43.2378 190
      vertex -27.471 -43.0509 190
    endloop
  endfacet
  facet normal 0 0 -1
    outer loop
      vertex -27.8642 -56.503 190
      vertex -27.6986 -43.2378 190
      vertex -24.1091 -58.2044 190
    endloop
  endfacet
  facet normal 0 0 -1
    outer loop
      vertex -27.8642 -56.503 190
      vertex -27.938 -43.4093 190
      vertex -27.6986 -43.2378 190
    endloop
  endfacet
  facet normal 0 0 -1
    outer loop
      vertex -27.8642 -56.503 190
      vertex -28.1881 -43.5648 190
      vertex -27.938 -43.4093 190
    endloop
  endfacet
  facet normal 0 0 -1
    outer loop
      vertex -27.8642 -56.503 190
      vertex -28.4478 -43.7036 190
      vertex -28.1881 -43.5648 190
    endloop
  endfacet
  facet normal 0 0 -1
    outer loop
      vertex -27.8642 -56.503 190
      vertex -28.716 -43.8251 190
      vertex -28.4478 -43.7036 190
    endloop
  endfacet
  facet normal 0 0 -1
    outer loop
      vertex -27.8642 -56.503 190
      vertex -28.9916 -43.9289 190
      vertex -28.716 -43.8251 190
    endloop
  endfacet
  facet normal 0 0 -1
    outer loop
      vertex -31.5 -54.5596 190
      vertex -28.9916 -43.9289 190
      vertex -27.8642 -56.503 190
    endloop
  endfacet
  facet normal 0 0 -1
    outer loop
      vertex -28.9916 -43.9289 190
      vertex -31.5 -54.5596 190
      vertex -29.2734 -44.0143 190
    endloop
  endfacet
  facet normal 0 0 -1
    outer loop
      vertex -29.2734 -44.0143 190
      vertex -31.5 -54.5596 190
      vertex -29.5602 -44.0812 190
    endloop
  endfacet
  facet normal 0 0 -1
    outer loop
      vertex -29.5602 -44.0812 190
      vertex -31.5 -54.5596 190
      vertex -29.8507 -44.1292 190
    endloop
  endfacet
  facet normal 0 0 -1
    outer loop
      vertex -29.8507 -44.1292 190
      vertex -31.5 -54.5596 190
      vertex -30.1438 -44.158 190
    endloop
  endfacet
  facet normal 0 0 -1
    outer loop
      vertex -30.1438 -44.158 190
      vertex -31.5 -54.5596 190
      vertex -30.4381 -44.1677 190
    endloop
  endfacet
  facet normal -0 0 -1
    outer loop
      vertex -30.4381 -44.1677 190
      vertex -31.5 -54.5596 190
      vertex -30.7324 -44.158 190
    endloop
  endfacet
  facet normal 0 0 -1
    outer loop
      vertex -35.0009 -52.3826 190
      vertex -30.7324 -44.158 190
      vertex -31.5 -54.5596 190
    endloop
  endfacet
  facet normal -0 0 -1
    outer loop
      vertex -30.7324 -44.158 190
      vertex -35.0009 -52.3826 190
      vertex -31.0254 -44.1292 190
    endloop
  endfacet
  facet normal -0 0 -1
    outer loop
      vertex -31.0254 -44.1292 190
      vertex -35.0009 -52.3826 190
      vertex -31.316 -44.0812 190
    endloop
  endfacet
  facet normal -0 0 -1
    outer loop
      vertex -31.316 -44.0812 190
      vertex -35.0009 -52.3826 190
      vertex -31.6028 -44.0143 190
    endloop
  endfacet
  facet normal -0 0 -1
    outer loop
      vertex -31.6028 -44.0143 190
      vertex -35.0009 -52.3826 190
      vertex -31.8845 -43.9289 190
    endloop
  endfacet
  facet normal -0 0 -1
    outer loop
      vertex -31.8845 -43.9289 190
      vertex -35.0009 -52.3826 190
      vertex -32.1601 -43.8251 190
    endloop
  endfacet
  facet normal -0 0 -1
    outer loop
      vertex -32.1601 -43.8251 190
      vertex -35.0009 -52.3826 190
      vertex -32.4284 -43.7036 190
    endloop
  endfacet
  facet normal 0 0 -1
    outer loop
      vertex -38.352 -49.9813 190
      vertex -32.4284 -43.7036 190
      vertex -35.0009 -52.3826 190
    endloop
  endfacet
  facet normal -0 0 -1
    outer loop
      vertex -32.4284 -43.7036 190
      vertex -38.352 -49.9813 190
      vertex -32.6881 -43.5648 190
    endloop
  endfacet
  facet normal -0 0 -1
    outer loop
      vertex -32.6881 -43.5648 190
      vertex -37.6181 -43.6992 190
      vertex -32.9381 -43.4093 190
    endloop
  endfacet
  facet normal -0 0 -1
    outer loop
      vertex -32.9381 -43.4093 190
      vertex -37.6181 -43.6992 190
      vertex -33.1775 -43.2378 190
    endloop
  endfacet
  facet normal -0 0 -1
    outer loop
      vertex -33.1775 -43.2378 190
      vertex -37.6181 -43.6992 190
      vertex -33.4051 -43.0509 190
    endloop
  endfacet
  facet normal -0 0 -1
    outer loop
      vertex -33.4051 -43.0509 190
      vertex -37.6181 -43.6992 190
      vertex -33.6201 -42.8496 190
    endloop
  endfacet
  facet normal 0 0 -1
    outer loop
      vertex -37.6181 -43.6992 190
      vertex -33.8214 -42.6347 190
      vertex -33.6201 -42.8496 190
    endloop
  endfacet
  facet normal 0 0 -1
    outer loop
      vertex -37.6181 -43.6992 190
      vertex -34.0082 -42.4071 190
      vertex -33.8214 -42.6347 190
    endloop
  endfacet
  facet normal 0 0 -1
    outer loop
      vertex -34.0082 -42.4071 190
      vertex -35.4968 -41.5779 190
      vertex -34.1797 -42.1677 190
    endloop
  endfacet
  facet normal 0 0 -1
    outer loop
      vertex -34.1797 -42.1677 190
      vertex -35.4968 -41.5779 190
      vertex -34.3352 -41.9177 190
    endloop
  endfacet
  facet normal 0 0 -1
    outer loop
      vertex -34.3352 -41.9177 190
      vertex -35.4968 -41.5779 190
      vertex -34.474 -41.658 190
    endloop
  endfacet
  facet normal 0 0 -1
    outer loop
      vertex -34.474 -41.658 190
      vertex -35.4968 -41.5779 190
      vertex -34.5955 -41.3897 190
    endloop
  endfacet
  facet normal -0 0 -1
    outer loop
      vertex -34.8996 -40.255 190
      vertex -35.4968 -41.5779 190
      vertex -34.9284 -39.962 190
    endloop
  endfacet
  facet normal -0 0 -1
    outer loop
      vertex -34.8516 -40.5456 190
      vertex -35.4968 -41.5779 190
      vertex -34.8996 -40.255 190
    endloop
  endfacet
  facet normal -0 0 -1
    outer loop
      vertex -34.7847 -40.8324 190
      vertex -35.4968 -41.5779 190
      vertex -34.8516 -40.5456 190
    endloop
  endfacet
  facet normal -0 0 -1
    outer loop
      vertex -34.6993 -41.1141 190
      vertex -35.4968 -41.5779 190
      vertex -34.7847 -40.8324 190
    endloop
  endfacet
  facet normal -0 0 -1
    outer loop
      vertex -34.5955 -41.3897 190
      vertex -35.4968 -41.5779 190
      vertex -34.6993 -41.1141 190
    endloop
  endfacet
  facet normal 0 0 -1
    outer loop
      vertex 57.5 -4.3 190
      vertex 63 0 190
      vertex 62.8651 -4.1204 190
    endloop
  endfacet
  facet normal 0 0 -1
    outer loop
      vertex 57.5 -4.3 190
      vertex 62.8651 -4.1204 190
      vertex 62.461 -8.22315 190
    endloop
  endfacet
  facet normal 0 0 -1
    outer loop
      vertex 57.5 4.3 190
      vertex 63 0 190
      vertex 57.5 -4.3 190
    endloop
  endfacet
  facet normal 0 0 -1
    outer loop
      vertex 53.8334 -7.97279 190
      vertex 62.461 -8.22315 190
      vertex 61.7895 -12.2907 190
    endloop
  endfacet
  facet normal 0 0 -1
    outer loop
      vertex 63 0 190
      vertex 57.5 4.3 190
      vertex 62.8651 4.1204 190
    endloop
  endfacet
  facet normal 0 0 -1
    outer loop
      vertex 52.9555 -9.49337 190
      vertex 61.7895 -12.2907 190
      vertex 60.8533 -16.3056 190
    endloop
  endfacet
  facet normal 0 0 -1
    outer loop
      vertex 62.8651 4.1204 190
      vertex 57.5 4.3 190
      vertex 62.461 8.22315 190
    endloop
  endfacet
  facet normal 0 0 -1
    outer loop
      vertex 51.5625 -10.5622 190
      vertex 60.8533 -16.3056 190
      vertex 59.6566 -20.2507 190
    endloop
  endfacet
  facet normal -0 0 -1
    outer loop
      vertex 62.461 8.22315 190
      vertex 57.5 4.3 190
      vertex 61.7895 12.2907 190
    endloop
  endfacet
  facet normal 0 0 -1
    outer loop
      vertex 50.1596 -10.9878 190
      vertex 59.6566 -20.2507 190
      vertex 58.2044 -24.1091 190
    endloop
  endfacet
  facet normal 0 0 -1
    outer loop
      vertex 54.5 4.3 190
      vertex 61.7895 12.2907 190
      vertex 57.5 4.3 190
    endloop
  endfacet
  facet normal -0 0 -1
    outer loop
      vertex 61.7895 12.2907 190
      vertex 54.5 4.3 190
      vertex 60.8533 16.3056 190
    endloop
  endfacet
  facet normal 0 0 -1
    outer loop
      vertex 40.6507 -16.8381 190
      vertex 58.2044 -24.1091 190
      vertex 56.503 -27.8642 190
    endloop
  endfacet
  facet normal 0 0 -1
    outer loop
      vertex 40.6507 -16.8381 190
      vertex 56.503 -27.8642 190
      vertex 54.5596 -31.5 190
    endloop
  endfacet
  facet normal 0 0 -1
    outer loop
      vertex 61.7895 -12.2907 190
      vertex 53.3139 -9.02637 190
      vertex 53.4694 -8.77631 190
    endloop
  endfacet
  facet normal 0 0 -1
    outer loop
      vertex 54.0337 -5.93894 190
      vertex 57.5 -4.3 190
      vertex 54.0626 -6.23199 190
    endloop
  endfacet
  facet normal 0 -0 -1
    outer loop
      vertex 54.0626 -6.82062 190
      vertex 57.5 -4.3 190
      vertex 54.0337 -7.11368 190
    endloop
  endfacet
  facet normal 0 0 -1
    outer loop
      vertex 54.0626 -6.23199 190
      vertex 57.5 -4.3 190
      vertex 54.0722 -6.52631 190
    endloop
  endfacet
  facet normal 0 -0 -1
    outer loop
      vertex 54.0722 -6.52631 190
      vertex 57.5 -4.3 190
      vertex 54.0626 -6.82062 190
    endloop
  endfacet
  facet normal 0 0 -1
    outer loop
      vertex 57.5 -4.3 190
      vertex 53.9858 -7.40422 190
      vertex 54.0337 -7.11368 190
    endloop
  endfacet
  facet normal 0 0 -1
    outer loop
      vertex 57.5 -4.3 190
      vertex 53.9189 -7.691 190
      vertex 53.9858 -7.40422 190
    endloop
  endfacet
  facet normal 0 0 -1
    outer loop
      vertex 62.461 -8.22315 190
      vertex 53.9189 -7.691 190
      vertex 57.5 -4.3 190
    endloop
  endfacet
  facet normal 0 0 -1
    outer loop
      vertex 62.461 -8.22315 190
      vertex 53.8334 -7.97279 190
      vertex 53.9189 -7.691 190
    endloop
  endfacet
  facet normal 0 0 -1
    outer loop
      vertex 61.7895 -12.2907 190
      vertex 53.7297 -8.24838 190
      vertex 53.8334 -7.97279 190
    endloop
  endfacet
  facet normal 0 0 -1
    outer loop
      vertex 61.7895 -12.2907 190
      vertex 53.6082 -8.51661 190
      vertex 53.7297 -8.24838 190
    endloop
  endfacet
  facet normal 0 0 -1
    outer loop
      vertex 61.7895 -12.2907 190
      vertex 53.4694 -8.77631 190
      vertex 53.6082 -8.51661 190
    endloop
  endfacet
  facet normal 0 0 -1
    outer loop
      vertex 61.7895 -12.2907 190
      vertex 53.1423 -9.26574 190
      vertex 53.3139 -9.02637 190
    endloop
  endfacet
  facet normal 0 0 -1
    outer loop
      vertex 61.7895 -12.2907 190
      vertex 52.9555 -9.49337 190
      vertex 53.1423 -9.26574 190
    endloop
  endfacet
  facet normal 0 0 -1
    outer loop
      vertex 60.8533 -16.3056 190
      vertex 52.7542 -9.70829 190
      vertex 52.9555 -9.49337 190
    endloop
  endfacet
  facet normal 0 0 -1
    outer loop
      vertex 60.8533 -16.3056 190
      vertex 52.5393 -9.90959 190
      vertex 52.7542 -9.70829 190
    endloop
  endfacet
  facet normal 0 0 -1
    outer loop
      vertex 43.6992 -37.6181 190
      vertex 54.5596 -31.5 190
      vertex 52.3826 -35.0009 190
    endloop
  endfacet
  facet normal 0 0 -1
    outer loop
      vertex 60.8533 -16.3056 190
      vertex 52.3117 -10.0964 190
      vertex 52.5393 -9.90959 190
    endloop
  endfacet
  facet normal 0 0 -1
    outer loop
      vertex 60.8533 -16.3056 190
      vertex 52.0723 -10.2679 190
      vertex 52.3117 -10.0964 190
    endloop
  endfacet
  facet normal 0 0 -1
    outer loop
      vertex 60.8533 -16.3056 190
      vertex 51.8222 -10.4234 190
      vertex 52.0723 -10.2679 190
    endloop
  endfacet
  facet normal 0 0 -1
    outer loop
      vertex 60.8533 -16.3056 190
      vertex 51.5625 -10.5622 190
      vertex 51.8222 -10.4234 190
    endloop
  endfacet
  facet normal 0 0 -1
    outer loop
      vertex 59.6566 -20.2507 190
      vertex 51.2943 -10.6838 190
      vertex 51.5625 -10.5622 190
    endloop
  endfacet
  facet normal 0 0 -1
    outer loop
      vertex 59.6566 -20.2507 190
      vertex 51.0187 -10.7875 190
      vertex 51.2943 -10.6838 190
    endloop
  endfacet
  facet normal 0 0 -1
    outer loop
      vertex 59.6566 -20.2507 190
      vertex 50.7369 -10.873 190
      vertex 51.0187 -10.7875 190
    endloop
  endfacet
  facet normal 0 0 -1
    outer loop
      vertex 59.6566 -20.2507 190
      vertex 50.4501 -10.9398 190
      vertex 50.7369 -10.873 190
    endloop
  endfacet
  facet normal 0 0 -1
    outer loop
      vertex 59.6566 -20.2507 190
      vertex 50.1596 -10.9878 190
      vertex 50.4501 -10.9398 190
    endloop
  endfacet
  facet normal 0 0 -1
    outer loop
      vertex 43.6992 -37.6181 190
      vertex 52.3826 -35.0009 190
      vertex 49.9813 -38.352 190
    endloop
  endfacet
  facet normal 0 0 -1
    outer loop
      vertex 58.2044 -24.1091 190
      vertex 49.8666 -11.0167 190
      vertex 50.1596 -10.9878 190
    endloop
  endfacet
  facet normal 0 0 -1
    outer loop
      vertex 58.2044 -24.1091 190
      vertex 49.5722 -11.0263 190
      vertex 49.8666 -11.0167 190
    endloop
  endfacet
  facet normal 0 0 -1
    outer loop
      vertex 40.6507 -16.8381 190
      vertex 49.5722 -11.0263 190
      vertex 58.2044 -24.1091 190
    endloop
  endfacet
  facet normal 0 0 -1
    outer loop
      vertex 40.6507 -16.8381 190
      vertex 54.5596 -31.5 190
      vertex 43.6992 -37.6181 190
    endloop
  endfacet
  facet normal -0 0 -1
    outer loop
      vertex 49.5722 -11.0263 190
      vertex 40.6507 -16.8381 190
      vertex 49.2779 -11.0167 190
    endloop
  endfacet
  facet normal -0 0 -1
    outer loop
      vertex 49.2779 -11.0167 190
      vertex 40.6507 -16.8381 190
      vertex 48.9849 -10.9878 190
    endloop
  endfacet
  facet normal -0 0 -1
    outer loop
      vertex 48.9849 -10.9878 190
      vertex 40.6507 -16.8381 190
      vertex 48.6943 -10.9398 190
    endloop
  endfacet
  facet normal 0 -0 -1
    outer loop
      vertex 41.6649 -14.1433 190
      vertex 48.6943 -10.9398 190
      vertex 40.6507 -16.8381 190
    endloop
  endfacet
  facet normal -0 0 -1
    outer loop
      vertex 48.6943 -10.9398 190
      vertex 41.6649 -14.1433 190
      vertex 48.4076 -10.873 190
    endloop
  endfacet
  facet normal 0 0 -1
    outer loop
      vertex 43.6992 -37.6181 190
      vertex 49.9813 -38.352 190
      vertex 47.3659 -41.5388 190
    endloop
  endfacet
  facet normal -0 0 -1
    outer loop
      vertex 48.4076 -10.873 190
      vertex 41.6649 -14.1433 190
      vertex 48.1258 -10.7875 190
    endloop
  endfacet
  facet normal -0 0 -1
    outer loop
      vertex 48.1258 -10.7875 190
      vertex 41.6649 -14.1433 190
      vertex 47.8502 -10.6838 190
    endloop
  endfacet
  facet normal -0 0 -1
    outer loop
      vertex 47.8502 -10.6838 190
      vertex 41.6649 -14.1433 190
      vertex 47.5819 -10.5622 190
    endloop
  endfacet
  facet normal -0 0 -1
    outer loop
      vertex 47.5819 -10.5622 190
      vertex 41.6649 -14.1433 190
      vertex 47.3222 -10.4234 190
    endloop
  endfacet
  facet normal 0 -0 -1
    outer loop
      vertex 42.5007 -11.388 190
      vertex 47.3222 -10.4234 190
      vertex 41.6649 -14.1433 190
    endloop
  endfacet
  facet normal -0 0 -1
    outer loop
      vertex 47.3222 -10.4234 190
      vertex 42.5007 -11.388 190
      vertex 47.0722 -10.2679 190
    endloop
  endfacet
  facet normal -0 0 -1
    outer loop
      vertex 47.0722 -10.2679 190
      vertex 42.5007 -11.388 190
      vertex 46.8328 -10.0964 190
    endloop
  endfacet
  facet normal -0 0 -1
    outer loop
      vertex 46.8328 -10.0964 190
      vertex 42.5007 -11.388 190
      vertex 46.6052 -9.90959 190
    endloop
  endfacet
  facet normal -0 0 -1
    outer loop
      vertex 46.6052 -9.90959 190
      vertex 42.5007 -11.388 190
      vertex 46.3903 -9.70829 190
    endloop
  endfacet
  facet normal -0 0 -1
    outer loop
      vertex 46.3903 -9.70829 190
      vertex 42.5007 -11.388 190
      vertex 46.189 -9.49337 190
    endloop
  endfacet
  facet normal -0 0 -1
    outer loop
      vertex 46.189 -9.49337 190
      vertex 42.5007 -11.388 190
      vertex 46.0022 -9.26574 190
    endloop
  endfacet
  facet normal 0 0 -1
    outer loop
      vertex 45.6751 -8.77631 190
      vertex 43.6236 -5.74315 190
      vertex 45.5363 -8.51661 190
    endloop
  endfacet
  facet normal 0 0 -1
    outer loop
      vertex 45.5363 -8.51661 190
      vertex 43.6236 -5.74315 190
      vertex 45.4148 -8.24838 190
    endloop
  endfacet
  facet normal 0 0 -1
    outer loop
      vertex 45.4148 -8.24838 190
      vertex 43.6236 -5.74315 190
      vertex 45.3111 -7.97279 190
    endloop
  endfacet
  facet normal 0 0 -1
    outer loop
      vertex 45.3111 -7.97279 190
      vertex 43.6236 -5.74315 190
      vertex 45.2256 -7.691 190
    endloop
  endfacet
  facet normal 0 0 -1
    outer loop
      vertex 45.2256 -7.691 190
      vertex 43.6236 -5.74315 190
      vertex 45.1587 -7.40422 190
    endloop
  endfacet
  facet normal 0 0 -1
    outer loop
      vertex 43.6236 -5.74315 190
      vertex 45.1107 -7.11368 190
      vertex 45.1587 -7.40422 190
    endloop
  endfacet
  facet normal 0 0 -1
    outer loop
      vertex 43.6992 -37.6181 190
      vertex 47.3659 -41.5388 190
      vertex 44.5477 -44.5477 190
    endloop
  endfacet
  facet normal 0 0 -1
    outer loop
      vertex 43.1546 8.58397 190
      vertex 54.5 4.3 190
      vertex 43.6236 5.74315 190
    endloop
  endfacet
  facet normal 0 0 -1
    outer loop
      vertex 43.6236 5.74315 190
      vertex 54.5 4.3 190
      vertex 43.9058 2.87774 190
    endloop
  endfacet
  facet normal 0 0 -1
    outer loop
      vertex 49.2779 -2.03594 190
      vertex 43.9058 2.87774 190
      vertex 54.5 4.3 190
    endloop
  endfacet
  facet normal 0 0 -1
    outer loop
      vertex 42.5007 11.388 190
      vertex 54.5 4.3 190
      vertex 43.1546 8.58397 190
    endloop
  endfacet
  facet normal -0 0 -1
    outer loop
      vertex 57.5 -4.3 190
      vertex 54.0337 -5.93894 190
      vertex 54.5 -4.3 190
    endloop
  endfacet
  facet normal 0 0 -1
    outer loop
      vertex 53.9858 -5.6484 190
      vertex 54.5 -4.3 190
      vertex 54.0337 -5.93894 190
    endloop
  endfacet
  facet normal 0 0 -1
    outer loop
      vertex 53.9189 -5.36162 190
      vertex 54.5 -4.3 190
      vertex 53.9858 -5.6484 190
    endloop
  endfacet
  facet normal 0 0 -1
    outer loop
      vertex 53.8334 -5.07983 190
      vertex 54.5 -4.3 190
      vertex 53.9189 -5.36162 190
    endloop
  endfacet
  facet normal 0 0 -1
    outer loop
      vertex 53.7297 -4.80423 190
      vertex 54.5 -4.3 190
      vertex 53.8334 -5.07983 190
    endloop
  endfacet
  facet normal 0 0 -1
    outer loop
      vertex 53.6082 -4.53601 190
      vertex 54.5 -4.3 190
      vertex 53.7297 -4.80423 190
    endloop
  endfacet
  facet normal 0 0 -1
    outer loop
      vertex 53.4694 -4.27631 190
      vertex 54.5 -4.3 190
      vertex 53.6082 -4.53601 190
    endloop
  endfacet
  facet normal 0 0 -1
    outer loop
      vertex 53.3139 -4.02624 190
      vertex 54.5 -4.3 190
      vertex 53.4694 -4.27631 190
    endloop
  endfacet
  facet normal 0 0 -1
    outer loop
      vertex 53.1423 -3.78688 190
      vertex 54.5 -4.3 190
      vertex 53.3139 -4.02624 190
    endloop
  endfacet
  facet normal 0 0 -1
    outer loop
      vertex 52.9555 -3.55925 190
      vertex 54.5 -4.3 190
      vertex 53.1423 -3.78688 190
    endloop
  endfacet
  facet normal 0 0 -1
    outer loop
      vertex 52.7542 -3.34433 190
      vertex 54.5 -4.3 190
      vertex 52.9555 -3.55925 190
    endloop
  endfacet
  facet normal 0 0 -1
    outer loop
      vertex 54.5 -4.3 190
      vertex 52.7542 -3.34433 190
      vertex 54.5 4.3 190
    endloop
  endfacet
  facet normal 0 0 -1
    outer loop
      vertex 52.5393 -3.14303 190
      vertex 54.5 4.3 190
      vertex 52.7542 -3.34433 190
    endloop
  endfacet
  facet normal 0 0 -1
    outer loop
      vertex 52.3117 -2.95622 190
      vertex 54.5 4.3 190
      vertex 52.5393 -3.14303 190
    endloop
  endfacet
  facet normal 0 0 -1
    outer loop
      vertex 52.0723 -2.7847 190
      vertex 54.5 4.3 190
      vertex 52.3117 -2.95622 190
    endloop
  endfacet
  facet normal 0 0 -1
    outer loop
      vertex 51.8222 -2.6292 190
      vertex 54.5 4.3 190
      vertex 52.0723 -2.7847 190
    endloop
  endfacet
  facet normal 0 0 -1
    outer loop
      vertex 51.5625 -2.49038 190
      vertex 54.5 4.3 190
      vertex 51.8222 -2.6292 190
    endloop
  endfacet
  facet normal 0 0 -1
    outer loop
      vertex 51.2943 -2.36885 190
      vertex 54.5 4.3 190
      vertex 51.5625 -2.49038 190
    endloop
  endfacet
  facet normal 0 0 -1
    outer loop
      vertex 51.0187 -2.26512 190
      vertex 54.5 4.3 190
      vertex 51.2943 -2.36885 190
    endloop
  endfacet
  facet normal 0 0 -1
    outer loop
      vertex 50.7369 -2.17964 190
      vertex 54.5 4.3 190
      vertex 51.0187 -2.26512 190
    endloop
  endfacet
  facet normal 0 0 -1
    outer loop
      vertex 50.4501 -2.11278 190
      vertex 54.5 4.3 190
      vertex 50.7369 -2.17964 190
    endloop
  endfacet
  facet normal 0 0 -1
    outer loop
      vertex 50.1596 -2.06481 190
      vertex 54.5 4.3 190
      vertex 50.4501 -2.11278 190
    endloop
  endfacet
  facet normal 0 0 -1
    outer loop
      vertex 49.8666 -2.03594 190
      vertex 54.5 4.3 190
      vertex 50.1596 -2.06481 190
    endloop
  endfacet
  facet normal 0 0 -1
    outer loop
      vertex 54.5 4.3 190
      vertex 42.5007 11.388 190
      vertex 60.8533 16.3056 190
    endloop
  endfacet
  facet normal -0 0 -1
    outer loop
      vertex 60.8533 16.3056 190
      vertex 42.5007 11.388 190
      vertex 59.6566 20.2507 190
    endloop
  endfacet
  facet normal 0 0 -1
    outer loop
      vertex 49.5722 -2.02631 190
      vertex 54.5 4.3 190
      vertex 49.8666 -2.03594 190
    endloop
  endfacet
  facet normal 0 0 -1
    outer loop
      vertex 49.2779 -2.03594 190
      vertex 54.5 4.3 190
      vertex 49.5722 -2.02631 190
    endloop
  endfacet
  facet normal 0 0 -1
    outer loop
      vertex 48.9849 -2.06481 190
      vertex 43.9058 2.87774 190
      vertex 49.2779 -2.03594 190
    endloop
  endfacet
  facet normal 0 0 -1
    outer loop
      vertex 48.6943 -2.11278 190
      vertex 43.9058 2.87774 190
      vertex 48.9849 -2.06481 190
    endloop
  endfacet
  facet normal 0 0 -1
    outer loop
      vertex 48.4076 -2.17964 190
      vertex 43.9058 2.87774 190
      vertex 48.6943 -2.11278 190
    endloop
  endfacet
  facet normal 0 0 -1
    outer loop
      vertex 43.9058 2.87774 190
      vertex 48.4076 -2.17964 190
      vertex 44 0 190
    endloop
  endfacet
  facet normal 0 0 -1
    outer loop
      vertex 44 0 190
      vertex 48.4076 -2.17964 190
      vertex 48.1258 -2.26512 190
    endloop
  endfacet
  facet normal 0 0 -1
    outer loop
      vertex 44 0 190
      vertex 48.1258 -2.26512 190
      vertex 47.8502 -2.36885 190
    endloop
  endfacet
  facet normal 0 0 -1
    outer loop
      vertex 44 0 190
      vertex 47.8502 -2.36885 190
      vertex 47.5819 -2.49038 190
    endloop
  endfacet
  facet normal 0 0 -1
    outer loop
      vertex 56.503 27.8642 190
      vertex 43.6992 37.6181 190
      vertex 54.5596 31.5 190
    endloop
  endfacet
  facet normal 0 0 -1
    outer loop
      vertex 44 0 190
      vertex 47.5819 -2.49038 190
      vertex 47.3222 -2.6292 190
    endloop
  endfacet
  facet normal 0 0 -1
    outer loop
      vertex 44 0 190
      vertex 47.3222 -2.6292 190
      vertex 47.0722 -2.7847 190
    endloop
  endfacet
  facet normal 0 0 -1
    outer loop
      vertex 44 0 190
      vertex 47.0722 -2.7847 190
      vertex 46.8328 -2.95622 190
    endloop
  endfacet
  facet normal 0 0 -1
    outer loop
      vertex 44 0 190
      vertex 46.8328 -2.95622 190
      vertex 46.6052 -3.14303 190
    endloop
  endfacet
  facet normal 0 0 -1
    outer loop
      vertex 43.9058 -2.87774 190
      vertex 46.6052 -3.14303 190
      vertex 46.3903 -3.34433 190
    endloop
  endfacet
  facet normal 0 0 -1
    outer loop
      vertex 43.9058 -2.87774 190
      vertex 46.3903 -3.34433 190
      vertex 46.189 -3.55925 190
    endloop
  endfacet
  facet normal 0 0 -1
    outer loop
      vertex 43.9058 -2.87774 190
      vertex 46.189 -3.55925 190
      vertex 46.0022 -3.78688 190
    endloop
  endfacet
  facet normal 0 0 -1
    outer loop
      vertex 43.9058 -2.87774 190
      vertex 46.0022 -3.78688 190
      vertex 45.8306 -4.02624 190
    endloop
  endfacet
  facet normal 0 0 -1
    outer loop
      vertex 43.9058 -2.87774 190
      vertex 45.8306 -4.02624 190
      vertex 45.6751 -4.27631 190
    endloop
  endfacet
  facet normal 0 0 -1
    outer loop
      vertex 43.9058 -2.87774 190
      vertex 45.6751 -4.27631 190
      vertex 45.5363 -4.53601 190
    endloop
  endfacet
  facet normal 0 0 -1
    outer loop
      vertex 43.9058 -2.87774 190
      vertex 45.5363 -4.53601 190
      vertex 45.4148 -4.80423 190
    endloop
  endfacet
  facet normal 0 0 -1
    outer loop
      vertex 43.6236 -5.74315 190
      vertex 45.4148 -4.80423 190
      vertex 45.3111 -5.07983 190
    endloop
  endfacet
  facet normal 0 0 -1
    outer loop
      vertex 43.6236 -5.74315 190
      vertex 45.3111 -5.07983 190
      vertex 45.2256 -5.36162 190
    endloop
  endfacet
  facet normal 0 0 -1
    outer loop
      vertex 43.6236 -5.74315 190
      vertex 45.2256 -5.36162 190
      vertex 45.1587 -5.6484 190
    endloop
  endfacet
  facet normal 0 0 -1
    outer loop
      vertex 43.6236 -5.74315 190
      vertex 45.1587 -5.6484 190
      vertex 45.1107 -5.93894 190
    endloop
  endfacet
  facet normal 0 0 -1
    outer loop
      vertex 43.6236 -5.74315 190
      vertex 45.1107 -5.93894 190
      vertex 45.0819 -6.23199 190
    endloop
  endfacet
  facet normal 0 0 -1
    outer loop
      vertex 54.5596 31.5 190
      vertex 43.6992 37.6181 190
      vertex 52.3826 35.0009 190
    endloop
  endfacet
  facet normal 0 0 -1
    outer loop
      vertex 43.6236 -5.74315 190
      vertex 45.0819 -6.23199 190
      vertex 45.0722 -6.52631 190
    endloop
  endfacet
  facet normal 0 0 -1
    outer loop
      vertex 43.6236 -5.74315 190
      vertex 45.0819 -6.82062 190
      vertex 45.1107 -7.11368 190
    endloop
  endfacet
  facet normal 0 0 -1
    outer loop
      vertex 52.3826 35.0009 190
      vertex 43.6992 37.6181 190
      vertex 49.9813 38.352 190
    endloop
  endfacet
  facet normal 0 0 -1
    outer loop
      vertex 46.6052 -3.14303 190
      vertex 43.9058 -2.87774 190
      vertex 44 0 190
    endloop
  endfacet
  facet normal 0 0 -1
    outer loop
      vertex 43.6236 -5.74315 190
      vertex 45.0722 -6.52631 190
      vertex 45.0819 -6.82062 190
    endloop
  endfacet
  facet normal 0 0 -1
    outer loop
      vertex 37.6181 -43.6992 190
      vertex 44.5477 -44.5477 190
      vertex 41.5388 -47.3659 190
    endloop
  endfacet
  facet normal 0 0 -1
    outer loop
      vertex 37.6181 -43.6992 190
      vertex 41.5388 -47.3659 190
      vertex 38.352 -49.9813 190
    endloop
  endfacet
  facet normal 0 0 -1
    outer loop
      vertex 44.5477 -44.5477 190
      vertex 37.6181 -43.6992 190
      vertex 43.6992 -37.6181 190
    endloop
  endfacet
  facet normal 0 0 -1
    outer loop
      vertex 35.0009 -52.3826 190
      vertex 37.6181 -43.6992 190
      vertex 38.352 -49.9813 190
    endloop
  endfacet
  facet normal -0 0 -1
    outer loop
      vertex 37.6181 -43.6992 190
      vertex 35.0009 -52.3826 190
      vertex 35.4968 -41.5779 190
    endloop
  endfacet
  facet normal 0.227089 0.973874 -0
    outer loop
      vertex 16.3056 60.8533 190
      vertex 12.2907 61.7895 194
      vertex 16.3056 60.8533 194
    endloop
  endfacet
  facet normal 0.227089 0.973874 0
    outer loop
      vertex 12.2907 61.7895 194
      vertex 16.3056 60.8533 190
      vertex 12.2907 61.7895 190
    endloop
  endfacet
  facet normal -0.227089 -0.973874 0
    outer loop
      vertex -16.3056 -60.8533 190
      vertex -12.2907 -61.7895 194
      vertex -16.3056 -60.8533 194
    endloop
  endfacet
  facet normal -0.227089 -0.973874 -0
    outer loop
      vertex -12.2907 -61.7895 194
      vertex -16.3056 -60.8533 190
      vertex -12.2907 -61.7895 190
    endloop
  endfacet
  facet normal -0.773003 -0.634402 0
    outer loop
      vertex -47.3659 -41.5388 190
      vertex -49.9813 -38.352 194
      vertex -49.9813 -38.352 190
    endloop
  endfacet
  facet normal -0.773003 -0.634402 0
    outer loop
      vertex -49.9813 -38.352 194
      vertex -47.3659 -41.5388 190
      vertex -47.3659 -41.5388 194
    endloop
  endfacet
  facet normal -0.881919 0.471401 0
    outer loop
      vertex -56.503 27.8642 190
      vertex -54.5596 31.5 194
      vertex -54.5596 31.5 190
    endloop
  endfacet
  facet normal -0.881919 0.471401 0
    outer loop
      vertex -54.5596 31.5 194
      vertex -56.503 27.8642 190
      vertex -56.503 27.8642 194
    endloop
  endfacet
  facet normal -0.032722 -0.999464 0
    outer loop
      vertex -4.1204 -62.8651 190
      vertex 0 -63 194
      vertex -4.1204 -62.8651 194
    endloop
  endfacet
  facet normal -0.032722 -0.999464 -0
    outer loop
      vertex 0 -63 194
      vertex -4.1204 -62.8651 190
      vertex 0 -63 190
    endloop
  endfacet
  facet normal -0.0980206 -0.995184 0
    outer loop
      vertex -8.22315 -62.461 190
      vertex -4.1204 -62.8651 194
      vertex -8.22315 -62.461 194
    endloop
  endfacet
  facet normal -0.0980206 -0.995184 -0
    outer loop
      vertex -4.1204 -62.8651 194
      vertex -8.22315 -62.461 190
      vertex -4.1204 -62.8651 190
    endloop
  endfacet
  facet normal -0.973874 -0.227089 0
    outer loop
      vertex -60.8533 -16.3056 190
      vertex -61.7895 -12.2907 194
      vertex -61.7895 -12.2907 190
    endloop
  endfacet
  facet normal -0.973874 -0.227089 0
    outer loop
      vertex -61.7895 -12.2907 194
      vertex -60.8533 -16.3056 190
      vertex -60.8533 -16.3056 194
    endloop
  endfacet
  facet normal -0.471401 -0.881919 0
    outer loop
      vertex -31.5 -54.5596 190
      vertex -27.8642 -56.503 194
      vertex -31.5 -54.5596 194
    endloop
  endfacet
  facet normal -0.471401 -0.881919 -0
    outer loop
      vertex -27.8642 -56.503 194
      vertex -31.5 -54.5596 190
      vertex -27.8642 -56.503 190
    endloop
  endfacet
  facet normal -0.995184 0.0980206 0
    outer loop
      vertex -62.8651 4.1204 190
      vertex -62.461 8.22315 194
      vertex -62.461 8.22315 190
    endloop
  endfacet
  facet normal -0.995184 0.0980206 0
    outer loop
      vertex -62.461 8.22315 194
      vertex -62.8651 4.1204 190
      vertex -62.8651 4.1204 194
    endloop
  endfacet
  facet normal -0.999464 0.032722 0
    outer loop
      vertex -63 0 190
      vertex -62.8651 4.1204 194
      vertex -62.8651 4.1204 190
    endloop
  endfacet
  facet normal -0.999464 0.032722 0
    outer loop
      vertex -62.8651 4.1204 194
      vertex -63 0 190
      vertex -63 0 194
    endloop
  endfacet
  facet normal -0.582467 -0.812854 0
    outer loop
      vertex -38.352 -49.9813 190
      vertex -35.0009 -52.3826 194
      vertex -38.352 -49.9813 194
    endloop
  endfacet
  facet normal -0.582467 -0.812854 -0
    outer loop
      vertex -35.0009 -52.3826 194
      vertex -38.352 -49.9813 190
      vertex -35.0009 -52.3826 190
    endloop
  endfacet
  facet normal -0.995185 -0.0980109 0
    outer loop
      vertex 43.9058 2.87774 190
      vertex 43.6236 5.74315 194
      vertex 43.6236 5.74315 190
    endloop
  endfacet
  facet normal -0.995185 -0.0980109 0
    outer loop
      vertex 43.6236 5.74315 194
      vertex 43.9058 2.87774 190
      vertex 43.9058 2.87774 194
    endloop
  endfacet
  facet normal -0.999465 -0.0327165 0
    outer loop
      vertex 44 0 190
      vertex 43.9058 2.87774 194
      vertex 43.9058 2.87774 190
    endloop
  endfacet
  facet normal -0.999465 -0.0327165 0
    outer loop
      vertex 43.9058 2.87774 194
      vertex 44 0 190
      vertex 44 0 194
    endloop
  endfacet
  facet normal -0.412711 0.910862 0
    outer loop
      vertex 19.4607 -39.4624 190
      vertex 16.8381 -40.6507 194
      vertex 19.4607 -39.4624 194
    endloop
  endfacet
  facet normal -0.412711 0.910862 0
    outer loop
      vertex 16.8381 -40.6507 194
      vertex 19.4607 -39.4624 190
      vertex 16.8381 -40.6507 190
    endloop
  endfacet
  facet normal 0.935912 -0.352235 0
    outer loop
      vertex -41.6649 14.1433 194
      vertex -40.6507 16.8381 190
      vertex -40.6507 16.8381 194
    endloop
  endfacet
  facet normal 0.935912 -0.352235 0
    outer loop
      vertex -40.6507 16.8381 190
      vertex -41.6649 14.1433 194
      vertex -41.6649 14.1433 190
    endloop
  endfacet
  facet normal -0.0980109 -0.995185 0
    outer loop
      vertex 2.87774 43.9058 190
      vertex 5.74315 43.6236 194
      vertex 2.87774 43.9058 194
    endloop
  endfacet
  facet normal -0.0980109 -0.995185 -0
    outer loop
      vertex 5.74315 43.6236 194
      vertex 2.87774 43.9058 190
      vertex 5.74315 43.6236 190
    endloop
  endfacet
  facet normal -0.582499 0.812831 0
    outer loop
      vertex 26.7855 -34.9075 190
      vertex 24.4451 -36.5847 194
      vertex 26.7855 -34.9075 194
    endloop
  endfacet
  facet normal -0.582499 0.812831 0
    outer loop
      vertex 24.4451 -36.5847 194
      vertex 26.7855 -34.9075 190
      vertex 24.4451 -36.5847 190
    endloop
  endfacet
  facet normal 0.683598 -0.729859 0
    outer loop
      vertex -31.1127 31.1127 190
      vertex -29.0112 33.081 194
      vertex -31.1127 31.1127 194
    endloop
  endfacet
  facet normal 0.683598 -0.729859 0
    outer loop
      vertex -29.0112 33.081 194
      vertex -31.1127 31.1127 190
      vertex -29.0112 33.081 190
    endloop
  endfacet
  facet normal -0.0327165 0.999465 0
    outer loop
      vertex 2.87774 -43.9058 190
      vertex 0 -44 194
      vertex 2.87774 -43.9058 194
    endloop
  endfacet
  facet normal -0.0327165 0.999465 0
    outer loop
      vertex 0 -44 194
      vertex 2.87774 -43.9058 190
      vertex 0 -44 190
    endloop
  endfacet
  facet normal -0.97387 -0.227107 0
    outer loop
      vertex 43.1546 8.58397 190
      vertex 42.5007 11.388 194
      vertex 42.5007 11.388 190
    endloop
  endfacet
  facet normal -0.97387 -0.227107 0
    outer loop
      vertex 42.5007 11.388 194
      vertex 43.1546 8.58397 190
      vertex 43.1546 8.58397 194
    endloop
  endfacet
  facet normal -0.995185 0.0980109 0
    outer loop
      vertex 43.6236 -5.74315 190
      vertex 43.9058 -2.87774 194
      vertex 43.9058 -2.87774 190
    endloop
  endfacet
  facet normal -0.995185 0.0980109 0
    outer loop
      vertex 43.9058 -2.87774 194
      vertex 43.6236 -5.74315 190
      vertex 43.6236 -5.74315 194
    endloop
  endfacet
  facet normal 0.352235 -0.935912 0
    outer loop
      vertex -16.8381 40.6507 190
      vertex -14.1433 41.6649 194
      vertex -16.8381 40.6507 194
    endloop
  endfacet
  facet normal 0.352235 -0.935912 0
    outer loop
      vertex -14.1433 41.6649 194
      vertex -16.8381 40.6507 190
      vertex -14.1433 41.6649 190
    endloop
  endfacet
  facet normal -0.773025 0.634376 0
    outer loop
      vertex 33.081 -29.0112 190
      vertex 34.9075 -26.7855 194
      vertex 34.9075 -26.7855 190
    endloop
  endfacet
  facet normal -0.773025 0.634376 0
    outer loop
      vertex 34.9075 -26.7855 194
      vertex 33.081 -29.0112 190
      vertex 33.081 -29.0112 194
    endloop
  endfacet
  facet normal -0.956941 0.290281 0
    outer loop
      vertex 41.6649 -14.1433 190
      vertex 42.5007 -11.388 194
      vertex 42.5007 -11.388 190
    endloop
  endfacet
  facet normal -0.956941 0.290281 0
    outer loop
      vertex 42.5007 -11.388 194
      vertex 41.6649 -14.1433 190
      vertex 41.6649 -14.1433 194
    endloop
  endfacet
  facet normal -0.849212 -0.528053 0
    outer loop
      vertex 38.1051 22 190
      vertex 36.5847 24.4451 194
      vertex 36.5847 24.4451 190
    endloop
  endfacet
  facet normal -0.849212 -0.528053 0
    outer loop
      vertex 36.5847 24.4451 194
      vertex 38.1051 22 190
      vertex 38.1051 22 194
    endloop
  endfacet
  facet normal 0.999465 0.0327165 0
    outer loop
      vertex -43.9058 -2.87774 194
      vertex -44 0 190
      vertex -44 0 194
    endloop
  endfacet
  facet normal 0.999465 0.0327165 0
    outer loop
      vertex -44 0 190
      vertex -43.9058 -2.87774 194
      vertex -43.9058 -2.87774 190
    endloop
  endfacet
  facet normal 0.729859 0.683598 0
    outer loop
      vertex -31.1127 -31.1127 194
      vertex -33.081 -29.0112 190
      vertex -33.081 -29.0112 194
    endloop
  endfacet
  facet normal 0.729859 0.683598 0
    outer loop
      vertex -33.081 -29.0112 190
      vertex -31.1127 -31.1127 194
      vertex -31.1127 -31.1127 190
    endloop
  endfacet
  facet normal 0.986645 0.162888 0
    outer loop
      vertex -43.1546 -8.58397 194
      vertex -43.6236 -5.74315 190
      vertex -43.6236 -5.74315 194
    endloop
  endfacet
  facet normal 0.986645 0.162888 0
    outer loop
      vertex -43.6236 -5.74315 190
      vertex -43.1546 -8.58397 194
      vertex -43.1546 -8.58397 190
    endloop
  endfacet
  facet normal -0.582499 -0.812831 0
    outer loop
      vertex 24.4451 36.5847 190
      vertex 26.7855 34.9075 194
      vertex 24.4451 36.5847 194
    endloop
  endfacet
  facet normal -0.582499 -0.812831 -0
    outer loop
      vertex 26.7855 34.9075 194
      vertex 24.4451 36.5847 190
      vertex 26.7855 34.9075 190
    endloop
  endfacet
  facet normal -0.956941 -0.290281 0
    outer loop
      vertex 42.5007 11.388 190
      vertex 41.6649 14.1433 194
      vertex 41.6649 14.1433 190
    endloop
  endfacet
  facet normal -0.956941 -0.290281 0
    outer loop
      vertex 41.6649 14.1433 194
      vertex 42.5007 11.388 190
      vertex 42.5007 11.388 194
    endloop
  endfacet
  facet normal -0.634376 -0.773025 0
    outer loop
      vertex 26.7855 34.9075 190
      vertex 29.0112 33.081 194
      vertex 26.7855 34.9075 194
    endloop
  endfacet
  facet normal -0.634376 -0.773025 -0
    outer loop
      vertex 29.0112 33.081 194
      vertex 26.7855 34.9075 190
      vertex 29.0112 33.081 190
    endloop
  endfacet
  facet normal 0.634376 0.773025 -0
    outer loop
      vertex -26.7855 -34.9075 190
      vertex -29.0112 -33.081 194
      vertex -26.7855 -34.9075 194
    endloop
  endfacet
  facet normal 0.634376 0.773025 0
    outer loop
      vertex -29.0112 -33.081 194
      vertex -26.7855 -34.9075 190
      vertex -29.0112 -33.081 190
    endloop
  endfacet
  facet normal -0.290281 -0.956941 0
    outer loop
      vertex 11.388 42.5007 190
      vertex 14.1433 41.6649 194
      vertex 11.388 42.5007 194
    endloop
  endfacet
  facet normal -0.290281 -0.956941 -0
    outer loop
      vertex 14.1433 41.6649 194
      vertex 11.388 42.5007 190
      vertex 14.1433 41.6649 190
    endloop
  endfacet
  facet normal -0.0980109 0.995185 0
    outer loop
      vertex 5.74315 -43.6236 190
      vertex 2.87774 -43.9058 194
      vertex 5.74315 -43.6236 194
    endloop
  endfacet
  facet normal -0.0980109 0.995185 0
    outer loop
      vertex 2.87774 -43.9058 194
      vertex 5.74315 -43.6236 190
      vertex 2.87774 -43.9058 190
    endloop
  endfacet
  facet normal -0.352235 0.935912 0
    outer loop
      vertex 16.8381 -40.6507 190
      vertex 14.1433 -41.6649 194
      vertex 16.8381 -40.6507 194
    endloop
  endfacet
  facet normal -0.352235 0.935912 0
    outer loop
      vertex 14.1433 -41.6649 194
      vertex 16.8381 -40.6507 190
      vertex 14.1433 -41.6649 190
    endloop
  endfacet
  facet normal 0.0327165 -0.999465 0
    outer loop
      vertex -2.87774 43.9058 190
      vertex 0 44 194
      vertex -2.87774 43.9058 194
    endloop
  endfacet
  facet normal 0.0327165 -0.999465 0
    outer loop
      vertex 0 44 194
      vertex -2.87774 43.9058 190
      vertex 0 44 190
    endloop
  endfacet
  facet normal 0.935912 0.352235 0
    outer loop
      vertex -40.6507 -16.8381 194
      vertex -41.6649 -14.1433 190
      vertex -41.6649 -14.1433 194
    endloop
  endfacet
  facet normal 0.935912 0.352235 0
    outer loop
      vertex -41.6649 -14.1433 190
      vertex -40.6507 -16.8381 194
      vertex -40.6507 -16.8381 190
    endloop
  endfacet
  facet normal 0.0980109 -0.995185 0
    outer loop
      vertex -5.74315 43.6236 190
      vertex -2.87774 43.9058 194
      vertex -5.74315 43.6236 194
    endloop
  endfacet
  facet normal 0.0980109 -0.995185 0
    outer loop
      vertex -2.87774 43.9058 194
      vertex -5.74315 43.6236 190
      vertex -2.87774 43.9058 190
    endloop
  endfacet
  facet normal 0.582499 -0.812831 0
    outer loop
      vertex -26.7855 34.9075 190
      vertex -24.4451 36.5847 194
      vertex -26.7855 34.9075 194
    endloop
  endfacet
  facet normal 0.582499 -0.812831 0
    outer loop
      vertex -24.4451 36.5847 194
      vertex -26.7855 34.9075 190
      vertex -24.4451 36.5847 190
    endloop
  endfacet
  facet normal -0.528053 0.849212 0
    outer loop
      vertex 24.4451 -36.5847 190
      vertex 22 -38.1051 194
      vertex 24.4451 -36.5847 194
    endloop
  endfacet
  facet normal -0.528053 0.849212 0
    outer loop
      vertex 22 -38.1051 194
      vertex 24.4451 -36.5847 190
      vertex 22 -38.1051 190
    endloop
  endfacet
  facet normal -0.471401 0.881919 0
    outer loop
      vertex 22 -38.1051 190
      vertex 19.4607 -39.4624 194
      vertex 22 -38.1051 194
    endloop
  endfacet
  facet normal -0.471401 0.881919 0
    outer loop
      vertex 19.4607 -39.4624 194
      vertex 22 -38.1051 190
      vertex 19.4607 -39.4624 190
    endloop
  endfacet
  facet normal -0.773025 -0.634376 0
    outer loop
      vertex 34.9075 26.7855 190
      vertex 33.081 29.0112 194
      vertex 33.081 29.0112 190
    endloop
  endfacet
  facet normal -0.773025 -0.634376 0
    outer loop
      vertex 33.081 29.0112 194
      vertex 34.9075 26.7855 190
      vertex 34.9075 26.7855 194
    endloop
  endfacet
  facet normal -0.999465 0.0327165 0
    outer loop
      vertex 43.9058 -2.87774 190
      vertex 44 0 194
      vertex 44 0 190
    endloop
  endfacet
  facet normal -0.999465 0.0327165 0
    outer loop
      vertex 44 0 194
      vertex 43.9058 -2.87774 190
      vertex 43.9058 -2.87774 194
    endloop
  endfacet
  facet normal -0.729859 0.683598 0
    outer loop
      vertex 31.1127 -31.1127 190
      vertex 33.081 -29.0112 194
      vertex 33.081 -29.0112 190
    endloop
  endfacet
  facet normal -0.729859 0.683598 0
    outer loop
      vertex 33.081 -29.0112 194
      vertex 31.1127 -31.1127 190
      vertex 31.1127 -31.1127 194
    endloop
  endfacet
  facet normal 0.910862 -0.412711 0
    outer loop
      vertex -40.6507 16.8381 194
      vertex -39.4624 19.4607 190
      vertex -39.4624 19.4607 194
    endloop
  endfacet
  facet normal 0.910862 -0.412711 0
    outer loop
      vertex -39.4624 19.4607 190
      vertex -40.6507 16.8381 194
      vertex -40.6507 16.8381 190
    endloop
  endfacet
  facet normal -0.471401 -0.881919 0
    outer loop
      vertex 19.4607 39.4624 190
      vertex 22 38.1051 194
      vertex 19.4607 39.4624 194
    endloop
  endfacet
  facet normal -0.471401 -0.881919 -0
    outer loop
      vertex 22 38.1051 194
      vertex 19.4607 39.4624 190
      vertex 22 38.1051 190
    endloop
  endfacet
  facet normal -0.729859 -0.683598 0
    outer loop
      vertex 33.081 29.0112 190
      vertex 31.1127 31.1127 194
      vertex 31.1127 31.1127 190
    endloop
  endfacet
  facet normal -0.729859 -0.683598 0
    outer loop
      vertex 31.1127 31.1127 194
      vertex 33.081 29.0112 190
      vertex 33.081 29.0112 194
    endloop
  endfacet
  facet normal 0.97387 -0.227107 0
    outer loop
      vertex -43.1546 8.58397 194
      vertex -42.5007 11.388 190
      vertex -42.5007 11.388 194
    endloop
  endfacet
  facet normal 0.97387 -0.227107 0
    outer loop
      vertex -42.5007 11.388 190
      vertex -43.1546 8.58397 194
      vertex -43.1546 8.58397 190
    endloop
  endfacet
  facet normal 0.683598 0.729859 -0
    outer loop
      vertex -29.0112 -33.081 190
      vertex -31.1127 -31.1127 194
      vertex -29.0112 -33.081 194
    endloop
  endfacet
  facet normal 0.683598 0.729859 0
    outer loop
      vertex -31.1127 -31.1127 194
      vertex -29.0112 -33.081 190
      vertex -31.1127 -31.1127 190
    endloop
  endfacet
  facet normal -0.812831 -0.582499 0
    outer loop
      vertex 36.5847 24.4451 190
      vertex 34.9075 26.7855 194
      vertex 34.9075 26.7855 190
    endloop
  endfacet
  facet normal -0.812831 -0.582499 0
    outer loop
      vertex 34.9075 26.7855 194
      vertex 36.5847 24.4451 190
      vertex 36.5847 24.4451 194
    endloop
  endfacet
  facet normal -0.227107 -0.97387 0
    outer loop
      vertex 8.58397 43.1546 190
      vertex 11.388 42.5007 194
      vertex 8.58397 43.1546 194
    endloop
  endfacet
  facet normal -0.227107 -0.97387 -0
    outer loop
      vertex 11.388 42.5007 194
      vertex 8.58397 43.1546 190
      vertex 11.388 42.5007 190
    endloop
  endfacet
  facet normal -0.162888 -0.986645 0
    outer loop
      vertex 5.74315 43.6236 190
      vertex 8.58397 43.1546 194
      vertex 5.74315 43.6236 194
    endloop
  endfacet
  facet normal -0.162888 -0.986645 -0
    outer loop
      vertex 8.58397 43.1546 194
      vertex 5.74315 43.6236 190
      vertex 8.58397 43.1546 190
    endloop
  endfacet
  facet normal 0.812831 0.582499 0
    outer loop
      vertex -34.9075 -26.7855 194
      vertex -36.5847 -24.4451 190
      vertex -36.5847 -24.4451 194
    endloop
  endfacet
  facet normal 0.812831 0.582499 0
    outer loop
      vertex -36.5847 -24.4451 190
      vertex -34.9075 -26.7855 194
      vertex -34.9075 -26.7855 190
    endloop
  endfacet
  facet normal 0.290281 -0.956941 0
    outer loop
      vertex -14.1433 41.6649 190
      vertex -11.388 42.5007 194
      vertex -14.1433 41.6649 194
    endloop
  endfacet
  facet normal 0.290281 -0.956941 0
    outer loop
      vertex -11.388 42.5007 194
      vertex -14.1433 41.6649 190
      vertex -11.388 42.5007 190
    endloop
  endfacet
  facet normal -0.683598 0.729859 0
    outer loop
      vertex 31.1127 -31.1127 190
      vertex 29.0112 -33.081 194
      vertex 31.1127 -31.1127 194
    endloop
  endfacet
  facet normal -0.683598 0.729859 0
    outer loop
      vertex 29.0112 -33.081 194
      vertex 31.1127 -31.1127 190
      vertex 29.0112 -33.081 190
    endloop
  endfacet
  facet normal -0.634376 0.773025 0
    outer loop
      vertex 29.0112 -33.081 190
      vertex 26.7855 -34.9075 194
      vertex 29.0112 -33.081 194
    endloop
  endfacet
  facet normal -0.634376 0.773025 0
    outer loop
      vertex 26.7855 -34.9075 194
      vertex 29.0112 -33.081 190
      vertex 26.7855 -34.9075 190
    endloop
  endfacet
  facet normal -0.290281 0.956941 0
    outer loop
      vertex 14.1433 -41.6649 190
      vertex 11.388 -42.5007 194
      vertex 14.1433 -41.6649 194
    endloop
  endfacet
  facet normal -0.290281 0.956941 0
    outer loop
      vertex 11.388 -42.5007 194
      vertex 14.1433 -41.6649 190
      vertex 11.388 -42.5007 190
    endloop
  endfacet
  facet normal 0.910862 0.412711 0
    outer loop
      vertex -39.4624 -19.4607 194
      vertex -40.6507 -16.8381 190
      vertex -40.6507 -16.8381 194
    endloop
  endfacet
  facet normal 0.910862 0.412711 0
    outer loop
      vertex -40.6507 -16.8381 190
      vertex -39.4624 -19.4607 194
      vertex -39.4624 -19.4607 190
    endloop
  endfacet
  facet normal -0.0327165 -0.999465 0
    outer loop
      vertex 0 44 190
      vertex 2.87774 43.9058 194
      vertex 0 44 194
    endloop
  endfacet
  facet normal -0.0327165 -0.999465 -0
    outer loop
      vertex 2.87774 43.9058 194
      vertex 0 44 190
      vertex 2.87774 43.9058 190
    endloop
  endfacet
  facet normal 0.995185 -0.0980109 0
    outer loop
      vertex -43.9058 2.87774 194
      vertex -43.6236 5.74315 190
      vertex -43.6236 5.74315 194
    endloop
  endfacet
  facet normal 0.995185 -0.0980109 0
    outer loop
      vertex -43.6236 5.74315 190
      vertex -43.9058 2.87774 194
      vertex -43.9058 2.87774 190
    endloop
  endfacet
  facet normal -0.935912 0.352235 0
    outer loop
      vertex 40.6507 -16.8381 190
      vertex 41.6649 -14.1433 194
      vertex 41.6649 -14.1433 190
    endloop
  endfacet
  facet normal -0.935912 0.352235 0
    outer loop
      vertex 41.6649 -14.1433 194
      vertex 40.6507 -16.8381 190
      vertex 40.6507 -16.8381 194
    endloop
  endfacet
  facet normal 0.162888 -0.986645 0
    outer loop
      vertex -8.58397 43.1546 190
      vertex -5.74315 43.6236 194
      vertex -8.58397 43.1546 194
    endloop
  endfacet
  facet normal 0.162888 -0.986645 0
    outer loop
      vertex -5.74315 43.6236 194
      vertex -8.58397 43.1546 190
      vertex -5.74315 43.6236 190
    endloop
  endfacet
  facet normal -0.683598 -0.729859 0
    outer loop
      vertex 29.0112 33.081 190
      vertex 31.1127 31.1127 194
      vertex 29.0112 33.081 194
    endloop
  endfacet
  facet normal -0.683598 -0.729859 -0
    outer loop
      vertex 31.1127 31.1127 194
      vertex 29.0112 33.081 190
      vertex 31.1127 31.1127 190
    endloop
  endfacet
  facet normal 0.773025 -0.634376 0
    outer loop
      vertex -34.9075 26.7855 194
      vertex -33.081 29.0112 190
      vertex -33.081 29.0112 194
    endloop
  endfacet
  facet normal 0.773025 -0.634376 0
    outer loop
      vertex -33.081 29.0112 190
      vertex -34.9075 26.7855 194
      vertex -34.9075 26.7855 190
    endloop
  endfacet
  facet normal -0.227107 0.97387 0
    outer loop
      vertex 11.388 -42.5007 190
      vertex 8.58397 -43.1546 194
      vertex 11.388 -42.5007 194
    endloop
  endfacet
  facet normal -0.227107 0.97387 0
    outer loop
      vertex 8.58397 -43.1546 194
      vertex 11.388 -42.5007 190
      vertex 8.58397 -43.1546 190
    endloop
  endfacet
  facet normal -0.812831 0.582499 0
    outer loop
      vertex 34.9075 -26.7855 190
      vertex 36.5847 -24.4451 194
      vertex 36.5847 -24.4451 190
    endloop
  endfacet
  facet normal -0.812831 0.582499 0
    outer loop
      vertex 36.5847 -24.4451 194
      vertex 34.9075 -26.7855 190
      vertex 34.9075 -26.7855 194
    endloop
  endfacet
  facet normal 0.227107 0.97387 -0
    outer loop
      vertex -8.58397 -43.1546 190
      vertex -11.388 -42.5007 194
      vertex -8.58397 -43.1546 194
    endloop
  endfacet
  facet normal 0.227107 0.97387 0
    outer loop
      vertex -11.388 -42.5007 194
      vertex -8.58397 -43.1546 190
      vertex -11.388 -42.5007 190
    endloop
  endfacet
  facet normal 0.352235 0.935912 -0
    outer loop
      vertex -14.1433 -41.6649 190
      vertex -16.8381 -40.6507 194
      vertex -14.1433 -41.6649 194
    endloop
  endfacet
  facet normal 0.352235 0.935912 0
    outer loop
      vertex -16.8381 -40.6507 194
      vertex -14.1433 -41.6649 190
      vertex -16.8381 -40.6507 190
    endloop
  endfacet
  facet normal 0.290281 0.956941 -0
    outer loop
      vertex -11.388 -42.5007 190
      vertex -14.1433 -41.6649 194
      vertex -11.388 -42.5007 194
    endloop
  endfacet
  facet normal 0.290281 0.956941 0
    outer loop
      vertex -14.1433 -41.6649 194
      vertex -11.388 -42.5007 190
      vertex -14.1433 -41.6649 190
    endloop
  endfacet
  facet normal -0.162888 0.986645 0
    outer loop
      vertex 8.58397 -43.1546 190
      vertex 5.74315 -43.6236 194
      vertex 8.58397 -43.1546 194
    endloop
  endfacet
  facet normal -0.162888 0.986645 0
    outer loop
      vertex 5.74315 -43.6236 194
      vertex 8.58397 -43.1546 190
      vertex 5.74315 -43.6236 190
    endloop
  endfacet
  facet normal -0.528053 -0.849212 0
    outer loop
      vertex 22 38.1051 190
      vertex 24.4451 36.5847 194
      vertex 22 38.1051 194
    endloop
  endfacet
  facet normal -0.528053 -0.849212 -0
    outer loop
      vertex 24.4451 36.5847 194
      vertex 22 38.1051 190
      vertex 24.4451 36.5847 190
    endloop
  endfacet
  facet normal -0.881919 -0.471401 0
    outer loop
      vertex 39.4624 19.4607 190
      vertex 38.1051 22 194
      vertex 38.1051 22 190
    endloop
  endfacet
  facet normal -0.881919 -0.471401 0
    outer loop
      vertex 38.1051 22 194
      vertex 39.4624 19.4607 190
      vertex 39.4624 19.4607 194
    endloop
  endfacet
  facet normal -0.97387 0.227107 0
    outer loop
      vertex 42.5007 -11.388 190
      vertex 43.1546 -8.58397 194
      vertex 43.1546 -8.58397 190
    endloop
  endfacet
  facet normal -0.97387 0.227107 0
    outer loop
      vertex 43.1546 -8.58397 194
      vertex 42.5007 -11.388 190
      vertex 42.5007 -11.388 194
    endloop
  endfacet
  facet normal -0.881919 0.471401 0
    outer loop
      vertex 38.1051 -22 190
      vertex 39.4624 -19.4607 194
      vertex 39.4624 -19.4607 190
    endloop
  endfacet
  facet normal -0.881919 0.471401 0
    outer loop
      vertex 39.4624 -19.4607 194
      vertex 38.1051 -22 190
      vertex 38.1051 -22 194
    endloop
  endfacet
  facet normal 0.881919 -0.471401 0
    outer loop
      vertex -39.4624 19.4607 194
      vertex -38.1051 22 190
      vertex -38.1051 22 194
    endloop
  endfacet
  facet normal 0.881919 -0.471401 0
    outer loop
      vertex -38.1051 22 190
      vertex -39.4624 19.4607 194
      vertex -39.4624 19.4607 190
    endloop
  endfacet
  facet normal -0.986645 0.162888 0
    outer loop
      vertex 43.1546 -8.58397 190
      vertex 43.6236 -5.74315 194
      vertex 43.6236 -5.74315 190
    endloop
  endfacet
  facet normal -0.986645 0.162888 0
    outer loop
      vertex 43.6236 -5.74315 194
      vertex 43.1546 -8.58397 190
      vertex 43.1546 -8.58397 194
    endloop
  endfacet
  facet normal 0.412711 -0.910862 0
    outer loop
      vertex -19.4607 39.4624 190
      vertex -16.8381 40.6507 194
      vertex -19.4607 39.4624 194
    endloop
  endfacet
  facet normal 0.412711 -0.910862 0
    outer loop
      vertex -16.8381 40.6507 194
      vertex -19.4607 39.4624 190
      vertex -16.8381 40.6507 190
    endloop
  endfacet
  facet normal 0.162888 0.986645 -0
    outer loop
      vertex -5.74315 -43.6236 190
      vertex -8.58397 -43.1546 194
      vertex -5.74315 -43.6236 194
    endloop
  endfacet
  facet normal 0.162888 0.986645 0
    outer loop
      vertex -8.58397 -43.1546 194
      vertex -5.74315 -43.6236 190
      vertex -8.58397 -43.1546 190
    endloop
  endfacet
  facet normal 0.97387 0.227107 0
    outer loop
      vertex -42.5007 -11.388 194
      vertex -43.1546 -8.58397 190
      vertex -43.1546 -8.58397 194
    endloop
  endfacet
  facet normal 0.97387 0.227107 0
    outer loop
      vertex -43.1546 -8.58397 190
      vertex -42.5007 -11.388 194
      vertex -42.5007 -11.388 190
    endloop
  endfacet
  facet normal 0.956941 0.290281 0
    outer loop
      vertex -41.6649 -14.1433 194
      vertex -42.5007 -11.388 190
      vertex -42.5007 -11.388 194
    endloop
  endfacet
  facet normal 0.956941 0.290281 0
    outer loop
      vertex -42.5007 -11.388 190
      vertex -41.6649 -14.1433 194
      vertex -41.6649 -14.1433 190
    endloop
  endfacet
  facet normal 0.582499 0.812831 -0
    outer loop
      vertex -24.4451 -36.5847 190
      vertex -26.7855 -34.9075 194
      vertex -24.4451 -36.5847 194
    endloop
  endfacet
  facet normal 0.582499 0.812831 0
    outer loop
      vertex -26.7855 -34.9075 194
      vertex -24.4451 -36.5847 190
      vertex -26.7855 -34.9075 190
    endloop
  endfacet
  facet normal -0.412711 -0.910862 0
    outer loop
      vertex 16.8381 40.6507 190
      vertex 19.4607 39.4624 194
      vertex 16.8381 40.6507 194
    endloop
  endfacet
  facet normal -0.412711 -0.910862 -0
    outer loop
      vertex 19.4607 39.4624 194
      vertex 16.8381 40.6507 190
      vertex 19.4607 39.4624 190
    endloop
  endfacet
  facet normal -0.910862 0.412711 0
    outer loop
      vertex 39.4624 -19.4607 190
      vertex 40.6507 -16.8381 194
      vertex 40.6507 -16.8381 190
    endloop
  endfacet
  facet normal -0.910862 0.412711 0
    outer loop
      vertex 40.6507 -16.8381 194
      vertex 39.4624 -19.4607 190
      vertex 39.4624 -19.4607 194
    endloop
  endfacet
  facet normal -0.986645 -0.162888 0
    outer loop
      vertex 43.6236 5.74315 190
      vertex 43.1546 8.58397 194
      vertex 43.1546 8.58397 190
    endloop
  endfacet
  facet normal -0.986645 -0.162888 0
    outer loop
      vertex 43.1546 8.58397 194
      vertex 43.6236 5.74315 190
      vertex 43.6236 5.74315 194
    endloop
  endfacet
  facet normal -0.849212 0.528053 0
    outer loop
      vertex 36.5847 -24.4451 190
      vertex 38.1051 -22 194
      vertex 38.1051 -22 190
    endloop
  endfacet
  facet normal -0.849212 0.528053 0
    outer loop
      vertex 38.1051 -22 194
      vertex 36.5847 -24.4451 190
      vertex 36.5847 -24.4451 194
    endloop
  endfacet
  facet normal -0.352235 -0.935912 0
    outer loop
      vertex 14.1433 41.6649 190
      vertex 16.8381 40.6507 194
      vertex 14.1433 41.6649 194
    endloop
  endfacet
  facet normal -0.352235 -0.935912 -0
    outer loop
      vertex 16.8381 40.6507 194
      vertex 14.1433 41.6649 190
      vertex 16.8381 40.6507 190
    endloop
  endfacet
  facet normal 0.471401 -0.881919 0
    outer loop
      vertex -22 38.1051 190
      vertex -19.4607 39.4624 194
      vertex -22 38.1051 194
    endloop
  endfacet
  facet normal 0.471401 -0.881919 0
    outer loop
      vertex -19.4607 39.4624 194
      vertex -22 38.1051 190
      vertex -19.4607 39.4624 190
    endloop
  endfacet
  facet normal 0.528053 -0.849212 0
    outer loop
      vertex -24.4451 36.5847 190
      vertex -22 38.1051 194
      vertex -24.4451 36.5847 194
    endloop
  endfacet
  facet normal 0.528053 -0.849212 0
    outer loop
      vertex -22 38.1051 194
      vertex -24.4451 36.5847 190
      vertex -22 38.1051 190
    endloop
  endfacet
  facet normal 0.986645 -0.162888 0
    outer loop
      vertex -43.6236 5.74315 194
      vertex -43.1546 8.58397 190
      vertex -43.1546 8.58397 194
    endloop
  endfacet
  facet normal 0.986645 -0.162888 0
    outer loop
      vertex -43.1546 8.58397 190
      vertex -43.6236 5.74315 194
      vertex -43.6236 5.74315 190
    endloop
  endfacet
  facet normal -0.935912 -0.352235 0
    outer loop
      vertex 41.6649 14.1433 190
      vertex 40.6507 16.8381 194
      vertex 40.6507 16.8381 190
    endloop
  endfacet
  facet normal -0.935912 -0.352235 0
    outer loop
      vertex 40.6507 16.8381 194
      vertex 41.6649 14.1433 190
      vertex 41.6649 14.1433 194
    endloop
  endfacet
  facet normal -0.910862 -0.412711 0
    outer loop
      vertex 40.6507 16.8381 190
      vertex 39.4624 19.4607 194
      vertex 39.4624 19.4607 190
    endloop
  endfacet
  facet normal -0.910862 -0.412711 0
    outer loop
      vertex 39.4624 19.4607 194
      vertex 40.6507 16.8381 190
      vertex 40.6507 16.8381 194
    endloop
  endfacet
  facet normal 0.881919 0.471401 0
    outer loop
      vertex -38.1051 -22 194
      vertex -39.4624 -19.4607 190
      vertex -39.4624 -19.4607 194
    endloop
  endfacet
  facet normal 0.881919 0.471401 0
    outer loop
      vertex -39.4624 -19.4607 190
      vertex -38.1051 -22 194
      vertex -38.1051 -22 190
    endloop
  endfacet
  facet normal 0.849212 0.528053 0
    outer loop
      vertex -36.5847 -24.4451 194
      vertex -38.1051 -22 190
      vertex -38.1051 -22 194
    endloop
  endfacet
  facet normal 0.849212 0.528053 0
    outer loop
      vertex -38.1051 -22 190
      vertex -36.5847 -24.4451 194
      vertex -36.5847 -24.4451 190
    endloop
  endfacet
  facet normal 0.995185 0.0980109 0
    outer loop
      vertex -43.6236 -5.74315 194
      vertex -43.9058 -2.87774 190
      vertex -43.9058 -2.87774 194
    endloop
  endfacet
  facet normal 0.995185 0.0980109 0
    outer loop
      vertex -43.9058 -2.87774 190
      vertex -43.6236 -5.74315 194
      vertex -43.6236 -5.74315 190
    endloop
  endfacet
  facet normal 0.227107 -0.97387 0
    outer loop
      vertex -11.388 42.5007 190
      vertex -8.58397 43.1546 194
      vertex -11.388 42.5007 194
    endloop
  endfacet
  facet normal 0.227107 -0.97387 0
    outer loop
      vertex -8.58397 43.1546 194
      vertex -11.388 42.5007 190
      vertex -8.58397 43.1546 190
    endloop
  endfacet
  facet normal 0.634376 -0.773025 0
    outer loop
      vertex -29.0112 33.081 190
      vertex -26.7855 34.9075 194
      vertex -29.0112 33.081 194
    endloop
  endfacet
  facet normal 0.634376 -0.773025 0
    outer loop
      vertex -26.7855 34.9075 194
      vertex -29.0112 33.081 190
      vertex -26.7855 34.9075 190
    endloop
  endfacet
  facet normal 0.729859 -0.683598 0
    outer loop
      vertex -33.081 29.0112 194
      vertex -31.1127 31.1127 190
      vertex -31.1127 31.1127 194
    endloop
  endfacet
  facet normal 0.729859 -0.683598 0
    outer loop
      vertex -31.1127 31.1127 190
      vertex -33.081 29.0112 194
      vertex -33.081 29.0112 190
    endloop
  endfacet
  facet normal 0.773025 0.634376 0
    outer loop
      vertex -33.081 -29.0112 194
      vertex -34.9075 -26.7855 190
      vertex -34.9075 -26.7855 194
    endloop
  endfacet
  facet normal 0.773025 0.634376 0
    outer loop
      vertex -34.9075 -26.7855 190
      vertex -33.081 -29.0112 194
      vertex -33.081 -29.0112 190
    endloop
  endfacet
  facet normal 0.812831 -0.582499 0
    outer loop
      vertex -36.5847 24.4451 194
      vertex -34.9075 26.7855 190
      vertex -34.9075 26.7855 194
    endloop
  endfacet
  facet normal 0.812831 -0.582499 0
    outer loop
      vertex -34.9075 26.7855 190
      vertex -36.5847 24.4451 194
      vertex -36.5847 24.4451 190
    endloop
  endfacet
  facet normal 0.956941 -0.290281 0
    outer loop
      vertex -42.5007 11.388 194
      vertex -41.6649 14.1433 190
      vertex -41.6649 14.1433 194
    endloop
  endfacet
  facet normal 0.956941 -0.290281 0
    outer loop
      vertex -41.6649 14.1433 190
      vertex -42.5007 11.388 194
      vertex -42.5007 11.388 190
    endloop
  endfacet
  facet normal 0.0980109 0.995185 -0
    outer loop
      vertex -2.87774 -43.9058 190
      vertex -5.74315 -43.6236 194
      vertex -2.87774 -43.9058 194
    endloop
  endfacet
  facet normal 0.0980109 0.995185 0
    outer loop
      vertex -5.74315 -43.6236 194
      vertex -2.87774 -43.9058 190
      vertex -5.74315 -43.6236 190
    endloop
  endfacet
  facet normal 0.0327165 0.999465 -0
    outer loop
      vertex 0 -44 190
      vertex -2.87774 -43.9058 194
      vertex 0 -44 194
    endloop
  endfacet
  facet normal 0.0327165 0.999465 0
    outer loop
      vertex -2.87774 -43.9058 194
      vertex 0 -44 190
      vertex -2.87774 -43.9058 190
    endloop
  endfacet
  facet normal 0.412711 0.910862 -0
    outer loop
      vertex -16.8381 -40.6507 190
      vertex -19.4607 -39.4624 194
      vertex -16.8381 -40.6507 194
    endloop
  endfacet
  facet normal 0.412711 0.910862 0
    outer loop
      vertex -19.4607 -39.4624 194
      vertex -16.8381 -40.6507 190
      vertex -19.4607 -39.4624 190
    endloop
  endfacet
  facet normal 0.849212 -0.528053 0
    outer loop
      vertex -38.1051 22 194
      vertex -36.5847 24.4451 190
      vertex -36.5847 24.4451 194
    endloop
  endfacet
  facet normal 0.849212 -0.528053 0
    outer loop
      vertex -36.5847 24.4451 190
      vertex -38.1051 22 194
      vertex -38.1051 22 190
    endloop
  endfacet
  facet normal 0.528053 0.849212 -0
    outer loop
      vertex -22 -38.1051 190
      vertex -24.4451 -36.5847 194
      vertex -22 -38.1051 194
    endloop
  endfacet
  facet normal 0.528053 0.849212 0
    outer loop
      vertex -24.4451 -36.5847 194
      vertex -22 -38.1051 190
      vertex -24.4451 -36.5847 190
    endloop
  endfacet
  facet normal 0.471401 0.881919 -0
    outer loop
      vertex -19.4607 -39.4624 190
      vertex -22 -38.1051 194
      vertex -19.4607 -39.4624 194
    endloop
  endfacet
  facet normal 0.471401 0.881919 0
    outer loop
      vertex -22 -38.1051 194
      vertex -19.4607 -39.4624 190
      vertex -22 -38.1051 190
    endloop
  endfacet
  facet normal 0.999465 -0.0327165 0
    outer loop
      vertex -44 0 194
      vertex -43.9058 2.87774 190
      vertex -43.9058 2.87774 194
    endloop
  endfacet
  facet normal 0.999465 -0.0327165 0
    outer loop
      vertex -43.9058 2.87774 190
      vertex -44 0 194
      vertex -44 0 190
    endloop
  endfacet
  facet normal -1 0 0
    outer loop
      vertex 4.3 54.5 190
      vertex 4.3 57.5 194
      vertex 4.3 57.5 190
    endloop
  endfacet
  facet normal -1 -0 0
    outer loop
      vertex 4.3 57.5 194
      vertex 4.3 54.5 190
      vertex 4.3 54.5 194
    endloop
  endfacet
  facet normal 1 -0 0
    outer loop
      vertex -4.3 54.5 194
      vertex -4.3 57.5 190
      vertex -4.3 57.5 194
    endloop
  endfacet
  facet normal 1 0 0
    outer loop
      vertex -4.3 57.5 190
      vertex -4.3 54.5 194
      vertex -4.3 54.5 190
    endloop
  endfacet
  facet normal 0 -1 0
    outer loop
      vertex -4.3 57.5 190
      vertex 4.3 57.5 194
      vertex -4.3 57.5 194
    endloop
  endfacet
  facet normal 0 -1 -0
    outer loop
      vertex 4.3 57.5 194
      vertex -4.3 57.5 190
      vertex 4.3 57.5 190
    endloop
  endfacet
  facet normal 0 1 -0
    outer loop
      vertex 4.3 54.5 190
      vertex -4.3 54.5 194
      vertex 4.3 54.5 194
    endloop
  endfacet
  facet normal 0 1 0
    outer loop
      vertex -4.3 54.5 194
      vertex 4.3 54.5 190
      vertex -4.3 54.5 190
    endloop
  endfacet
  facet normal -0.707107 -0.707107 0
    outer loop
      vertex -35.4968 41.5779 190
      vertex -37.6181 43.6992 194
      vertex -37.6181 43.6992 190
    endloop
  endfacet
  facet normal -0.707107 -0.707107 0
    outer loop
      vertex -37.6181 43.6992 194
      vertex -35.4968 41.5779 190
      vertex -35.4968 41.5779 194
    endloop
  endfacet
  facet normal 0.707107 0.707107 -0
    outer loop
      vertex -41.5779 35.4968 190
      vertex -43.6992 37.6181 194
      vertex -41.5779 35.4968 194
    endloop
  endfacet
  facet normal 0.707107 0.707107 0
    outer loop
      vertex -43.6992 37.6181 194
      vertex -41.5779 35.4968 190
      vertex -43.6992 37.6181 190
    endloop
  endfacet
  facet normal 0.707107 -0.707107 0
    outer loop
      vertex -43.6992 37.6181 194
      vertex -37.6181 43.6992 190
      vertex -37.6181 43.6992 194
    endloop
  endfacet
  facet normal 0.707107 -0.707107 0
    outer loop
      vertex -37.6181 43.6992 190
      vertex -43.6992 37.6181 194
      vertex -43.6992 37.6181 190
    endloop
  endfacet
  facet normal -0.707107 0.707107 0
    outer loop
      vertex -41.5779 35.4968 190
      vertex -35.4968 41.5779 194
      vertex -35.4968 41.5779 190
    endloop
  endfacet
  facet normal -0.707107 0.707107 0
    outer loop
      vertex -35.4968 41.5779 194
      vertex -41.5779 35.4968 190
      vertex -41.5779 35.4968 194
    endloop
  endfacet
  facet normal 0 1 -0
    outer loop
      vertex -54.5 -4.3 190
      vertex -57.5 -4.3 194
      vertex -54.5 -4.3 194
    endloop
  endfacet
  facet normal 0 1 0
    outer loop
      vertex -57.5 -4.3 194
      vertex -54.5 -4.3 190
      vertex -57.5 -4.3 190
    endloop
  endfacet
  facet normal 1 -0 0
    outer loop
      vertex -57.5 -4.3 194
      vertex -57.5 4.3 190
      vertex -57.5 4.3 194
    endloop
  endfacet
  facet normal 1 0 0
    outer loop
      vertex -57.5 4.3 190
      vertex -57.5 -4.3 194
      vertex -57.5 -4.3 190
    endloop
  endfacet
  facet normal -1 0 0
    outer loop
      vertex -54.5 -4.3 190
      vertex -54.5 4.3 194
      vertex -54.5 4.3 190
    endloop
  endfacet
  facet normal -1 -0 0
    outer loop
      vertex -54.5 4.3 194
      vertex -54.5 -4.3 190
      vertex -54.5 -4.3 194
    endloop
  endfacet
  facet normal 0 -1 0
    outer loop
      vertex -57.5 4.3 190
      vertex -54.5 4.3 194
      vertex -57.5 4.3 194
    endloop
  endfacet
  facet normal 0 -1 -0
    outer loop
      vertex -54.5 4.3 194
      vertex -57.5 4.3 190
      vertex -54.5 4.3 190
    endloop
  endfacet
  facet normal -0.707107 0.707107 0
    outer loop
      vertex -37.6181 -43.6992 190
      vertex -35.4968 -41.5779 194
      vertex -35.4968 -41.5779 190
    endloop
  endfacet
  facet normal -0.707107 0.707107 0
    outer loop
      vertex -35.4968 -41.5779 194
      vertex -37.6181 -43.6992 190
      vertex -37.6181 -43.6992 194
    endloop
  endfacet
  facet normal 0.707107 0.707107 0
    outer loop
      vertex -37.6181 -43.6992 194
      vertex -43.6992 -37.6181 190
      vertex -43.6992 -37.6181 194
    endloop
  endfacet
  facet normal 0.707107 0.707107 0
    outer loop
      vertex -43.6992 -37.6181 190
      vertex -37.6181 -43.6992 194
      vertex -37.6181 -43.6992 190
    endloop
  endfacet
  facet normal -0.707107 -0.707107 0
    outer loop
      vertex -35.4968 -41.5779 190
      vertex -41.5779 -35.4968 194
      vertex -41.5779 -35.4968 190
    endloop
  endfacet
  facet normal -0.707107 -0.707107 0
    outer loop
      vertex -41.5779 -35.4968 194
      vertex -35.4968 -41.5779 190
      vertex -35.4968 -41.5779 194
    endloop
  endfacet
  facet normal 0.707107 -0.707107 0
    outer loop
      vertex -43.6992 -37.6181 190
      vertex -41.5779 -35.4968 194
      vertex -43.6992 -37.6181 194
    endloop
  endfacet
  facet normal 0.707107 -0.707107 0
    outer loop
      vertex -41.5779 -35.4968 194
      vertex -43.6992 -37.6181 190
      vertex -41.5779 -35.4968 190
    endloop
  endfacet
  facet normal 1 -0 0
    outer loop
      vertex -4.3 -57.5 194
      vertex -4.3 -54.5 190
      vertex -4.3 -54.5 194
    endloop
  endfacet
  facet normal 1 0 0
    outer loop
      vertex -4.3 -54.5 190
      vertex -4.3 -57.5 194
      vertex -4.3 -57.5 190
    endloop
  endfacet
  facet normal -1 0 0
    outer loop
      vertex 4.3 -57.5 190
      vertex 4.3 -54.5 194
      vertex 4.3 -54.5 190
    endloop
  endfacet
  facet normal -1 -0 0
    outer loop
      vertex 4.3 -54.5 194
      vertex 4.3 -57.5 190
      vertex 4.3 -57.5 194
    endloop
  endfacet
  facet normal 0 -1 0
    outer loop
      vertex -4.3 -54.5 190
      vertex 4.3 -54.5 194
      vertex -4.3 -54.5 194
    endloop
  endfacet
  facet normal 0 -1 -0
    outer loop
      vertex 4.3 -54.5 194
      vertex -4.3 -54.5 190
      vertex 4.3 -54.5 190
    endloop
  endfacet
  facet normal 0 1 -0
    outer loop
      vertex 4.3 -57.5 190
      vertex -4.3 -57.5 194
      vertex 4.3 -57.5 194
    endloop
  endfacet
  facet normal 0 1 0
    outer loop
      vertex -4.3 -57.5 194
      vertex 4.3 -57.5 190
      vertex -4.3 -57.5 190
    endloop
  endfacet
  facet normal 0.707107 0.707107 0
    outer loop
      vertex 37.6181 -43.6992 194
      vertex 35.4968 -41.5779 190
      vertex 35.4968 -41.5779 194
    endloop
  endfacet
  facet normal 0.707107 0.707107 0
    outer loop
      vertex 35.4968 -41.5779 190
      vertex 37.6181 -43.6992 194
      vertex 37.6181 -43.6992 190
    endloop
  endfacet
  facet normal -0.707107 -0.707107 0
    outer loop
      vertex 41.5779 -35.4968 190
      vertex 43.6992 -37.6181 194
      vertex 41.5779 -35.4968 194
    endloop
  endfacet
  facet normal -0.707107 -0.707107 -0
    outer loop
      vertex 43.6992 -37.6181 194
      vertex 41.5779 -35.4968 190
      vertex 43.6992 -37.6181 190
    endloop
  endfacet
  facet normal 0.707107 -0.707107 0
    outer loop
      vertex 35.4968 -41.5779 194
      vertex 41.5779 -35.4968 190
      vertex 41.5779 -35.4968 194
    endloop
  endfacet
  facet normal 0.707107 -0.707107 0
    outer loop
      vertex 41.5779 -35.4968 190
      vertex 35.4968 -41.5779 194
      vertex 35.4968 -41.5779 190
    endloop
  endfacet
  facet normal -0.707107 0.707107 0
    outer loop
      vertex 37.6181 -43.6992 190
      vertex 43.6992 -37.6181 194
      vertex 43.6992 -37.6181 190
    endloop
  endfacet
  facet normal -0.707107 0.707107 0
    outer loop
      vertex 43.6992 -37.6181 194
      vertex 37.6181 -43.6992 190
      vertex 37.6181 -43.6992 194
    endloop
  endfacet
  facet normal 0 1 -0
    outer loop
      vertex 57.5 -4.3 190
      vertex 54.5 -4.3 194
      vertex 57.5 -4.3 194
    endloop
  endfacet
  facet normal 0 1 0
    outer loop
      vertex 54.5 -4.3 194
      vertex 57.5 -4.3 190
      vertex 54.5 -4.3 190
    endloop
  endfacet
  facet normal 0 -1 0
    outer loop
      vertex 54.5 4.3 190
      vertex 57.5 4.3 194
      vertex 54.5 4.3 194
    endloop
  endfacet
  facet normal 0 -1 -0
    outer loop
      vertex 57.5 4.3 194
      vertex 54.5 4.3 190
      vertex 57.5 4.3 190
    endloop
  endfacet
  facet normal -1 0 0
    outer loop
      vertex 57.5 -4.3 190
      vertex 57.5 4.3 194
      vertex 57.5 4.3 190
    endloop
  endfacet
  facet normal -1 -0 0
    outer loop
      vertex 57.5 4.3 194
      vertex 57.5 -4.3 190
      vertex 57.5 -4.3 194
    endloop
  endfacet
  facet normal 1 -0 0
    outer loop
      vertex 54.5 -4.3 194
      vertex 54.5 4.3 190
      vertex 54.5 4.3 194
    endloop
  endfacet
  facet normal 1 0 0
    outer loop
      vertex 54.5 4.3 190
      vertex 54.5 -4.3 194
      vertex 54.5 -4.3 190
    endloop
  endfacet
  facet normal -0.707107 0.707107 0
    outer loop
      vertex 43.6992 37.6181 190
      vertex 41.5779 35.4968 194
      vertex 43.6992 37.6181 194
    endloop
  endfacet
  facet normal -0.707107 0.707107 0
    outer loop
      vertex 41.5779 35.4968 194
      vertex 43.6992 37.6181 190
      vertex 41.5779 35.4968 190
    endloop
  endfacet
  facet normal 0.707107 -0.707107 0
    outer loop
      vertex 35.4968 41.5779 194
      vertex 37.6181 43.6992 190
      vertex 37.6181 43.6992 194
    endloop
  endfacet
  facet normal 0.707107 -0.707107 0
    outer loop
      vertex 37.6181 43.6992 190
      vertex 35.4968 41.5779 194
      vertex 35.4968 41.5779 190
    endloop
  endfacet
  facet normal -0.707107 -0.707107 0
    outer loop
      vertex 43.6992 37.6181 190
      vertex 37.6181 43.6992 194
      vertex 37.6181 43.6992 190
    endloop
  endfacet
  facet normal -0.707107 -0.707107 0
    outer loop
      vertex 37.6181 43.6992 194
      vertex 43.6992 37.6181 190
      vertex 43.6992 37.6181 194
    endloop
  endfacet
  facet normal 0.707107 0.707107 0
    outer loop
      vertex 41.5779 35.4968 194
      vertex 35.4968 41.5779 190
      vertex 35.4968 41.5779 194
    endloop
  endfacet
  facet normal 0.707107 0.707107 0
    outer loop
      vertex 35.4968 41.5779 190
      vertex 41.5779 35.4968 194
      vertex 41.5779 35.4968 190
    endloop
  endfacet
  facet normal -1 0 0
    outer loop
      vertex 1.5 33.2009 95
      vertex 1.5 36.9509 115
      vertex 1.5 36.9509 95
    endloop
  endfacet
  facet normal -1 -0 0
    outer loop
      vertex 1.5 36.9509 115
      vertex 1.5 33.2009 95
      vertex 1.5 33.2009 115
    endloop
  endfacet
  facet normal 1 -0 0
    outer loop
      vertex -1.5 33.2009 115
      vertex -1.5 36.9509 95
      vertex -1.5 36.9509 115
    endloop
  endfacet
  facet normal 1 0 0
    outer loop
      vertex -1.5 36.9509 95
      vertex -1.5 33.2009 115
      vertex -1.5 33.2009 95
    endloop
  endfacet
endsolid OpenSCAD_Model
