solid OpenSCAD_Model
  facet normal 0.956965 -0.290204 0
    outer loop
      vertex -11.5587 43.6225 14
      vertex -11.4068 44.1234 6
      vertex -11.4068 44.1234 14
    endloop
  endfacet
  facet normal 0.956965 -0.290204 0
    outer loop
      vertex -11.4068 44.1234 6
      vertex -11.5587 43.6225 14
      vertex -11.5587 43.6225 6
    endloop
  endfacet
  facet normal 0.881908 0.471421 0
    outer loop
      vertex -11.9592 49.7323 14
      vertex -12.206 50.194 6
      vertex -12.206 50.194 14
    endloop
  endfacet
  facet normal 0.881908 0.471421 0
    outer loop
      vertex -12.206 50.194 6
      vertex -11.9592 49.7323 14
      vertex -11.9592 49.7323 6
    endloop
  endfacet
  facet normal 0.91085 0.412738 0
    outer loop
      vertex -11.7431 49.2554 14
      vertex -11.9592 49.7323 6
      vertex -11.9592 49.7323 14
    endloop
  endfacet
  facet normal 0.91085 0.412738 0
    outer loop
      vertex -11.9592 49.7323 6
      vertex -11.7431 49.2554 14
      vertex -11.7431 49.2554 6
    endloop
  endfacet
  facet normal -0.634454 0.77296 0
    outer loop
      vertex -24.0043 52.5408 0
      vertex -24.4089 52.2087 14
      vertex -24.0043 52.5408 14
    endloop
  endfacet
  facet normal -0.634454 0.77296 0
    outer loop
      vertex -24.4089 52.2087 14
      vertex -24.0043 52.5408 0
      vertex -24.4089 52.2087 0
    endloop
  endfacet
  facet normal -0.812855 -0.582466 0
    outer loop
      vertex -25.481 41.3239 6
      vertex -25.7859 41.7494 14
      vertex -25.7859 41.7494 6
    endloop
  endfacet
  facet normal -0.812855 -0.582466 0
    outer loop
      vertex -25.7859 41.7494 14
      vertex -25.481 41.3239 6
      vertex -25.481 41.3239 14
    endloop
  endfacet
  facet normal -0.729841 0.683617 0
    outer loop
      vertex -25.1489 51.4687 0
      vertex -24.791 51.8508 14
      vertex -24.791 51.8508 0
    endloop
  endfacet
  facet normal -0.729841 0.683617 0
    outer loop
      vertex -24.791 51.8508 14
      vertex -25.1489 51.4687 0
      vertex -25.1489 51.4687 14
    endloop
  endfacet
  facet normal -0.986666 -0.162757 0
    outer loop
      vertex -26.9805 44.6333 6
      vertex -27.0657 45.1498 14
      vertex -27.0657 45.1498 6
    endloop
  endfacet
  facet normal -0.986666 -0.162757 0
    outer loop
      vertex -27.0657 45.1498 14
      vertex -26.9805 44.6333 6
      vertex -26.9805 44.6333 14
    endloop
  endfacet
  facet normal -0.227133 0.973864 0
    outer loop
      vertex -20.6949 54.0403 0
      vertex -21.2047 53.9214 14
      vertex -20.6949 54.0403 14
    endloop
  endfacet
  facet normal -0.227133 0.973864 0
    outer loop
      vertex -21.2047 53.9214 14
      vertex -20.6949 54.0403 0
      vertex -21.2047 53.9214 0
    endloop
  endfacet
  facet normal 0.41281 -0.910817 0
    outer loop
      vertex -16.0727 38.8029 6
      vertex -15.5959 39.019 14
      vertex -16.0727 38.8029 14
    endloop
  endfacet
  facet normal 0.41281 -0.910817 0
    outer loop
      vertex -15.5959 39.019 14
      vertex -16.0727 38.8029 6
      vertex -15.5959 39.019 6
    endloop
  endfacet
  facet normal -0.412738 -0.91085 0
    outer loop
      vertex -22.6725 39.019 6
      vertex -22.1956 38.8029 14
      vertex -22.6725 39.019 14
    endloop
  endfacet
  facet normal -0.412738 -0.91085 -0
    outer loop
      vertex -22.1956 38.8029 14
      vertex -22.6725 39.019 6
      vertex -22.1956 38.8029 6
    endloop
  endfacet
  facet normal 0.582466 -0.812855 0
    outer loop
      vertex -14.6896 39.5422 6
      vertex -14.2641 39.8471 14
      vertex -14.6896 39.5422 14
    endloop
  endfacet
  facet normal 0.582466 -0.812855 0
    outer loop
      vertex -14.2641 39.8471 14
      vertex -14.6896 39.5422 6
      vertex -14.2641 39.8471 6
    endloop
  endfacet
  facet normal -0.849177 -0.528109 0
    outer loop
      vertex -25.7859 41.7494 6
      vertex -26.0624 42.194 14
      vertex -26.0624 42.194 6
    endloop
  endfacet
  facet normal -0.849177 -0.528109 0
    outer loop
      vertex -26.0624 42.194 14
      vertex -25.7859 41.7494 6
      vertex -25.7859 41.7494 14
    endloop
  endfacet
  facet normal -0.77296 0.634454 0
    outer loop
      vertex -25.481 51.0641 0
      vertex -25.1489 51.4687 14
      vertex -25.1489 51.4687 0
    endloop
  endfacet
  facet normal -0.77296 0.634454 0
    outer loop
      vertex -25.1489 51.4687 14
      vertex -25.481 51.0641 0
      vertex -25.481 51.0641 14
    endloop
  endfacet
  facet normal 0.772867 0.634568 0
    outer loop
      vertex -12.7873 51.0641 14
      vertex -13.1195 51.4687 6
      vertex -13.1195 51.4687 14
    endloop
  endfacet
  facet normal 0.772867 0.634568 0
    outer loop
      vertex -13.1195 51.4687 6
      vertex -12.7873 51.0641 14
      vertex -12.7873 51.0641 6
    endloop
  endfacet
  facet normal -0.81292 0.582376 0
    outer loop
      vertex -25.7859 50.6385 0
      vertex -25.481 51.0641 14
      vertex -25.481 51.0641 0
    endloop
  endfacet
  facet normal -0.81292 0.582376 0
    outer loop
      vertex -25.481 51.0641 14
      vertex -25.7859 50.6385 0
      vertex -25.7859 50.6385 14
    endloop
  endfacet
  facet normal 0.582466 0.812855 -0
    outer loop
      vertex -14.2641 52.5408 6
      vertex -14.6896 52.8457 14
      vertex -14.2641 52.5408 14
    endloop
  endfacet
  facet normal 0.582466 0.812855 0
    outer loop
      vertex -14.6896 52.8457 14
      vertex -14.2641 52.5408 6
      vertex -14.6896 52.8457 6
    endloop
  endfacet
  facet normal -0.0328569 0.99946 0
    outer loop
      vertex -19.1342 54.194 0
      vertex -19.6574 54.1768 14
      vertex -19.1342 54.194 14
    endloop
  endfacet
  facet normal -0.0328569 0.99946 0
    outer loop
      vertex -19.6574 54.1768 14
      vertex -19.1342 54.194 0
      vertex -19.6574 54.1768 0
    endloop
  endfacet
  facet normal 0 0 1
    outer loop
      vertex -14.3342 46.194 14
      vertex -11.1342 46.194 14
      vertex -11.1513 46.7172 14
    endloop
  endfacet
  facet normal 0 0 1
    outer loop
      vertex -14.3444 46.5079 14
      vertex -11.1513 46.7172 14
      vertex -11.2026 47.2382 14
    endloop
  endfacet
  facet normal 0 0 1
    outer loop
      vertex -11.1342 46.194 14
      vertex -14.3342 46.194 14
      vertex -11.1513 45.6708 14
    endloop
  endfacet
  facet normal 0 0 1
    outer loop
      vertex -14.3752 46.8205 14
      vertex -11.2026 47.2382 14
      vertex -11.2879 47.7547 14
    endloop
  endfacet
  facet normal -0 0 1
    outer loop
      vertex -14.3444 45.88 14
      vertex -11.1513 45.6708 14
      vertex -14.3342 46.194 14
    endloop
  endfacet
  facet normal 0 0 1
    outer loop
      vertex -14.4264 47.1304 14
      vertex -11.2879 47.7547 14
      vertex -11.4068 48.2645 14
    endloop
  endfacet
  facet normal 0 0 1
    outer loop
      vertex -11.1513 45.6708 14
      vertex -14.3444 45.88 14
      vertex -11.2026 45.1498 14
    endloop
  endfacet
  facet normal 0 0 1
    outer loop
      vertex -14.4977 47.4363 14
      vertex -11.4068 48.2645 14
      vertex -11.5587 48.7655 14
    endloop
  endfacet
  facet normal -0 0 1
    outer loop
      vertex -14.3752 45.5675 14
      vertex -11.2026 45.1498 14
      vertex -14.3444 45.88 14
    endloop
  endfacet
  facet normal 0 0 1
    outer loop
      vertex -14.5889 47.7369 14
      vertex -11.5587 48.7655 14
      vertex -11.7431 49.2554 14
    endloop
  endfacet
  facet normal 0 0 1
    outer loop
      vertex -11.2026 45.1498 14
      vertex -14.3752 45.5675 14
      vertex -11.2879 44.6333 14
    endloop
  endfacet
  facet normal 0 0 1
    outer loop
      vertex -14.6995 48.0309 14
      vertex -11.7431 49.2554 14
      vertex -11.9592 49.7323 14
    endloop
  endfacet
  facet normal -0 0 1
    outer loop
      vertex -14.4264 45.2575 14
      vertex -11.2879 44.6333 14
      vertex -14.3752 45.5675 14
    endloop
  endfacet
  facet normal 0 0 1
    outer loop
      vertex -14.8292 48.317 14
      vertex -11.9592 49.7323 14
      vertex -12.206 50.194 14
    endloop
  endfacet
  facet normal 0 0 1
    outer loop
      vertex -11.2879 44.6333 14
      vertex -14.4264 45.2575 14
      vertex -11.4068 44.1234 14
    endloop
  endfacet
  facet normal 0 0 1
    outer loop
      vertex -14.9772 48.594 14
      vertex -12.206 50.194 14
      vertex -12.4824 50.6385 14
    endloop
  endfacet
  facet normal -0 0 1
    outer loop
      vertex -14.4977 44.9516 14
      vertex -11.4068 44.1234 14
      vertex -14.4264 45.2575 14
    endloop
  endfacet
  facet normal 0 0 1
    outer loop
      vertex -15.1431 48.8607 14
      vertex -12.4824 50.6385 14
      vertex -12.7873 51.0641 14
    endloop
  endfacet
  facet normal 0 0 1
    outer loop
      vertex -11.4068 44.1234 14
      vertex -14.4977 44.9516 14
      vertex -11.5587 43.6225 14
    endloop
  endfacet
  facet normal 0 0 1
    outer loop
      vertex -15.3261 49.116 14
      vertex -12.7873 51.0641 14
      vertex -13.1195 51.4687 14
    endloop
  endfacet
  facet normal -0 0 1
    outer loop
      vertex -14.5889 44.6511 14
      vertex -11.5587 43.6225 14
      vertex -14.4977 44.9516 14
    endloop
  endfacet
  facet normal 0 0 1
    outer loop
      vertex -15.5253 49.3588 14
      vertex -13.1195 51.4687 14
      vertex -13.4773 51.8508 14
    endloop
  endfacet
  facet normal 0 0 1
    outer loop
      vertex -11.5587 43.6225 14
      vertex -14.5889 44.6511 14
      vertex -11.7431 43.1325 14
    endloop
  endfacet
  facet normal 0 0 1
    outer loop
      vertex -15.7401 49.5881 14
      vertex -13.4773 51.8508 14
      vertex -13.8594 52.2087 14
    endloop
  endfacet
  facet normal -0 0 1
    outer loop
      vertex -14.6995 44.3571 14
      vertex -11.7431 43.1325 14
      vertex -14.5889 44.6511 14
    endloop
  endfacet
  facet normal 0 0 1
    outer loop
      vertex -15.9693 49.8028 14
      vertex -13.8594 52.2087 14
      vertex -14.2641 52.5408 14
    endloop
  endfacet
  facet normal 0 0 1
    outer loop
      vertex -11.7431 43.1325 14
      vertex -14.6995 44.3571 14
      vertex -11.9592 42.6557 14
    endloop
  endfacet
  facet normal -0 0 1
    outer loop
      vertex -14.8292 44.071 14
      vertex -11.9592 42.6557 14
      vertex -14.6995 44.3571 14
    endloop
  endfacet
  facet normal 0 0 1
    outer loop
      vertex -11.1513 46.7172 14
      vertex -14.3444 46.5079 14
      vertex -14.3342 46.194 14
    endloop
  endfacet
  facet normal 0 0 1
    outer loop
      vertex -11.2026 47.2382 14
      vertex -14.3752 46.8205 14
      vertex -14.3444 46.5079 14
    endloop
  endfacet
  facet normal 0 0 1
    outer loop
      vertex -11.2879 47.7547 14
      vertex -14.4264 47.1304 14
      vertex -14.3752 46.8205 14
    endloop
  endfacet
  facet normal 0 0 1
    outer loop
      vertex -11.4068 48.2645 14
      vertex -14.4977 47.4363 14
      vertex -14.4264 47.1304 14
    endloop
  endfacet
  facet normal 0 0 1
    outer loop
      vertex -11.5587 48.7655 14
      vertex -14.5889 47.7369 14
      vertex -14.4977 47.4363 14
    endloop
  endfacet
  facet normal 0 0 1
    outer loop
      vertex -16.2121 50.0021 14
      vertex -14.2641 52.5408 14
      vertex -14.6896 52.8457 14
    endloop
  endfacet
  facet normal 0 0 1
    outer loop
      vertex -11.7431 49.2554 14
      vertex -14.6995 48.0309 14
      vertex -14.5889 47.7369 14
    endloop
  endfacet
  facet normal 0 0 1
    outer loop
      vertex -11.9592 49.7323 14
      vertex -14.8292 48.317 14
      vertex -14.6995 48.0309 14
    endloop
  endfacet
  facet normal 0 0 1
    outer loop
      vertex -12.206 50.194 14
      vertex -14.9772 48.594 14
      vertex -14.8292 48.317 14
    endloop
  endfacet
  facet normal 0 0 1
    outer loop
      vertex -16.4674 50.185 14
      vertex -14.6896 52.8457 14
      vertex -15.1342 53.1222 14
    endloop
  endfacet
  facet normal 0 0 1
    outer loop
      vertex -12.4824 50.6385 14
      vertex -15.1431 48.8607 14
      vertex -14.9772 48.594 14
    endloop
  endfacet
  facet normal 0 0 1
    outer loop
      vertex -12.7873 51.0641 14
      vertex -15.3261 49.116 14
      vertex -15.1431 48.8607 14
    endloop
  endfacet
  facet normal 0 0 1
    outer loop
      vertex -13.1195 51.4687 14
      vertex -15.5253 49.3588 14
      vertex -15.3261 49.116 14
    endloop
  endfacet
  facet normal 0 0 1
    outer loop
      vertex -16.7342 50.3509 14
      vertex -15.1342 53.1222 14
      vertex -15.5959 53.369 14
    endloop
  endfacet
  facet normal 0 0 1
    outer loop
      vertex -13.4773 51.8508 14
      vertex -15.7401 49.5881 14
      vertex -15.5253 49.3588 14
    endloop
  endfacet
  facet normal 0 0 1
    outer loop
      vertex -13.8594 52.2087 14
      vertex -15.9693 49.8028 14
      vertex -15.7401 49.5881 14
    endloop
  endfacet
  facet normal 0 0 1
    outer loop
      vertex -17.0112 50.499 14
      vertex -15.5959 53.369 14
      vertex -16.0727 53.585 14
    endloop
  endfacet
  facet normal 0 0 1
    outer loop
      vertex -14.2641 52.5408 14
      vertex -16.2121 50.0021 14
      vertex -15.9693 49.8028 14
    endloop
  endfacet
  facet normal 0 0 1
    outer loop
      vertex -14.6896 52.8457 14
      vertex -16.4674 50.185 14
      vertex -16.2121 50.0021 14
    endloop
  endfacet
  facet normal 0 0 1
    outer loop
      vertex -17.2973 50.6286 14
      vertex -16.0727 53.585 14
      vertex -16.5627 53.7694 14
    endloop
  endfacet
  facet normal 0 0 1
    outer loop
      vertex -15.1342 53.1222 14
      vertex -16.7342 50.3509 14
      vertex -16.4674 50.185 14
    endloop
  endfacet
  facet normal 0 0 1
    outer loop
      vertex -15.5959 53.369 14
      vertex -17.0112 50.499 14
      vertex -16.7342 50.3509 14
    endloop
  endfacet
  facet normal 0 0 1
    outer loop
      vertex -17.5913 50.7392 14
      vertex -16.5627 53.7694 14
      vertex -17.0636 53.9214 14
    endloop
  endfacet
  facet normal 0 0 1
    outer loop
      vertex -16.0727 53.585 14
      vertex -17.2973 50.6286 14
      vertex -17.0112 50.499 14
    endloop
  endfacet
  facet normal 0 0 1
    outer loop
      vertex -17.8918 50.8304 14
      vertex -17.0636 53.9214 14
      vertex -17.5734 54.0403 14
    endloop
  endfacet
  facet normal 0 0 1
    outer loop
      vertex -16.5627 53.7694 14
      vertex -17.5913 50.7392 14
      vertex -17.2973 50.6286 14
    endloop
  endfacet
  facet normal 0 0 1
    outer loop
      vertex -17.0636 53.9214 14
      vertex -17.8918 50.8304 14
      vertex -17.5913 50.7392 14
    endloop
  endfacet
  facet normal 0 0 1
    outer loop
      vertex -18.1977 50.9017 14
      vertex -17.5734 54.0403 14
      vertex -18.09 54.1255 14
    endloop
  endfacet
  facet normal 0 0 1
    outer loop
      vertex -17.5734 54.0403 14
      vertex -18.1977 50.9017 14
      vertex -17.8918 50.8304 14
    endloop
  endfacet
  facet normal 0 0 1
    outer loop
      vertex -18.09 54.1255 14
      vertex -18.5076 50.9529 14
      vertex -18.1977 50.9017 14
    endloop
  endfacet
  facet normal 0 0 1
    outer loop
      vertex -18.6109 54.1768 14
      vertex -18.5076 50.9529 14
      vertex -18.09 54.1255 14
    endloop
  endfacet
  facet normal 0 0 1
    outer loop
      vertex -18.6109 54.1768 14
      vertex -18.8202 50.9837 14
      vertex -18.5076 50.9529 14
    endloop
  endfacet
  facet normal 0 0 1
    outer loop
      vertex -19.1342 54.194 14
      vertex -18.8202 50.9837 14
      vertex -18.6109 54.1768 14
    endloop
  endfacet
  facet normal 0 0 1
    outer loop
      vertex -19.1342 54.194 14
      vertex -19.1342 50.994 14
      vertex -18.8202 50.9837 14
    endloop
  endfacet
  facet normal 0 0 1
    outer loop
      vertex -19.1342 54.194 14
      vertex -19.4481 50.9837 14
      vertex -19.1342 50.994 14
    endloop
  endfacet
  facet normal -0 0 1
    outer loop
      vertex -19.6574 54.1768 14
      vertex -19.4481 50.9837 14
      vertex -19.1342 54.194 14
    endloop
  endfacet
  facet normal 0 0 1
    outer loop
      vertex -19.6574 54.1768 14
      vertex -19.7607 50.9529 14
      vertex -19.4481 50.9837 14
    endloop
  endfacet
  facet normal -0 0 1
    outer loop
      vertex -20.1784 54.1255 14
      vertex -19.7607 50.9529 14
      vertex -19.6574 54.1768 14
    endloop
  endfacet
  facet normal 0 0 1
    outer loop
      vertex -19.7607 50.9529 14
      vertex -20.1784 54.1255 14
      vertex -20.0706 50.9017 14
    endloop
  endfacet
  facet normal -0 0 1
    outer loop
      vertex -20.6949 54.0403 14
      vertex -20.0706 50.9017 14
      vertex -20.1784 54.1255 14
    endloop
  endfacet
  facet normal 0 0 1
    outer loop
      vertex -20.0706 50.9017 14
      vertex -20.6949 54.0403 14
      vertex -20.3765 50.8304 14
    endloop
  endfacet
  facet normal -0 0 1
    outer loop
      vertex -21.2047 53.9214 14
      vertex -20.3765 50.8304 14
      vertex -20.6949 54.0403 14
    endloop
  endfacet
  facet normal 0 0 1
    outer loop
      vertex -20.3765 50.8304 14
      vertex -21.2047 53.9214 14
      vertex -20.6771 50.7392 14
    endloop
  endfacet
  facet normal -0 0 1
    outer loop
      vertex -21.7057 53.7694 14
      vertex -20.6771 50.7392 14
      vertex -21.2047 53.9214 14
    endloop
  endfacet
  facet normal 0 0 1
    outer loop
      vertex -20.6771 50.7392 14
      vertex -21.7057 53.7694 14
      vertex -20.9711 50.6286 14
    endloop
  endfacet
  facet normal -0 0 1
    outer loop
      vertex -22.1956 53.585 14
      vertex -20.9711 50.6286 14
      vertex -21.7057 53.7694 14
    endloop
  endfacet
  facet normal 0 0 1
    outer loop
      vertex -20.9711 50.6286 14
      vertex -22.1956 53.585 14
      vertex -21.2572 50.499 14
    endloop
  endfacet
  facet normal -0 0 1
    outer loop
      vertex -22.6725 53.369 14
      vertex -21.2572 50.499 14
      vertex -22.1956 53.585 14
    endloop
  endfacet
  facet normal 0 0 1
    outer loop
      vertex -21.2572 50.499 14
      vertex -22.6725 53.369 14
      vertex -21.5342 50.3509 14
    endloop
  endfacet
  facet normal -0 0 1
    outer loop
      vertex -23.1342 53.1222 14
      vertex -21.5342 50.3509 14
      vertex -22.6725 53.369 14
    endloop
  endfacet
  facet normal 0 0 1
    outer loop
      vertex -21.5342 50.3509 14
      vertex -23.1342 53.1222 14
      vertex -21.8009 50.185 14
    endloop
  endfacet
  facet normal -0 0 1
    outer loop
      vertex -23.5787 52.8457 14
      vertex -21.8009 50.185 14
      vertex -23.1342 53.1222 14
    endloop
  endfacet
  facet normal 0 0 1
    outer loop
      vertex -21.8009 50.185 14
      vertex -23.5787 52.8457 14
      vertex -22.0562 50.0021 14
    endloop
  endfacet
  facet normal -0 0 1
    outer loop
      vertex -24.0043 52.5408 14
      vertex -22.0562 50.0021 14
      vertex -23.5787 52.8457 14
    endloop
  endfacet
  facet normal 0 0 1
    outer loop
      vertex -22.0562 50.0021 14
      vertex -24.0043 52.5408 14
      vertex -22.299 49.8028 14
    endloop
  endfacet
  facet normal -0 0 1
    outer loop
      vertex -24.4089 52.2087 14
      vertex -22.299 49.8028 14
      vertex -24.0043 52.5408 14
    endloop
  endfacet
  facet normal 0 0 1
    outer loop
      vertex -22.299 49.8028 14
      vertex -24.4089 52.2087 14
      vertex -22.5283 49.5881 14
    endloop
  endfacet
  facet normal -0 0 1
    outer loop
      vertex -24.791 51.8508 14
      vertex -22.5283 49.5881 14
      vertex -24.4089 52.2087 14
    endloop
  endfacet
  facet normal 0 0 1
    outer loop
      vertex -22.5283 49.5881 14
      vertex -24.791 51.8508 14
      vertex -22.743 49.3588 14
    endloop
  endfacet
  facet normal -0 0 1
    outer loop
      vertex -25.1489 51.4687 14
      vertex -22.743 49.3588 14
      vertex -24.791 51.8508 14
    endloop
  endfacet
  facet normal 0 0 1
    outer loop
      vertex -22.743 49.3588 14
      vertex -25.1489 51.4687 14
      vertex -22.9423 49.116 14
    endloop
  endfacet
  facet normal -0 0 1
    outer loop
      vertex -25.481 51.0641 14
      vertex -22.9423 49.116 14
      vertex -25.1489 51.4687 14
    endloop
  endfacet
  facet normal 0 0 1
    outer loop
      vertex -22.9423 49.116 14
      vertex -25.481 51.0641 14
      vertex -23.1252 48.8607 14
    endloop
  endfacet
  facet normal -0 0 1
    outer loop
      vertex -25.7859 50.6385 14
      vertex -23.1252 48.8607 14
      vertex -25.481 51.0641 14
    endloop
  endfacet
  facet normal 0 0 1
    outer loop
      vertex -23.1252 48.8607 14
      vertex -25.7859 50.6385 14
      vertex -23.2911 48.594 14
    endloop
  endfacet
  facet normal -0 0 1
    outer loop
      vertex -26.0624 50.194 14
      vertex -23.2911 48.594 14
      vertex -25.7859 50.6385 14
    endloop
  endfacet
  facet normal -0 0 1
    outer loop
      vertex -26.3092 49.7323 14
      vertex -23.4392 48.317 14
      vertex -26.0624 50.194 14
    endloop
  endfacet
  facet normal 0 0 1
    outer loop
      vertex -23.2911 48.594 14
      vertex -26.0624 50.194 14
      vertex -23.4392 48.317 14
    endloop
  endfacet
  facet normal 0 0 1
    outer loop
      vertex -11.9592 42.6557 14
      vertex -14.8292 44.071 14
      vertex -12.206 42.194 14
    endloop
  endfacet
  facet normal -0 0 1
    outer loop
      vertex -14.9772 43.794 14
      vertex -12.206 42.194 14
      vertex -14.8292 44.071 14
    endloop
  endfacet
  facet normal 0 0 1
    outer loop
      vertex -12.206 42.194 14
      vertex -14.9772 43.794 14
      vertex -12.4824 41.7494 14
    endloop
  endfacet
  facet normal -0 0 1
    outer loop
      vertex -15.1431 43.5272 14
      vertex -12.4824 41.7494 14
      vertex -14.9772 43.794 14
    endloop
  endfacet
  facet normal 0 0 1
    outer loop
      vertex -12.4824 41.7494 14
      vertex -15.1431 43.5272 14
      vertex -12.7873 41.3239 14
    endloop
  endfacet
  facet normal -0 0 1
    outer loop
      vertex -15.3261 43.2719 14
      vertex -12.7873 41.3239 14
      vertex -15.1431 43.5272 14
    endloop
  endfacet
  facet normal 0 0 1
    outer loop
      vertex -12.7873 41.3239 14
      vertex -15.3261 43.2719 14
      vertex -13.1195 40.9192 14
    endloop
  endfacet
  facet normal -0 0 1
    outer loop
      vertex -15.5253 43.0291 14
      vertex -13.1195 40.9192 14
      vertex -15.3261 43.2719 14
    endloop
  endfacet
  facet normal 0 0 1
    outer loop
      vertex -13.1195 40.9192 14
      vertex -15.5253 43.0291 14
      vertex -13.4773 40.5371 14
    endloop
  endfacet
  facet normal -0 0 1
    outer loop
      vertex -15.7401 42.7999 14
      vertex -13.4773 40.5371 14
      vertex -15.5253 43.0291 14
    endloop
  endfacet
  facet normal 0 0 1
    outer loop
      vertex -13.4773 40.5371 14
      vertex -15.7401 42.7999 14
      vertex -13.8594 40.1793 14
    endloop
  endfacet
  facet normal -0 0 1
    outer loop
      vertex -15.9693 42.5851 14
      vertex -13.8594 40.1793 14
      vertex -15.7401 42.7999 14
    endloop
  endfacet
  facet normal 0 0 1
    outer loop
      vertex -13.8594 40.1793 14
      vertex -15.9693 42.5851 14
      vertex -14.2641 39.8471 14
    endloop
  endfacet
  facet normal -0 0 1
    outer loop
      vertex -16.2121 42.3859 14
      vertex -14.2641 39.8471 14
      vertex -15.9693 42.5851 14
    endloop
  endfacet
  facet normal 0 0 1
    outer loop
      vertex -14.2641 39.8471 14
      vertex -16.2121 42.3859 14
      vertex -14.6896 39.5422 14
    endloop
  endfacet
  facet normal -0 0 1
    outer loop
      vertex -16.4674 42.2029 14
      vertex -14.6896 39.5422 14
      vertex -16.2121 42.3859 14
    endloop
  endfacet
  facet normal 0 0 1
    outer loop
      vertex -14.6896 39.5422 14
      vertex -16.4674 42.2029 14
      vertex -15.1342 39.2658 14
    endloop
  endfacet
  facet normal -0 0 1
    outer loop
      vertex -16.7342 42.0371 14
      vertex -15.1342 39.2658 14
      vertex -16.4674 42.2029 14
    endloop
  endfacet
  facet normal 0 0 1
    outer loop
      vertex -15.1342 39.2658 14
      vertex -16.7342 42.0371 14
      vertex -15.5959 39.019 14
    endloop
  endfacet
  facet normal -0 0 1
    outer loop
      vertex -17.0112 41.889 14
      vertex -15.5959 39.019 14
      vertex -16.7342 42.0371 14
    endloop
  endfacet
  facet normal 0 0 1
    outer loop
      vertex -15.5959 39.019 14
      vertex -17.0112 41.889 14
      vertex -16.0727 38.8029 14
    endloop
  endfacet
  facet normal -0 0 1
    outer loop
      vertex -17.2973 41.7594 14
      vertex -16.0727 38.8029 14
      vertex -17.0112 41.889 14
    endloop
  endfacet
  facet normal 0 0 1
    outer loop
      vertex -16.0727 38.8029 14
      vertex -17.2973 41.7594 14
      vertex -16.5627 38.6185 14
    endloop
  endfacet
  facet normal -0 0 1
    outer loop
      vertex -17.5913 41.6487 14
      vertex -16.5627 38.6185 14
      vertex -17.2973 41.7594 14
    endloop
  endfacet
  facet normal 0 0 1
    outer loop
      vertex -16.5627 38.6185 14
      vertex -17.5913 41.6487 14
      vertex -17.0636 38.4666 14
    endloop
  endfacet
  facet normal -0 0 1
    outer loop
      vertex -17.8918 41.5575 14
      vertex -17.0636 38.4666 14
      vertex -17.5913 41.6487 14
    endloop
  endfacet
  facet normal 0 0 1
    outer loop
      vertex -17.0636 38.4666 14
      vertex -17.8918 41.5575 14
      vertex -17.5734 38.3477 14
    endloop
  endfacet
  facet normal -0 0 1
    outer loop
      vertex -18.1977 41.4862 14
      vertex -17.5734 38.3477 14
      vertex -17.8918 41.5575 14
    endloop
  endfacet
  facet normal 0 0 1
    outer loop
      vertex -17.5734 38.3477 14
      vertex -18.1977 41.4862 14
      vertex -18.09 38.2624 14
    endloop
  endfacet
  facet normal -0 0 1
    outer loop
      vertex -18.5076 41.435 14
      vertex -18.09 38.2624 14
      vertex -18.1977 41.4862 14
    endloop
  endfacet
  facet normal 0 0 1
    outer loop
      vertex -18.5076 41.435 14
      vertex -18.6109 38.2111 14
      vertex -18.09 38.2624 14
    endloop
  endfacet
  facet normal -0 0 1
    outer loop
      vertex -18.8202 41.4043 14
      vertex -18.6109 38.2111 14
      vertex -18.5076 41.435 14
    endloop
  endfacet
  facet normal -0 0 1
    outer loop
      vertex -19.1342 41.394 14
      vertex -18.6109 38.2111 14
      vertex -18.8202 41.4043 14
    endloop
  endfacet
  facet normal 0 0 1
    outer loop
      vertex -19.1342 41.394 14
      vertex -19.1342 38.194 14
      vertex -18.6109 38.2111 14
    endloop
  endfacet
  facet normal 0 0 1
    outer loop
      vertex -19.4481 41.4043 14
      vertex -19.1342 38.194 14
      vertex -19.1342 41.394 14
    endloop
  endfacet
  facet normal 0 0 1
    outer loop
      vertex -19.4481 41.4043 14
      vertex -19.6574 38.2111 14
      vertex -19.1342 38.194 14
    endloop
  endfacet
  facet normal 0 0 1
    outer loop
      vertex -19.7607 41.435 14
      vertex -19.6574 38.2111 14
      vertex -19.4481 41.4043 14
    endloop
  endfacet
  facet normal 0 0 1
    outer loop
      vertex -20.1784 38.2624 14
      vertex -19.7607 41.435 14
      vertex -20.0706 41.4862 14
    endloop
  endfacet
  facet normal 0 0 1
    outer loop
      vertex -19.7607 41.435 14
      vertex -20.1784 38.2624 14
      vertex -19.6574 38.2111 14
    endloop
  endfacet
  facet normal 0 0 1
    outer loop
      vertex -20.6949 38.3477 14
      vertex -20.0706 41.4862 14
      vertex -20.3765 41.5575 14
    endloop
  endfacet
  facet normal 0 0 1
    outer loop
      vertex -21.2047 38.4666 14
      vertex -20.3765 41.5575 14
      vertex -20.6771 41.6487 14
    endloop
  endfacet
  facet normal 0 0 1
    outer loop
      vertex -20.0706 41.4862 14
      vertex -20.6949 38.3477 14
      vertex -20.1784 38.2624 14
    endloop
  endfacet
  facet normal 0 0 1
    outer loop
      vertex -21.7057 38.6185 14
      vertex -20.6771 41.6487 14
      vertex -20.9711 41.7594 14
    endloop
  endfacet
  facet normal 0 0 1
    outer loop
      vertex -20.3765 41.5575 14
      vertex -21.2047 38.4666 14
      vertex -20.6949 38.3477 14
    endloop
  endfacet
  facet normal 0 0 1
    outer loop
      vertex -22.1956 38.8029 14
      vertex -20.9711 41.7594 14
      vertex -21.2572 41.889 14
    endloop
  endfacet
  facet normal 0 0 1
    outer loop
      vertex -22.6725 39.019 14
      vertex -21.2572 41.889 14
      vertex -21.5342 42.0371 14
    endloop
  endfacet
  facet normal 0 0 1
    outer loop
      vertex -20.6771 41.6487 14
      vertex -21.7057 38.6185 14
      vertex -21.2047 38.4666 14
    endloop
  endfacet
  facet normal 0 0 1
    outer loop
      vertex -23.1342 39.2658 14
      vertex -21.5342 42.0371 14
      vertex -21.8009 42.2029 14
    endloop
  endfacet
  facet normal 0 0 1
    outer loop
      vertex -23.5787 39.5422 14
      vertex -21.8009 42.2029 14
      vertex -22.0562 42.3859 14
    endloop
  endfacet
  facet normal 0 0 1
    outer loop
      vertex -20.9711 41.7594 14
      vertex -22.1956 38.8029 14
      vertex -21.7057 38.6185 14
    endloop
  endfacet
  facet normal 0 0 1
    outer loop
      vertex -24.0043 39.8471 14
      vertex -22.0562 42.3859 14
      vertex -22.299 42.5851 14
    endloop
  endfacet
  facet normal 0 0 1
    outer loop
      vertex -24.4089 40.1793 14
      vertex -22.299 42.5851 14
      vertex -22.5283 42.7999 14
    endloop
  endfacet
  facet normal 0 0 1
    outer loop
      vertex -21.2572 41.889 14
      vertex -22.6725 39.019 14
      vertex -22.1956 38.8029 14
    endloop
  endfacet
  facet normal 0 0 1
    outer loop
      vertex -24.791 40.5371 14
      vertex -22.5283 42.7999 14
      vertex -22.743 43.0291 14
    endloop
  endfacet
  facet normal 0 0 1
    outer loop
      vertex -25.1489 40.9192 14
      vertex -22.743 43.0291 14
      vertex -22.9423 43.2719 14
    endloop
  endfacet
  facet normal 0 0 1
    outer loop
      vertex -25.481 41.3239 14
      vertex -22.9423 43.2719 14
      vertex -23.1252 43.5272 14
    endloop
  endfacet
  facet normal 0 0 1
    outer loop
      vertex -21.5342 42.0371 14
      vertex -23.1342 39.2658 14
      vertex -22.6725 39.019 14
    endloop
  endfacet
  facet normal 0 0 1
    outer loop
      vertex -25.7859 41.7494 14
      vertex -23.1252 43.5272 14
      vertex -23.2911 43.794 14
    endloop
  endfacet
  facet normal 0 0 1
    outer loop
      vertex -26.0624 42.194 14
      vertex -23.2911 43.794 14
      vertex -23.4392 44.071 14
    endloop
  endfacet
  facet normal 0 0 1
    outer loop
      vertex -26.3092 42.6557 14
      vertex -23.4392 44.071 14
      vertex -23.5688 44.3571 14
    endloop
  endfacet
  facet normal 0 0 1
    outer loop
      vertex -21.8009 42.2029 14
      vertex -23.5787 39.5422 14
      vertex -23.1342 39.2658 14
    endloop
  endfacet
  facet normal 0 0 1
    outer loop
      vertex -26.5252 43.1325 14
      vertex -23.5688 44.3571 14
      vertex -23.6794 44.6511 14
    endloop
  endfacet
  facet normal 0 0 1
    outer loop
      vertex -26.7096 43.6225 14
      vertex -23.6794 44.6511 14
      vertex -23.7706 44.9516 14
    endloop
  endfacet
  facet normal 0 0 1
    outer loop
      vertex -26.8616 44.1234 14
      vertex -23.7706 44.9516 14
      vertex -23.8419 45.2575 14
    endloop
  endfacet
  facet normal 0 0 1
    outer loop
      vertex -26.9805 44.6333 14
      vertex -23.8419 45.2575 14
      vertex -23.8931 45.5675 14
    endloop
  endfacet
  facet normal 0 0 1
    outer loop
      vertex -27.0657 45.1498 14
      vertex -23.8931 45.5675 14
      vertex -23.9239 45.88 14
    endloop
  endfacet
  facet normal 0 0 1
    outer loop
      vertex -22.0562 42.3859 14
      vertex -24.0043 39.8471 14
      vertex -23.5787 39.5422 14
    endloop
  endfacet
  facet normal 0 0 1
    outer loop
      vertex -27.117 45.6708 14
      vertex -23.9239 45.88 14
      vertex -23.9342 46.194 14
    endloop
  endfacet
  facet normal 0 0 1
    outer loop
      vertex -23.4392 48.317 14
      vertex -26.3092 49.7323 14
      vertex -23.5688 48.0309 14
    endloop
  endfacet
  facet normal -0 0 1
    outer loop
      vertex -26.5252 49.2554 14
      vertex -23.5688 48.0309 14
      vertex -26.3092 49.7323 14
    endloop
  endfacet
  facet normal 0 0 1
    outer loop
      vertex -22.299 42.5851 14
      vertex -24.4089 40.1793 14
      vertex -24.0043 39.8471 14
    endloop
  endfacet
  facet normal 0 0 1
    outer loop
      vertex -23.5688 48.0309 14
      vertex -26.5252 49.2554 14
      vertex -23.6794 47.7369 14
    endloop
  endfacet
  facet normal 0 0 1
    outer loop
      vertex -22.5283 42.7999 14
      vertex -24.791 40.5371 14
      vertex -24.4089 40.1793 14
    endloop
  endfacet
  facet normal -0 0 1
    outer loop
      vertex -26.7096 48.7655 14
      vertex -23.6794 47.7369 14
      vertex -26.5252 49.2554 14
    endloop
  endfacet
  facet normal 0 0 1
    outer loop
      vertex -22.743 43.0291 14
      vertex -25.1489 40.9192 14
      vertex -24.791 40.5371 14
    endloop
  endfacet
  facet normal 0 0 1
    outer loop
      vertex -23.6794 47.7369 14
      vertex -26.7096 48.7655 14
      vertex -23.7706 47.4363 14
    endloop
  endfacet
  facet normal 0 0 1
    outer loop
      vertex -22.9423 43.2719 14
      vertex -25.481 41.3239 14
      vertex -25.1489 40.9192 14
    endloop
  endfacet
  facet normal -0 0 1
    outer loop
      vertex -26.8616 48.2645 14
      vertex -23.7706 47.4363 14
      vertex -26.7096 48.7655 14
    endloop
  endfacet
  facet normal 0 0 1
    outer loop
      vertex -23.1252 43.5272 14
      vertex -25.7859 41.7494 14
      vertex -25.481 41.3239 14
    endloop
  endfacet
  facet normal 0 0 1
    outer loop
      vertex -23.7706 47.4363 14
      vertex -26.8616 48.2645 14
      vertex -23.8419 47.1304 14
    endloop
  endfacet
  facet normal 0 0 1
    outer loop
      vertex -23.2911 43.794 14
      vertex -26.0624 42.194 14
      vertex -25.7859 41.7494 14
    endloop
  endfacet
  facet normal -0 0 1
    outer loop
      vertex -26.9805 47.7547 14
      vertex -23.8419 47.1304 14
      vertex -26.8616 48.2645 14
    endloop
  endfacet
  facet normal 0 0 1
    outer loop
      vertex -23.4392 44.071 14
      vertex -26.3092 42.6557 14
      vertex -26.0624 42.194 14
    endloop
  endfacet
  facet normal 0 0 1
    outer loop
      vertex -23.8419 47.1304 14
      vertex -26.9805 47.7547 14
      vertex -23.8931 46.8205 14
    endloop
  endfacet
  facet normal 0 0 1
    outer loop
      vertex -23.5688 44.3571 14
      vertex -26.5252 43.1325 14
      vertex -26.3092 42.6557 14
    endloop
  endfacet
  facet normal -0 0 1
    outer loop
      vertex -27.0657 47.2382 14
      vertex -23.8931 46.8205 14
      vertex -26.9805 47.7547 14
    endloop
  endfacet
  facet normal 0 0 1
    outer loop
      vertex -23.6794 44.6511 14
      vertex -26.7096 43.6225 14
      vertex -26.5252 43.1325 14
    endloop
  endfacet
  facet normal 0 0 1
    outer loop
      vertex -23.8931 46.8205 14
      vertex -27.0657 47.2382 14
      vertex -23.9239 46.5079 14
    endloop
  endfacet
  facet normal 0 0 1
    outer loop
      vertex -23.7706 44.9516 14
      vertex -26.8616 44.1234 14
      vertex -26.7096 43.6225 14
    endloop
  endfacet
  facet normal -0 0 1
    outer loop
      vertex -27.117 46.7172 14
      vertex -23.9239 46.5079 14
      vertex -27.0657 47.2382 14
    endloop
  endfacet
  facet normal 0 0 1
    outer loop
      vertex -23.8419 45.2575 14
      vertex -26.9805 44.6333 14
      vertex -26.8616 44.1234 14
    endloop
  endfacet
  facet normal 0 0 1
    outer loop
      vertex -23.9239 46.5079 14
      vertex -27.117 46.7172 14
      vertex -23.9342 46.194 14
    endloop
  endfacet
  facet normal 0 0 1
    outer loop
      vertex -23.8931 45.5675 14
      vertex -27.0657 45.1498 14
      vertex -26.9805 44.6333 14
    endloop
  endfacet
  facet normal 0 0 1
    outer loop
      vertex -27.1342 46.194 14
      vertex -23.9342 46.194 14
      vertex -27.117 46.7172 14
    endloop
  endfacet
  facet normal 0 0 1
    outer loop
      vertex -23.9239 45.88 14
      vertex -27.117 45.6708 14
      vertex -27.0657 45.1498 14
    endloop
  endfacet
  facet normal 0 0 1
    outer loop
      vertex -23.9342 46.194 14
      vertex -27.1342 46.194 14
      vertex -27.117 45.6708 14
    endloop
  endfacet
  facet normal -0.634568 -0.772867 0
    outer loop
      vertex -24.4089 40.1793 6
      vertex -24.0043 39.8471 14
      vertex -24.4089 40.1793 14
    endloop
  endfacet
  facet normal -0.634568 -0.772867 -0
    outer loop
      vertex -24.0043 39.8471 14
      vertex -24.4089 40.1793 6
      vertex -24.0043 39.8471 6
    endloop
  endfacet
  facet normal 0.93592 -0.352212 0
    outer loop
      vertex -11.7431 43.1325 14
      vertex -11.5587 43.6225 6
      vertex -11.5587 43.6225 14
    endloop
  endfacet
  facet normal 0.93592 -0.352212 0
    outer loop
      vertex -11.5587 43.6225 6
      vertex -11.7431 43.1325 14
      vertex -11.7431 43.1325 6
    endloop
  endfacet
  facet normal 0.995187 0.0979906 0
    outer loop
      vertex -11.1513 46.7172 14
      vertex -11.2026 47.2382 6
      vertex -11.2026 47.2382 14
    endloop
  endfacet
  facet normal 0.995187 0.0979906 0
    outer loop
      vertex -11.2026 47.2382 6
      vertex -11.1513 46.7172 14
      vertex -11.1513 46.7172 6
    endloop
  endfacet
  facet normal -0.849123 0.528195 0
    outer loop
      vertex -26.0624 50.194 0
      vertex -25.7859 50.6385 14
      vertex -25.7859 50.6385 0
    endloop
  endfacet
  facet normal -0.849123 0.528195 0
    outer loop
      vertex -25.7859 50.6385 14
      vertex -26.0624 50.194 0
      vertex -26.0624 50.194 14
    endloop
  endfacet
  facet normal 0.290379 0.956912 -0
    outer loop
      vertex -16.5627 53.7694 0
      vertex -17.0636 53.9214 14
      vertex -16.5627 53.7694 14
    endloop
  endfacet
  facet normal 0.290379 0.956912 0
    outer loop
      vertex -17.0636 53.9214 14
      vertex -16.5627 53.7694 0
      vertex -17.0636 53.9214 0
    endloop
  endfacet
  facet normal -0.910889 -0.412651 0
    outer loop
      vertex -26.3092 42.6557 6
      vertex -26.5252 43.1325 14
      vertex -26.5252 43.1325 6
    endloop
  endfacet
  facet normal -0.910889 -0.412651 0
    outer loop
      vertex -26.5252 43.1325 14
      vertex -26.3092 42.6557 6
      vertex -26.3092 42.6557 14
    endloop
  endfacet
  facet normal 0.81292 0.582376 0
    outer loop
      vertex -12.4824 50.6385 14
      vertex -12.7873 51.0641 6
      vertex -12.7873 51.0641 14
    endloop
  endfacet
  facet normal 0.81292 0.582376 0
    outer loop
      vertex -12.7873 51.0641 6
      vertex -12.4824 50.6385 14
      vertex -12.4824 50.6385 6
    endloop
  endfacet
  facet normal 0.812855 -0.582466 0
    outer loop
      vertex -12.7873 41.3239 14
      vertex -12.4824 41.7494 6
      vertex -12.4824 41.7494 14
    endloop
  endfacet
  facet normal 0.812855 -0.582466 0
    outer loop
      vertex -12.4824 41.7494 6
      vertex -12.7873 41.3239 14
      vertex -12.7873 41.3239 6
    endloop
  endfacet
  facet normal 0.471421 -0.881908 0
    outer loop
      vertex -15.5959 39.019 6
      vertex -15.1342 39.2658 14
      vertex -15.5959 39.019 14
    endloop
  endfacet
  facet normal 0.471421 -0.881908 0
    outer loop
      vertex -15.1342 39.2658 14
      vertex -15.5959 39.019 6
      vertex -15.1342 39.2658 6
    endloop
  endfacet
  facet normal -0.290325 0.956928 0
    outer loop
      vertex -21.2047 53.9214 0
      vertex -21.7057 53.7694 14
      vertex -21.2047 53.9214 14
    endloop
  endfacet
  facet normal -0.290325 0.956928 0
    outer loop
      vertex -21.7057 53.7694 14
      vertex -21.2047 53.9214 0
      vertex -21.7057 53.7694 0
    endloop
  endfacet
  facet normal 0.0980092 -0.995186 0
    outer loop
      vertex -18.6109 38.2111 6
      vertex -18.09 38.2624 14
      vertex -18.6109 38.2111 14
    endloop
  endfacet
  facet normal 0.0980092 -0.995186 0
    outer loop
      vertex -18.09 38.2624 14
      vertex -18.6109 38.2111 6
      vertex -18.09 38.2624 6
    endloop
  endfacet
  facet normal 0.973874 -0.227091 0
    outer loop
      vertex -11.4068 44.1234 14
      vertex -11.2879 44.6333 6
      vertex -11.2879 44.6333 14
    endloop
  endfacet
  facet normal 0.973874 -0.227091 0
    outer loop
      vertex -11.2879 44.6333 6
      vertex -11.4068 44.1234 14
      vertex -11.4068 44.1234 6
    endloop
  endfacet
  facet normal 0.527971 -0.849262 0
    outer loop
      vertex -15.1342 39.2658 6
      vertex -14.6896 39.5422 14
      vertex -15.1342 39.2658 14
    endloop
  endfacet
  facet normal 0.527971 -0.849262 0
    outer loop
      vertex -14.6896 39.5422 14
      vertex -15.1342 39.2658 6
      vertex -14.6896 39.5422 6
    endloop
  endfacet
  facet normal 0.227133 0.973864 -0
    outer loop
      vertex -17.0636 53.9214 0
      vertex -17.5734 54.0403 14
      vertex -17.0636 53.9214 14
    endloop
  endfacet
  facet normal 0.227133 0.973864 0
    outer loop
      vertex -17.5734 54.0403 14
      vertex -17.0636 53.9214 0
      vertex -17.5734 54.0403 0
    endloop
  endfacet
  facet normal -0.935897 0.352275 0
    outer loop
      vertex -26.7096 48.7655 0
      vertex -26.5252 49.2554 14
      vertex -26.5252 49.2554 0
    endloop
  endfacet
  facet normal -0.935897 0.352275 0
    outer loop
      vertex -26.5252 49.2554 14
      vertex -26.7096 48.7655 0
      vertex -26.7096 48.7655 14
    endloop
  endfacet
  facet normal -0.881908 0.471421 0
    outer loop
      vertex -26.3092 49.7323 0
      vertex -26.0624 50.194 14
      vertex -26.0624 50.194 0
    endloop
  endfacet
  facet normal -0.881908 0.471421 0
    outer loop
      vertex -26.0624 50.194 14
      vertex -26.3092 49.7323 0
      vertex -26.3092 49.7323 14
    endloop
  endfacet
  facet normal -0.973902 0.226971 0
    outer loop
      vertex -26.9393 47.9311 6
      vertex -26.8616 48.2645 0
      vertex -26.9393 47.9311 0
    endloop
  endfacet
  facet normal -0.973902 0.226971 0
    outer loop
      vertex -26.8616 48.2645 0
      vertex -26.9393 47.9311 6
      vertex -26.8616 48.2645 14
    endloop
  endfacet
  facet normal -0.973792 0.227439 0
    outer loop
      vertex -26.9805 47.7547 14
      vertex -26.9393 47.9311 6
      vertex -26.9805 47.7547 6
    endloop
  endfacet
  facet normal -0.973864 0.227133 -7.11581e-06
    outer loop
      vertex -26.9393 47.9311 6
      vertex -26.9805 47.7547 14
      vertex -26.8616 48.2645 14
    endloop
  endfacet
  facet normal -0.973874 -0.227091 0
    outer loop
      vertex -26.8616 44.1234 6
      vertex -26.9805 44.6333 14
      vertex -26.9805 44.6333 6
    endloop
  endfacet
  facet normal -0.973874 -0.227091 0
    outer loop
      vertex -26.9805 44.6333 14
      vertex -26.8616 44.1234 6
      vertex -26.8616 44.1234 14
    endloop
  endfacet
  facet normal -0.99946 0.0328569 0
    outer loop
      vertex -27.1342 46.194 6
      vertex -27.117 46.7172 14
      vertex -27.117 46.7172 6
    endloop
  endfacet
  facet normal -0.99946 0.0328569 0
    outer loop
      vertex -27.117 46.7172 14
      vertex -27.1342 46.194 6
      vertex -27.1342 46.194 14
    endloop
  endfacet
  facet normal 0.683617 0.729841 -0
    outer loop
      vertex -13.4773 51.8508 6
      vertex -13.8594 52.2087 14
      vertex -13.4773 51.8508 14
    endloop
  endfacet
  facet normal 0.683617 0.729841 0
    outer loop
      vertex -13.8594 52.2087 14
      vertex -13.4773 51.8508 6
      vertex -13.8594 52.2087 6
    endloop
  endfacet
  facet normal -0.582376 -0.81292 0
    outer loop
      vertex -24.0043 39.8471 6
      vertex -23.5787 39.5422 14
      vertex -24.0043 39.8471 14
    endloop
  endfacet
  facet normal -0.582376 -0.81292 -0
    outer loop
      vertex -23.5787 39.5422 14
      vertex -24.0043 39.8471 6
      vertex -23.5787 39.5422 6
    endloop
  endfacet
  facet normal 0.999466 0.032666 0
    outer loop
      vertex -11.1342 46.194 14
      vertex -11.1513 46.7172 6
      vertex -11.1513 46.7172 14
    endloop
  endfacet
  facet normal 0.999466 0.032666 0
    outer loop
      vertex -11.1513 46.7172 6
      vertex -11.1342 46.194 14
      vertex -11.1342 46.194 6
    endloop
  endfacet
  facet normal 0.634361 0.773037 -0
    outer loop
      vertex -13.8594 52.2087 6
      vertex -14.2641 52.5408 14
      vertex -13.8594 52.2087 14
    endloop
  endfacet
  facet normal 0.634361 0.773037 0
    outer loop
      vertex -14.2641 52.5408 14
      vertex -13.8594 52.2087 6
      vertex -14.2641 52.5408 6
    endloop
  endfacet
  facet normal 0.471421 0.881908 -0
    outer loop
      vertex -15.1342 53.1222 0
      vertex -15.5959 53.369 14
      vertex -15.1342 53.1222 14
    endloop
  endfacet
  facet normal 0.471421 0.881908 0
    outer loop
      vertex -15.5959 53.369 14
      vertex -15.1342 53.1222 0
      vertex -15.5959 53.369 0
    endloop
  endfacet
  facet normal -0.352275 0.935897 0
    outer loop
      vertex -21.7057 53.7694 0
      vertex -22.1956 53.585 14
      vertex -21.7057 53.7694 14
    endloop
  endfacet
  facet normal -0.352275 0.935897 0
    outer loop
      vertex -22.1956 53.585 14
      vertex -21.7057 53.7694 0
      vertex -22.1956 53.585 0
    endloop
  endfacet
  facet normal -0.93592 -0.352212 0
    outer loop
      vertex -26.5252 43.1325 6
      vertex -26.7096 43.6225 14
      vertex -26.7096 43.6225 6
    endloop
  endfacet
  facet normal -0.93592 -0.352212 0
    outer loop
      vertex -26.7096 43.6225 14
      vertex -26.5252 43.1325 6
      vertex -26.5252 43.1325 14
    endloop
  endfacet
  facet normal -0.412579 0.910922 0
    outer loop
      vertex -22.1956 53.585 0
      vertex -22.6725 53.369 14
      vertex -22.1956 53.585 14
    endloop
  endfacet
  facet normal -0.412579 0.910922 0
    outer loop
      vertex -22.6725 53.369 14
      vertex -22.1956 53.585 0
      vertex -22.6725 53.369 0
    endloop
  endfacet
  facet normal -0.528057 -0.849209 0
    outer loop
      vertex -23.5787 39.5422 6
      vertex -23.1342 39.2658 14
      vertex -23.5787 39.5422 14
    endloop
  endfacet
  facet normal -0.528057 -0.849209 -0
    outer loop
      vertex -23.1342 39.2658 14
      vertex -23.5787 39.5422 6
      vertex -23.1342 39.2658 6
    endloop
  endfacet
  facet normal -0.910922 0.412579 0
    outer loop
      vertex -26.5252 49.2554 0
      vertex -26.3092 49.7323 14
      vertex -26.3092 49.7323 0
    endloop
  endfacet
  facet normal -0.910922 0.412579 0
    outer loop
      vertex -26.3092 49.7323 14
      vertex -26.5252 49.2554 0
      vertex -26.5252 49.2554 14
    endloop
  endfacet
  facet normal -0.582376 0.81292 0
    outer loop
      vertex -23.5787 52.8457 0
      vertex -24.0043 52.5408 14
      vertex -23.5787 52.8457 14
    endloop
  endfacet
  facet normal -0.582376 0.81292 0
    outer loop
      vertex -24.0043 52.5408 14
      vertex -23.5787 52.8457 0
      vertex -24.0043 52.5408 0
    endloop
  endfacet
  facet normal 0.973864 0.227133 0
    outer loop
      vertex -11.2879 47.7547 14
      vertex -11.4068 48.2645 6
      vertex -11.4068 48.2645 14
    endloop
  endfacet
  facet normal 0.973864 0.227133 0
    outer loop
      vertex -11.4068 48.2645 6
      vertex -11.2879 47.7547 14
      vertex -11.2879 47.7547 6
    endloop
  endfacet
  facet normal 0.412651 0.910889 -0
    outer loop
      vertex -15.5959 53.369 0
      vertex -16.0727 53.585 14
      vertex -15.5959 53.369 14
    endloop
  endfacet
  facet normal 0.412651 0.910889 0
    outer loop
      vertex -16.0727 53.585 14
      vertex -15.5959 53.369 0
      vertex -16.0727 53.585 0
    endloop
  endfacet
  facet normal -0.881908 -0.471421 0
    outer loop
      vertex -26.0624 42.194 6
      vertex -26.3092 42.6557 14
      vertex -26.3092 42.6557 6
    endloop
  endfacet
  facet normal -0.881908 -0.471421 0
    outer loop
      vertex -26.3092 42.6557 14
      vertex -26.0624 42.194 6
      vertex -26.0624 42.194 14
    endloop
  endfacet
  facet normal 0 0 -1
    outer loop
      vertex -53.1259 14.235 0
      vertex -39.5256 7.86214 0
      vertex -48.5 4.3 0
    endloop
  endfacet
  facet normal 0 0 -1
    outer loop
      vertex -39.5256 7.86214 0
      vertex -49.328 24.3259 0
      vertex -47.6314 27.5 0
    endloop
  endfacet
  facet normal 0 0 -1
    outer loop
      vertex -39.5256 7.86214 0
      vertex -50.8134 21.0476 0
      vertex -49.328 24.3259 0
    endloop
  endfacet
  facet normal 0 0 -1
    outer loop
      vertex -53.9432 10.73 0
      vertex -48.5 4.3 0
      vertex -51.5 4.3 0
    endloop
  endfacet
  facet normal 0 0 -1
    outer loop
      vertex -39.5256 7.86214 0
      vertex -52.0812 17.6792 0
      vertex -50.8134 21.0476 0
    endloop
  endfacet
  facet normal -0 0 -1
    outer loop
      vertex -48.5 -4.3 0
      vertex -53.9432 -10.73 0
      vertex -51.5 -4.3 0
    endloop
  endfacet
  facet normal 0 0 -1
    outer loop
      vertex -54.5295 -7.17894 0
      vertex -51.5 -4.3 0
      vertex -53.9432 -10.73 0
    endloop
  endfacet
  facet normal 0 0 -1
    outer loop
      vertex -39.5256 7.86214 0
      vertex -53.1259 14.235 0
      vertex -52.0812 17.6792 0
    endloop
  endfacet
  facet normal 0 0 -1
    outer loop
      vertex -54.8822 -3.59717 0
      vertex -51.5 -4.3 0
      vertex -54.5295 -7.17894 0
    endloop
  endfacet
  facet normal 0 0 -1
    outer loop
      vertex -48.5 4.3 0
      vertex -53.9432 10.73 0
      vertex -53.1259 14.235 0
    endloop
  endfacet
  facet normal 0 0 -1
    outer loop
      vertex -55 0 0
      vertex -51.5 -4.3 0
      vertex -54.8822 -3.59717 0
    endloop
  endfacet
  facet normal 0 0 -1
    outer loop
      vertex -51.5 4.3 0
      vertex -54.5295 7.17894 0
      vertex -53.9432 10.73 0
    endloop
  endfacet
  facet normal 0 0 -1
    outer loop
      vertex -51.5 -4.3 0
      vertex -55 0 0
      vertex -51.5 4.3 0
    endloop
  endfacet
  facet normal -0 0 -1
    outer loop
      vertex -51.5 4.3 0
      vertex -54.8822 3.59717 0
      vertex -54.5295 7.17894 0
    endloop
  endfacet
  facet normal 0 0 -1
    outer loop
      vertex -51.5 4.3 0
      vertex -55 0 0
      vertex -54.8822 3.59717 0
    endloop
  endfacet
  facet normal 0 0 -1
    outer loop
      vertex -14.4264 47.1304 0
      vertex -4.3 48.5 0
      vertex -14.3752 46.8205 0
    endloop
  endfacet
  facet normal 0 0 -1
    outer loop
      vertex -14.4977 47.4363 0
      vertex -4.3 48.5 0
      vertex -14.4264 47.1304 0
    endloop
  endfacet
  facet normal -0 0 -1
    outer loop
      vertex -4.3 48.5 0
      vertex -14.4977 47.4363 0
      vertex -10.73 53.9432 0
    endloop
  endfacet
  facet normal 0 0 -1
    outer loop
      vertex -14.5889 47.7369 0
      vertex -10.73 53.9432 0
      vertex -14.4977 47.4363 0
    endloop
  endfacet
  facet normal 0 0 -1
    outer loop
      vertex -14.6995 48.0309 0
      vertex -10.73 53.9432 0
      vertex -14.5889 47.7369 0
    endloop
  endfacet
  facet normal 0 0 -1
    outer loop
      vertex -14.8292 48.317 0
      vertex -10.73 53.9432 0
      vertex -14.6995 48.0309 0
    endloop
  endfacet
  facet normal 0 0 -1
    outer loop
      vertex -14.9772 48.594 0
      vertex -10.73 53.9432 0
      vertex -14.8292 48.317 0
    endloop
  endfacet
  facet normal 0 0 -1
    outer loop
      vertex -10.73 53.9432 0
      vertex -14.9772 48.594 0
      vertex -14.235 53.1259 0
    endloop
  endfacet
  facet normal 0 0 -1
    outer loop
      vertex -15.1431 48.8607 0
      vertex -14.235 53.1259 0
      vertex -14.9772 48.594 0
    endloop
  endfacet
  facet normal 0 0 -1
    outer loop
      vertex -15.3261 49.116 0
      vertex -14.235 53.1259 0
      vertex -15.1431 48.8607 0
    endloop
  endfacet
  facet normal 0 0 -1
    outer loop
      vertex -15.5253 49.3588 0
      vertex -14.235 53.1259 0
      vertex -15.3261 49.116 0
    endloop
  endfacet
  facet normal 0 0 -1
    outer loop
      vertex -14.235 53.1259 0
      vertex -15.5253 49.3588 0
      vertex -14.8434 52.9414 0
    endloop
  endfacet
  facet normal 0 0 -1
    outer loop
      vertex -15.7401 49.5881 0
      vertex -14.8434 52.9414 0
      vertex -15.5253 49.3588 0
    endloop
  endfacet
  facet normal 0 0 -1
    outer loop
      vertex -15.9693 49.8028 0
      vertex -14.8434 52.9414 0
      vertex -15.7401 49.5881 0
    endloop
  endfacet
  facet normal 0 0 -1
    outer loop
      vertex -16.2121 50.0021 0
      vertex -14.8434 52.9414 0
      vertex -15.9693 49.8028 0
    endloop
  endfacet
  facet normal 0 0 -1
    outer loop
      vertex -16.4674 50.185 0
      vertex -14.8434 52.9414 0
      vertex -16.2121 50.0021 0
    endloop
  endfacet
  facet normal 0 0 -1
    outer loop
      vertex -16.7342 50.3509 0
      vertex -14.8434 52.9414 0
      vertex -16.4674 50.185 0
    endloop
  endfacet
  facet normal -0 0 -1
    outer loop
      vertex -14.8434 52.9414 0
      vertex -16.7342 50.3509 0
      vertex -15.1342 53.1222 0
    endloop
  endfacet
  facet normal -0 0 -1
    outer loop
      vertex -15.1342 53.1222 0
      vertex -16.7342 50.3509 0
      vertex -15.5959 53.369 0
    endloop
  endfacet
  facet normal 0 0 -1
    outer loop
      vertex -17.0112 50.499 0
      vertex -15.5959 53.369 0
      vertex -16.7342 50.3509 0
    endloop
  endfacet
  facet normal -0 0 -1
    outer loop
      vertex -15.5959 53.369 0
      vertex -17.0112 50.499 0
      vertex -16.0727 53.585 0
    endloop
  endfacet
  facet normal 0 0 -1
    outer loop
      vertex -17.2973 50.6286 0
      vertex -16.0727 53.585 0
      vertex -17.0112 50.499 0
    endloop
  endfacet
  facet normal -0 0 -1
    outer loop
      vertex -16.0727 53.585 0
      vertex -17.2973 50.6286 0
      vertex -16.5627 53.7694 0
    endloop
  endfacet
  facet normal 0 0 -1
    outer loop
      vertex -17.5913 50.7392 0
      vertex -16.5627 53.7694 0
      vertex -17.2973 50.6286 0
    endloop
  endfacet
  facet normal -0 0 -1
    outer loop
      vertex -16.5627 53.7694 0
      vertex -17.5913 50.7392 0
      vertex -17.0636 53.9214 0
    endloop
  endfacet
  facet normal 0 0 -1
    outer loop
      vertex -17.8918 50.8304 0
      vertex -17.0636 53.9214 0
      vertex -17.5913 50.7392 0
    endloop
  endfacet
  facet normal -0 0 -1
    outer loop
      vertex -17.0636 53.9214 0
      vertex -17.8918 50.8304 0
      vertex -17.5734 54.0403 0
    endloop
  endfacet
  facet normal 0 0 -1
    outer loop
      vertex -18.1977 50.9017 0
      vertex -17.5734 54.0403 0
      vertex -17.8918 50.8304 0
    endloop
  endfacet
  facet normal -0 0 -1
    outer loop
      vertex -17.5734 54.0403 0
      vertex -18.1977 50.9017 0
      vertex -18.09 54.1255 0
    endloop
  endfacet
  facet normal 0 0 -1
    outer loop
      vertex -18.5076 50.9529 0
      vertex -18.09 54.1255 0
      vertex -18.1977 50.9017 0
    endloop
  endfacet
  facet normal 0 0 -1
    outer loop
      vertex -18.5076 50.9529 0
      vertex -18.6109 54.1768 0
      vertex -18.09 54.1255 0
    endloop
  endfacet
  facet normal 0 0 -1
    outer loop
      vertex -18.8202 50.9837 0
      vertex -18.6109 54.1768 0
      vertex -18.5076 50.9529 0
    endloop
  endfacet
  facet normal 0 0 -1
    outer loop
      vertex -19.1342 50.994 0
      vertex -18.6109 54.1768 0
      vertex -18.8202 50.9837 0
    endloop
  endfacet
  facet normal 0 0 -1
    outer loop
      vertex -19.1342 50.994 0
      vertex -19.1342 54.194 0
      vertex -18.6109 54.1768 0
    endloop
  endfacet
  facet normal 0 0 -1
    outer loop
      vertex -19.4481 50.9837 0
      vertex -19.1342 54.194 0
      vertex -19.1342 50.994 0
    endloop
  endfacet
  facet normal 0 0 -1
    outer loop
      vertex -19.4481 50.9837 0
      vertex -19.6574 54.1768 0
      vertex -19.1342 54.194 0
    endloop
  endfacet
  facet normal 0 0 -1
    outer loop
      vertex -19.7607 50.9529 0
      vertex -19.6574 54.1768 0
      vertex -19.4481 50.9837 0
    endloop
  endfacet
  facet normal 0 0 -1
    outer loop
      vertex -20.1784 54.1255 0
      vertex -19.7607 50.9529 0
      vertex -20.0706 50.9017 0
    endloop
  endfacet
  facet normal 0 0 -1
    outer loop
      vertex -19.7607 50.9529 0
      vertex -20.1784 54.1255 0
      vertex -19.6574 54.1768 0
    endloop
  endfacet
  facet normal 0 0 -1
    outer loop
      vertex -20.6949 54.0403 0
      vertex -20.0706 50.9017 0
      vertex -20.3765 50.8304 0
    endloop
  endfacet
  facet normal 0 0 -1
    outer loop
      vertex -21.2047 53.9214 0
      vertex -20.3765 50.8304 0
      vertex -20.6771 50.7392 0
    endloop
  endfacet
  facet normal 0 0 -1
    outer loop
      vertex -20.0706 50.9017 0
      vertex -20.6949 54.0403 0
      vertex -20.1784 54.1255 0
    endloop
  endfacet
  facet normal 0 0 -1
    outer loop
      vertex -21.7057 53.7694 0
      vertex -20.6771 50.7392 0
      vertex -20.9711 50.6286 0
    endloop
  endfacet
  facet normal 0 0 -1
    outer loop
      vertex -20.3765 50.8304 0
      vertex -21.2047 53.9214 0
      vertex -20.6949 54.0403 0
    endloop
  endfacet
  facet normal 0 0 -1
    outer loop
      vertex -22.1956 53.585 0
      vertex -20.9711 50.6286 0
      vertex -21.2572 50.499 0
    endloop
  endfacet
  facet normal 0 0 -1
    outer loop
      vertex -22.6725 53.369 0
      vertex -21.2572 50.499 0
      vertex -21.5342 50.3509 0
    endloop
  endfacet
  facet normal 0 0 -1
    outer loop
      vertex -20.6771 50.7392 0
      vertex -21.7057 53.7694 0
      vertex -21.2047 53.9214 0
    endloop
  endfacet
  facet normal 0 0 -1
    outer loop
      vertex -23.1342 53.1222 0
      vertex -21.5342 50.3509 0
      vertex -21.8009 50.185 0
    endloop
  endfacet
  facet normal 0 0 -1
    outer loop
      vertex -23.5787 52.8457 0
      vertex -21.8009 50.185 0
      vertex -22.0562 50.0021 0
    endloop
  endfacet
  facet normal 0 0 -1
    outer loop
      vertex -20.9711 50.6286 0
      vertex -22.1956 53.585 0
      vertex -21.7057 53.7694 0
    endloop
  endfacet
  facet normal 0 0 -1
    outer loop
      vertex -24.0043 52.5408 0
      vertex -22.0562 50.0021 0
      vertex -22.299 49.8028 0
    endloop
  endfacet
  facet normal 0 0 -1
    outer loop
      vertex -24.4089 52.2087 0
      vertex -22.299 49.8028 0
      vertex -22.5283 49.5881 0
    endloop
  endfacet
  facet normal 0 0 -1
    outer loop
      vertex -21.2572 50.499 0
      vertex -22.6725 53.369 0
      vertex -22.1956 53.585 0
    endloop
  endfacet
  facet normal 0 0 -1
    outer loop
      vertex -24.791 51.8508 0
      vertex -22.5283 49.5881 0
      vertex -22.743 49.3588 0
    endloop
  endfacet
  facet normal 0 0 -1
    outer loop
      vertex -25.1489 51.4687 0
      vertex -22.743 49.3588 0
      vertex -22.9423 49.116 0
    endloop
  endfacet
  facet normal 0 0 -1
    outer loop
      vertex -25.481 51.0641 0
      vertex -22.9423 49.116 0
      vertex -23.1252 48.8607 0
    endloop
  endfacet
  facet normal 0 0 -1
    outer loop
      vertex -21.5342 50.3509 0
      vertex -23.1342 53.1222 0
      vertex -22.6725 53.369 0
    endloop
  endfacet
  facet normal 0 0 -1
    outer loop
      vertex -25.7859 50.6385 0
      vertex -23.1252 48.8607 0
      vertex -23.2911 48.594 0
    endloop
  endfacet
  facet normal 0 0 -1
    outer loop
      vertex -26.0624 50.194 0
      vertex -23.2911 48.594 0
      vertex -23.4392 48.317 0
    endloop
  endfacet
  facet normal 0 0 -1
    outer loop
      vertex -26.3092 49.7323 0
      vertex -23.4392 48.317 0
      vertex -23.5688 48.0309 0
    endloop
  endfacet
  facet normal 0 0 -1
    outer loop
      vertex -21.8009 50.185 0
      vertex -23.5787 52.8457 0
      vertex -23.1342 53.1222 0
    endloop
  endfacet
  facet normal 0 0 -1
    outer loop
      vertex -26.5252 49.2554 0
      vertex -23.5688 48.0309 0
      vertex -23.6794 47.7369 0
    endloop
  endfacet
  facet normal 0 0 -1
    outer loop
      vertex -26.7096 48.7655 0
      vertex -23.6794 47.7369 0
      vertex -23.7706 47.4363 0
    endloop
  endfacet
  facet normal 0 0 -1
    outer loop
      vertex -26.9393 47.9311 0
      vertex -23.7706 47.4363 0
      vertex -23.8419 47.1304 0
    endloop
  endfacet
  facet normal 0 0 -1
    outer loop
      vertex -26.9393 47.9311 0
      vertex -23.8419 47.1304 0
      vertex -23.8931 46.8205 0
    endloop
  endfacet
  facet normal 0 0 -1
    outer loop
      vertex -26.9393 47.9311 0
      vertex -23.8931 46.8205 0
      vertex -23.9239 46.5079 0
    endloop
  endfacet
  facet normal 0 0 -1
    outer loop
      vertex -22.0562 50.0021 0
      vertex -24.0043 52.5408 0
      vertex -23.5787 52.8457 0
    endloop
  endfacet
  facet normal 0 0 -1
    outer loop
      vertex -26.9393 47.9311 0
      vertex -23.9239 46.5079 0
      vertex -23.9342 46.194 0
    endloop
  endfacet
  facet normal 0 0 -1
    outer loop
      vertex -25.7303 -38.7312 0
      vertex -20.15 -34.9008 0
      vertex -25.6791 -39.0411 0
    endloop
  endfacet
  facet normal 0 0 -1
    outer loop
      vertex -25.8016 -38.4253 0
      vertex -20.15 -34.9008 0
      vertex -25.7303 -38.7312 0
    endloop
  endfacet
  facet normal 0 0 -1
    outer loop
      vertex -25.8928 -38.1248 0
      vertex -20.15 -34.9008 0
      vertex -25.8016 -38.4253 0
    endloop
  endfacet
  facet normal 0 0 -1
    outer loop
      vertex -26.0034 -37.8308 0
      vertex -20.15 -34.9008 0
      vertex -25.8928 -38.1248 0
    endloop
  endfacet
  facet normal -0 0 -1
    outer loop
      vertex -20.15 -34.9008 0
      vertex -26.0034 -37.8308 0
      vertex -22.3895 -33.5082 0
    endloop
  endfacet
  facet normal 0 0 -1
    outer loop
      vertex -26.1331 -37.5447 0
      vertex -22.3895 -33.5082 0
      vertex -26.0034 -37.8308 0
    endloop
  endfacet
  facet normal 0 0 -1
    outer loop
      vertex -26.2811 -37.2677 0
      vertex -22.3895 -33.5082 0
      vertex -26.1331 -37.5447 0
    endloop
  endfacet
  facet normal 0 0 -1
    outer loop
      vertex -26.447 -37.0009 0
      vertex -22.3895 -33.5082 0
      vertex -26.2811 -37.2677 0
    endloop
  endfacet
  facet normal 0 0 -1
    outer loop
      vertex -26.63 -36.7456 0
      vertex -22.3895 -33.5082 0
      vertex -26.447 -37.0009 0
    endloop
  endfacet
  facet normal 0 0 -1
    outer loop
      vertex -26.8292 -36.5028 0
      vertex -22.3895 -33.5082 0
      vertex -26.63 -36.7456 0
    endloop
  endfacet
  facet normal -0 0 -1
    outer loop
      vertex -22.3895 -33.5082 0
      vertex -26.8292 -36.5028 0
      vertex -24.5331 -31.9721 0
    endloop
  endfacet
  facet normal 0 0 -1
    outer loop
      vertex -27.044 -36.2736 0
      vertex -24.5331 -31.9721 0
      vertex -26.8292 -36.5028 0
    endloop
  endfacet
  facet normal 0 0 -1
    outer loop
      vertex -27.2732 -36.0588 0
      vertex -24.5331 -31.9721 0
      vertex -27.044 -36.2736 0
    endloop
  endfacet
  facet normal 0 0 -1
    outer loop
      vertex -27.516 -35.8596 0
      vertex -24.5331 -31.9721 0
      vertex -27.2732 -36.0588 0
    endloop
  endfacet
  facet normal 0 0 -1
    outer loop
      vertex -27.7713 -35.6766 0
      vertex -24.5331 -31.9721 0
      vertex -27.516 -35.8596 0
    endloop
  endfacet
  facet normal 0 0 -1
    outer loop
      vertex -28.0381 -35.5107 0
      vertex -24.5331 -31.9721 0
      vertex -27.7713 -35.6766 0
    endloop
  endfacet
  facet normal 0 0 -1
    outer loop
      vertex -28.3151 -35.3627 0
      vertex -24.5331 -31.9721 0
      vertex -28.0381 -35.5107 0
    endloop
  endfacet
  facet normal -0 0 -1
    outer loop
      vertex -24.5331 -31.9721 0
      vertex -28.3151 -35.3627 0
      vertex -26.5716 -30.2991 0
    endloop
  endfacet
  facet normal 0 0 -1
    outer loop
      vertex -28.6012 -35.233 0
      vertex -26.5716 -30.2991 0
      vertex -28.3151 -35.3627 0
    endloop
  endfacet
  facet normal 0 0 -1
    outer loop
      vertex -28.8952 -35.1224 0
      vertex -26.5716 -30.2991 0
      vertex -28.6012 -35.233 0
    endloop
  endfacet
  facet normal 0 0 -1
    outer loop
      vertex -29.1957 -35.0312 0
      vertex -26.5716 -30.2991 0
      vertex -28.8952 -35.1224 0
    endloop
  endfacet
  facet normal 0 0 -1
    outer loop
      vertex -29.5016 -34.9599 0
      vertex -26.5716 -30.2991 0
      vertex -29.1957 -35.0312 0
    endloop
  endfacet
  facet normal 0 0 -1
    outer loop
      vertex -29.8115 -34.9087 0
      vertex -26.5716 -30.2991 0
      vertex -29.5016 -34.9599 0
    endloop
  endfacet
  facet normal -0 0 -1
    outer loop
      vertex -26.5716 -30.2991 0
      vertex -29.8115 -34.9087 0
      vertex -28.4964 -28.4964 0
    endloop
  endfacet
  facet normal 0 0 -1
    outer loop
      vertex -30.1241 -34.8779 0
      vertex -28.4964 -28.4964 0
      vertex -29.8115 -34.9087 0
    endloop
  endfacet
  facet normal 0 0 -1
    outer loop
      vertex -30.4381 -34.8677 0
      vertex -28.4964 -28.4964 0
      vertex -30.1241 -34.8779 0
    endloop
  endfacet
  facet normal 0 0 -1
    outer loop
      vertex -30.752 -34.8779 0
      vertex -28.4964 -28.4964 0
      vertex -30.4381 -34.8677 0
    endloop
  endfacet
  facet normal 0 0 -1
    outer loop
      vertex -31.0646 -34.9087 0
      vertex -28.4964 -28.4964 0
      vertex -30.752 -34.8779 0
    endloop
  endfacet
  facet normal 0 0 -1
    outer loop
      vertex -31.3745 -34.9599 0
      vertex -28.4964 -28.4964 0
      vertex -31.0646 -34.9087 0
    endloop
  endfacet
  facet normal -0 0 -1
    outer loop
      vertex -28.4964 -28.4964 0
      vertex -31.3745 -34.9599 0
      vertex -30.2991 -26.5716 0
    endloop
  endfacet
  facet normal 0 0 -1
    outer loop
      vertex -31.6804 -35.0312 0
      vertex -30.2991 -26.5716 0
      vertex -31.3745 -34.9599 0
    endloop
  endfacet
  facet normal 0 0 -1
    outer loop
      vertex -37.3352 -31.2541 0
      vertex -30.2991 -26.5716 0
      vertex -31.6804 -35.0312 0
    endloop
  endfacet
  facet normal 0 0 -1
    outer loop
      vertex -37.3352 -31.2541 0
      vertex -31.6804 -35.0312 0
      vertex -31.981 -35.1224 0
    endloop
  endfacet
  facet normal 0 0 -1
    outer loop
      vertex -37.3352 -31.2541 0
      vertex -31.981 -35.1224 0
      vertex -32.275 -35.233 0
    endloop
  endfacet
  facet normal 0 0 -1
    outer loop
      vertex -37.3352 -31.2541 0
      vertex -32.275 -35.233 0
      vertex -32.5611 -35.3627 0
    endloop
  endfacet
  facet normal 0 0 -1
    outer loop
      vertex -37.3352 -31.2541 0
      vertex -32.5611 -35.3627 0
      vertex -32.8381 -35.5107 0
    endloop
  endfacet
  facet normal 0 0 -1
    outer loop
      vertex -37.3352 -31.2541 0
      vertex -32.8381 -35.5107 0
      vertex -32.9864 -35.603 0
    endloop
  endfacet
  facet normal -0 0 -1
    outer loop
      vertex -30.2991 -26.5716 0
      vertex -37.3352 -31.2541 0
      vertex -31.9721 -24.5331 0
    endloop
  endfacet
  facet normal -0 0 -1
    outer loop
      vertex -31.9721 -24.5331 0
      vertex -37.3352 -31.2541 0
      vertex -33.5082 -22.3895 0
    endloop
  endfacet
  facet normal -0 0 -1
    outer loop
      vertex -33.5082 -22.3895 0
      vertex -37.3352 -31.2541 0
      vertex -34.9008 -20.15 0
    endloop
  endfacet
  facet normal 0 0 -1
    outer loop
      vertex -47.6314 -27.5 0
      vertex -34.9008 -20.15 0
      vertex -37.3352 -31.2541 0
    endloop
  endfacet
  facet normal -0 0 -1
    outer loop
      vertex -34.9008 -20.15 0
      vertex -47.6314 -27.5 0
      vertex -36.144 -17.8242 0
    endloop
  endfacet
  facet normal 0 0 -1
    outer loop
      vertex -49.328 -24.3259 0
      vertex -36.144 -17.8242 0
      vertex -47.6314 -27.5 0
    endloop
  endfacet
  facet normal -0 0 -1
    outer loop
      vertex -36.144 -17.8242 0
      vertex -49.328 -24.3259 0
      vertex -37.2323 -15.4221 0
    endloop
  endfacet
  facet normal 0 0 -1
    outer loop
      vertex -45.7308 -30.5564 0
      vertex -37.3352 -31.2541 0
      vertex -39.4566 -33.3754 0
    endloop
  endfacet
  facet normal 0 0 -1
    outer loop
      vertex -50.8134 -21.0476 0
      vertex -37.2323 -15.4221 0
      vertex -49.328 -24.3259 0
    endloop
  endfacet
  facet normal 0 0 -1
    outer loop
      vertex -33.3754 39.4566 0
      vertex -30.5564 45.7308 0
      vertex -31.2541 37.3352 0
    endloop
  endfacet
  facet normal 0 0 -1
    outer loop
      vertex -33.3754 39.4566 0
      vertex -33.4819 43.6344 0
      vertex -30.5564 45.7308 0
    endloop
  endfacet
  facet normal 0 0 -1
    outer loop
      vertex -33.3754 39.4566 0
      vertex -36.264 41.3512 0
      vertex -33.4819 43.6344 0
    endloop
  endfacet
  facet normal -0 0 -1
    outer loop
      vertex -33.3754 39.4566 0
      vertex -38.8909 38.8909 0
      vertex -36.264 41.3512 0
    endloop
  endfacet
  facet normal 0 0 -1
    outer loop
      vertex -39.4566 33.3754 0
      vertex -38.8909 38.8909 0
      vertex -33.3754 39.4566 0
    endloop
  endfacet
  facet normal 0 0 -1
    outer loop
      vertex -40.2137 2.63575 0
      vertex -48.5 4.3 0
      vertex -39.9552 5.26021 0
    endloop
  endfacet
  facet normal 0 0 -1
    outer loop
      vertex -40.3 0 0
      vertex -48.5 4.3 0
      vertex -40.2137 2.63575 0
    endloop
  endfacet
  facet normal 0 0 -1
    outer loop
      vertex -48.5 4.3 0
      vertex -40.3 0 0
      vertex -48.5 -4.3 0
    endloop
  endfacet
  facet normal 0 0 -1
    outer loop
      vertex -52.0812 -17.6792 0
      vertex -38.1613 -12.954 0
      vertex -50.8134 -21.0476 0
    endloop
  endfacet
  facet normal 0 0 -1
    outer loop
      vertex -39.4566 33.3754 0
      vertex -41.3512 36.264 0
      vertex -38.8909 38.8909 0
    endloop
  endfacet
  facet normal -0 0 -1
    outer loop
      vertex -39.9552 5.26021 0
      vertex -48.5 4.3 0
      vertex -39.5256 7.86214 0
    endloop
  endfacet
  facet normal -0 0 -1
    outer loop
      vertex -38.1613 -12.954 0
      vertex -52.0812 -17.6792 0
      vertex -38.9268 -10.4304 0
    endloop
  endfacet
  facet normal 0 0 -1
    outer loop
      vertex -39.5256 7.86214 0
      vertex -47.6314 27.5 0
      vertex -39.4566 33.3754 0
    endloop
  endfacet
  facet normal 0 0 -1
    outer loop
      vertex -53.1259 -14.235 0
      vertex -38.9268 -10.4304 0
      vertex -52.0812 -17.6792 0
    endloop
  endfacet
  facet normal 0 0 -1
    outer loop
      vertex -39.4566 33.3754 0
      vertex -43.6344 33.4819 0
      vertex -41.3512 36.264 0
    endloop
  endfacet
  facet normal 0 0 -1
    outer loop
      vertex -38.9268 -10.4304 0
      vertex -48.5 -4.3 0
      vertex -39.5256 -7.86214 0
    endloop
  endfacet
  facet normal -0 0 -1
    outer loop
      vertex -39.4566 33.3754 0
      vertex -45.7308 30.5564 0
      vertex -43.6344 33.4819 0
    endloop
  endfacet
  facet normal 0 0 -1
    outer loop
      vertex -39.4566 33.3754 0
      vertex -47.6314 27.5 0
      vertex -45.7308 30.5564 0
    endloop
  endfacet
  facet normal 0 0 -1
    outer loop
      vertex -39.5256 -7.86214 0
      vertex -48.5 -4.3 0
      vertex -39.9552 -5.26021 0
    endloop
  endfacet
  facet normal -0 0 -1
    outer loop
      vertex -40.2137 -2.63575 0
      vertex -48.5 -4.3 0
      vertex -40.3 0 0
    endloop
  endfacet
  facet normal 0 0 -1
    outer loop
      vertex -39.9552 -5.26021 0
      vertex -48.5 -4.3 0
      vertex -40.2137 -2.63575 0
    endloop
  endfacet
  facet normal 0 0 -1
    outer loop
      vertex -53.9432 -10.73 0
      vertex -48.5 -4.3 0
      vertex -53.1259 -14.235 0
    endloop
  endfacet
  facet normal -0 0 -1
    outer loop
      vertex -38.9268 -10.4304 0
      vertex -53.1259 -14.235 0
      vertex -48.5 -4.3 0
    endloop
  endfacet
  facet normal -0 0 -1
    outer loop
      vertex -34.7431 -41.7907 0
      vertex -37.6131 -43.206 0
      vertex -34.8727 -41.5045 0
    endloop
  endfacet
  facet normal 0 0 -1
    outer loop
      vertex -37.8291 -42.7291 0
      vertex -34.8727 -41.5045 0
      vertex -37.6131 -43.206 0
    endloop
  endfacet
  facet normal -0 0 -1
    outer loop
      vertex -34.8727 -41.5045 0
      vertex -37.8291 -42.7291 0
      vertex -34.9833 -41.2106 0
    endloop
  endfacet
  facet normal 0 0 -1
    outer loop
      vertex -38.0135 -42.2392 0
      vertex -34.9833 -41.2106 0
      vertex -37.8291 -42.7291 0
    endloop
  endfacet
  facet normal -0 0 -1
    outer loop
      vertex -34.9833 -41.2106 0
      vertex -38.0135 -42.2392 0
      vertex -35.0745 -40.91 0
    endloop
  endfacet
  facet normal 0 0 -1
    outer loop
      vertex -38.1655 -41.7382 0
      vertex -35.0745 -40.91 0
      vertex -38.0135 -42.2392 0
    endloop
  endfacet
  facet normal -0 0 -1
    outer loop
      vertex -35.0745 -40.91 0
      vertex -38.1655 -41.7382 0
      vertex -35.1458 -40.6041 0
    endloop
  endfacet
  facet normal 0 0 -1
    outer loop
      vertex -38.2844 -41.2284 0
      vertex -35.1458 -40.6041 0
      vertex -38.1655 -41.7382 0
    endloop
  endfacet
  facet normal -0 0 -1
    outer loop
      vertex -35.1458 -40.6041 0
      vertex -38.2844 -41.2284 0
      vertex -35.197 -40.2942 0
    endloop
  endfacet
  facet normal 0 0 -1
    outer loop
      vertex -38.3696 -40.7119 0
      vertex -35.197 -40.2942 0
      vertex -38.2844 -41.2284 0
    endloop
  endfacet
  facet normal -0 0 -1
    outer loop
      vertex -35.197 -40.2942 0
      vertex -38.3696 -40.7119 0
      vertex -35.2278 -39.9816 0
    endloop
  endfacet
  facet normal 0 0 -1
    outer loop
      vertex -38.4209 -40.1909 0
      vertex -35.2278 -39.9816 0
      vertex -38.3696 -40.7119 0
    endloop
  endfacet
  facet normal -0 0 -1
    outer loop
      vertex -35.2278 -39.9816 0
      vertex -38.4209 -40.1909 0
      vertex -35.2381 -39.6677 0
    endloop
  endfacet
  facet normal 0 0 -1
    outer loop
      vertex -38.4381 -39.6677 0
      vertex -35.2381 -39.6677 0
      vertex -38.4209 -40.1909 0
    endloop
  endfacet
  facet normal 0 -0 -1
    outer loop
      vertex -38.4269 -39.3255 0
      vertex -35.2381 -39.6677 0
      vertex -38.4381 -39.6677 0
    endloop
  endfacet
  facet normal 0 0 -1
    outer loop
      vertex -35.2381 -39.6677 0
      vertex -38.4269 -39.3255 0
      vertex -35.2278 -39.3537 0
    endloop
  endfacet
  facet normal 0 0 -1
    outer loop
      vertex -35.2278 -39.3537 0
      vertex -38.4269 -39.3255 0
      vertex -35.197 -39.0411 0
    endloop
  endfacet
  facet normal -0 0 -1
    outer loop
      vertex -35.197 -39.0411 0
      vertex -38.4269 -39.3255 0
      vertex -35.1458 -38.7312 0
    endloop
  endfacet
  facet normal -0 0 -1
    outer loop
      vertex -35.1458 -38.7312 0
      vertex -38.4269 -39.3255 0
      vertex -35.0745 -38.4253 0
    endloop
  endfacet
  facet normal -0 0 -1
    outer loop
      vertex -35.0745 -38.4253 0
      vertex -38.4269 -39.3255 0
      vertex -34.9833 -38.1248 0
    endloop
  endfacet
  facet normal -0 0 -1
    outer loop
      vertex -34.9833 -38.1248 0
      vertex -38.8909 -38.8909 0
      vertex -34.9078 -37.9242 0
    endloop
  endfacet
  facet normal 0 0 -1
    outer loop
      vertex -38.8909 -38.8909 0
      vertex -39.4566 -33.3754 0
      vertex -34.9078 -37.9242 0
    endloop
  endfacet
  facet normal 0 0 -1
    outer loop
      vertex -43.6344 -33.4819 0
      vertex -39.4566 -33.3754 0
      vertex -41.3512 -36.264 0
    endloop
  endfacet
  facet normal 0 0 -1
    outer loop
      vertex -45.7308 -30.5564 0
      vertex -39.4566 -33.3754 0
      vertex -43.6344 -33.4819 0
    endloop
  endfacet
  facet normal 0 0 -1
    outer loop
      vertex -37.3352 -31.2541 0
      vertex -45.7308 -30.5564 0
      vertex -47.6314 -27.5 0
    endloop
  endfacet
  facet normal -0 0 -1
    outer loop
      vertex -37.2323 -15.4221 0
      vertex -50.8134 -21.0476 0
      vertex -38.1613 -12.954 0
    endloop
  endfacet
  facet normal 0 0 -1
    outer loop
      vertex -41.3512 -36.264 0
      vertex -39.4566 -33.3754 0
      vertex -38.8909 -38.8909 0
    endloop
  endfacet
  facet normal 0 0 -1
    outer loop
      vertex -38.8909 -38.8909 0
      vertex -34.9833 -38.1248 0
      vertex -38.4269 -39.3255 0
    endloop
  endfacet
  facet normal 0 0 -1
    outer loop
      vertex 2.63575 40.2137 0
      vertex 4.3 48.5 0
      vertex 5.26021 39.9552 0
    endloop
  endfacet
  facet normal 0 0 -1
    outer loop
      vertex 0 40.3 0
      vertex 4.3 48.5 0
      vertex 2.63575 40.2137 0
    endloop
  endfacet
  facet normal 0 0 -1
    outer loop
      vertex -4.3 48.5 0
      vertex 0 40.3 0
      vertex -2.63575 40.2137 0
    endloop
  endfacet
  facet normal 0 0 -1
    outer loop
      vertex 0 40.3 0
      vertex -4.3 48.5 0
      vertex 4.3 48.5 0
    endloop
  endfacet
  facet normal 0 0 -1
    outer loop
      vertex -7.86214 39.5256 0
      vertex -4.3 48.5 0
      vertex -5.26021 39.9552 0
    endloop
  endfacet
  facet normal 0 0 -1
    outer loop
      vertex -5.26021 39.9552 0
      vertex -4.3 48.5 0
      vertex -2.63575 40.2137 0
    endloop
  endfacet
  facet normal 0 0 -1
    outer loop
      vertex 7.86214 -39.5256 0
      vertex 4.3 -48.5 0
      vertex 5.26021 -39.9552 0
    endloop
  endfacet
  facet normal 0 0 -1
    outer loop
      vertex 4.3 -48.5 0
      vertex 2.63575 -40.2137 0
      vertex 5.26021 -39.9552 0
    endloop
  endfacet
  facet normal 0 0 -1
    outer loop
      vertex 4.3 -48.5 0
      vertex 0 -40.3 0
      vertex 2.63575 -40.2137 0
    endloop
  endfacet
  facet normal 0 0 -1
    outer loop
      vertex -4.3 -48.5 0
      vertex 0 -40.3 0
      vertex 4.3 -48.5 0
    endloop
  endfacet
  facet normal -0 0 -1
    outer loop
      vertex 0 -40.3 0
      vertex -4.3 -48.5 0
      vertex -2.63575 -40.2137 0
    endloop
  endfacet
  facet normal -0 0 -1
    outer loop
      vertex -2.63575 -40.2137 0
      vertex -4.3 -48.5 0
      vertex -5.26021 -39.9552 0
    endloop
  endfacet
  facet normal -0 0 -1
    outer loop
      vertex 50.8134 21.0476 0
      vertex 37.2323 15.4221 0
      vertex 49.328 24.3259 0
    endloop
  endfacet
  facet normal 0 0 -1
    outer loop
      vertex 36.144 17.8242 0
      vertex 49.328 24.3259 0
      vertex 37.2323 15.4221 0
    endloop
  endfacet
  facet normal -0 0 -1
    outer loop
      vertex 49.328 24.3259 0
      vertex 36.144 17.8242 0
      vertex 47.6314 27.5 0
    endloop
  endfacet
  facet normal 0 0 -1
    outer loop
      vertex 34.9008 20.15 0
      vertex 47.6314 27.5 0
      vertex 36.144 17.8242 0
    endloop
  endfacet
  facet normal 0 0 -1
    outer loop
      vertex 47.6314 27.5 0
      vertex 37.3352 31.2541 0
      vertex 39.4566 33.3754 0
    endloop
  endfacet
  facet normal -0 0 -1
    outer loop
      vertex 47.6314 27.5 0
      vertex 34.9008 20.15 0
      vertex 37.3352 31.2541 0
    endloop
  endfacet
  facet normal 0 0 -1
    outer loop
      vertex 33.5082 22.3895 0
      vertex 37.3352 31.2541 0
      vertex 34.9008 20.15 0
    endloop
  endfacet
  facet normal 0 0 -1
    outer loop
      vertex 31.9721 24.5331 0
      vertex 37.3352 31.2541 0
      vertex 33.5082 22.3895 0
    endloop
  endfacet
  facet normal 0 0 -1
    outer loop
      vertex 30.2991 26.5716 0
      vertex 37.3352 31.2541 0
      vertex 31.9721 24.5331 0
    endloop
  endfacet
  facet normal 0 0 -1
    outer loop
      vertex 28.4964 28.4964 0
      vertex 37.3352 31.2541 0
      vertex 30.2991 26.5716 0
    endloop
  endfacet
  facet normal -0 0 -1
    outer loop
      vertex 37.3352 31.2541 0
      vertex 28.4964 28.4964 0
      vertex 31.2541 37.3352 0
    endloop
  endfacet
  facet normal 0 0 -1
    outer loop
      vertex 26.5716 30.2991 0
      vertex 31.2541 37.3352 0
      vertex 28.4964 28.4964 0
    endloop
  endfacet
  facet normal 0 0 -1
    outer loop
      vertex 24.5331 31.9721 0
      vertex 31.2541 37.3352 0
      vertex 26.5716 30.2991 0
    endloop
  endfacet
  facet normal 0 0 -1
    outer loop
      vertex 22.3895 33.5082 0
      vertex 31.2541 37.3352 0
      vertex 24.5331 31.9721 0
    endloop
  endfacet
  facet normal 0 0 -1
    outer loop
      vertex 20.15 34.9008 0
      vertex 31.2541 37.3352 0
      vertex 22.3895 33.5082 0
    endloop
  endfacet
  facet normal 0 0 -1
    outer loop
      vertex 31.2541 37.3352 0
      vertex 27.5 47.6314 0
      vertex 30.5564 45.7308 0
    endloop
  endfacet
  facet normal -0 0 -1
    outer loop
      vertex 31.2541 37.3352 0
      vertex 20.15 34.9008 0
      vertex 27.5 47.6314 0
    endloop
  endfacet
  facet normal -0 0 -1
    outer loop
      vertex 27.5 47.6314 0
      vertex 20.15 34.9008 0
      vertex 24.3259 49.328 0
    endloop
  endfacet
  facet normal 0 0 -1
    outer loop
      vertex 17.8242 36.144 0
      vertex 24.3259 49.328 0
      vertex 20.15 34.9008 0
    endloop
  endfacet
  facet normal -0 0 -1
    outer loop
      vertex 24.3259 49.328 0
      vertex 17.8242 36.144 0
      vertex 21.0476 50.8134 0
    endloop
  endfacet
  facet normal 0 0 -1
    outer loop
      vertex 15.4221 37.2323 0
      vertex 21.0476 50.8134 0
      vertex 17.8242 36.144 0
    endloop
  endfacet
  facet normal -0 0 -1
    outer loop
      vertex 21.0476 50.8134 0
      vertex 15.4221 37.2323 0
      vertex 17.6792 52.0812 0
    endloop
  endfacet
  facet normal 0 0 -1
    outer loop
      vertex 12.954 38.1613 0
      vertex 17.6792 52.0812 0
      vertex 15.4221 37.2323 0
    endloop
  endfacet
  facet normal -0 0 -1
    outer loop
      vertex 17.6792 52.0812 0
      vertex 12.954 38.1613 0
      vertex 14.235 53.1259 0
    endloop
  endfacet
  facet normal 0 0 -1
    outer loop
      vertex 10.4304 38.9268 0
      vertex 14.235 53.1259 0
      vertex 12.954 38.1613 0
    endloop
  endfacet
  facet normal 0 0 -1
    outer loop
      vertex 4.3 48.5 0
      vertex 14.235 53.1259 0
      vertex 10.4304 38.9268 0
    endloop
  endfacet
  facet normal 0 0 -1
    outer loop
      vertex 4.3 48.5 0
      vertex 10.4304 38.9268 0
      vertex 7.86214 39.5256 0
    endloop
  endfacet
  facet normal -0 0 -1
    outer loop
      vertex 14.235 53.1259 0
      vertex 4.3 48.5 0
      vertex 10.73 53.9432 0
    endloop
  endfacet
  facet normal 0 0 -1
    outer loop
      vertex 4.3 48.5 0
      vertex 7.86214 39.5256 0
      vertex 5.26021 39.9552 0
    endloop
  endfacet
  facet normal 0 0 -1
    outer loop
      vertex 4.3 51.5 0
      vertex 10.73 53.9432 0
      vertex 4.3 48.5 0
    endloop
  endfacet
  facet normal -0 0 -1
    outer loop
      vertex 10.73 53.9432 0
      vertex 4.3 51.5 0
      vertex 7.17894 54.5295 0
    endloop
  endfacet
  facet normal 0 0 -1
    outer loop
      vertex 4.3 51.5 0
      vertex 3.59717 54.8822 0
      vertex 7.17894 54.5295 0
    endloop
  endfacet
  facet normal 0 0 -1
    outer loop
      vertex 4.3 51.5 0
      vertex 0 55 0
      vertex 3.59717 54.8822 0
    endloop
  endfacet
  facet normal 0 0 -1
    outer loop
      vertex -4.3 51.5 0
      vertex 0 55 0
      vertex 4.3 51.5 0
    endloop
  endfacet
  facet normal 0 0 -1
    outer loop
      vertex 0 55 0
      vertex -4.3 51.5 0
      vertex -3.59717 54.8822 0
    endloop
  endfacet
  facet normal 0 0 -1
    outer loop
      vertex -4.3 51.5 0
      vertex -7.17894 54.5295 0
      vertex -3.59717 54.8822 0
    endloop
  endfacet
  facet normal 0 0 -1
    outer loop
      vertex -14.3752 45.5675 0
      vertex -4.3 48.5 0
      vertex -7.86214 39.5256 0
    endloop
  endfacet
  facet normal 0 0 -1
    outer loop
      vertex -14.3444 46.5079 0
      vertex -4.3 48.5 0
      vertex -14.3342 46.194 0
    endloop
  endfacet
  facet normal 0 0 -1
    outer loop
      vertex -14.4977 44.9516 0
      vertex -7.86214 39.5256 0
      vertex -10.4304 38.9268 0
    endloop
  endfacet
  facet normal 0 0 -1
    outer loop
      vertex -4.3 48.5 0
      vertex -10.73 53.9432 0
      vertex -4.3 51.5 0
    endloop
  endfacet
  facet normal 0 0 -1
    outer loop
      vertex -15.3261 43.2719 0
      vertex -10.4304 38.9268 0
      vertex -12.954 38.1613 0
    endloop
  endfacet
  facet normal 0 0 -1
    outer loop
      vertex -4.3 48.5 0
      vertex -14.3444 45.88 0
      vertex -14.3342 46.194 0
    endloop
  endfacet
  facet normal 0 0 -1
    outer loop
      vertex -14.3752 46.8205 0
      vertex -4.3 48.5 0
      vertex -14.3444 46.5079 0
    endloop
  endfacet
  facet normal 0 0 -1
    outer loop
      vertex -4.3 51.5 0
      vertex -10.73 53.9432 0
      vertex -7.17894 54.5295 0
    endloop
  endfacet
  facet normal 0 0 -1
    outer loop
      vertex -4.3 48.5 0
      vertex -14.3752 45.5675 0
      vertex -14.3444 45.88 0
    endloop
  endfacet
  facet normal 0 0 -1
    outer loop
      vertex -7.86214 39.5256 0
      vertex -14.4264 45.2575 0
      vertex -14.3752 45.5675 0
    endloop
  endfacet
  facet normal 0 0 -1
    outer loop
      vertex -7.86214 39.5256 0
      vertex -14.4977 44.9516 0
      vertex -14.4264 45.2575 0
    endloop
  endfacet
  facet normal 0 0 -1
    outer loop
      vertex -10.4304 38.9268 0
      vertex -14.5889 44.6511 0
      vertex -14.4977 44.9516 0
    endloop
  endfacet
  facet normal 0 0 -1
    outer loop
      vertex -10.4304 38.9268 0
      vertex -14.6995 44.3571 0
      vertex -14.5889 44.6511 0
    endloop
  endfacet
  facet normal 0 0 -1
    outer loop
      vertex -10.4304 38.9268 0
      vertex -14.8292 44.071 0
      vertex -14.6995 44.3571 0
    endloop
  endfacet
  facet normal 0 0 -1
    outer loop
      vertex -10.4304 38.9268 0
      vertex -14.9772 43.794 0
      vertex -14.8292 44.071 0
    endloop
  endfacet
  facet normal 0 0 -1
    outer loop
      vertex -10.4304 38.9268 0
      vertex -15.1431 43.5272 0
      vertex -14.9772 43.794 0
    endloop
  endfacet
  facet normal 0 0 -1
    outer loop
      vertex -10.4304 38.9268 0
      vertex -15.3261 43.2719 0
      vertex -15.1431 43.5272 0
    endloop
  endfacet
  facet normal 0 0 -1
    outer loop
      vertex -16.4674 42.2029 0
      vertex -12.954 38.1613 0
      vertex -15.4221 37.2323 0
    endloop
  endfacet
  facet normal 0 0 -1
    outer loop
      vertex -12.954 38.1613 0
      vertex -15.5253 43.0291 0
      vertex -15.3261 43.2719 0
    endloop
  endfacet
  facet normal 0 0 -1
    outer loop
      vertex -12.954 38.1613 0
      vertex -15.7401 42.7999 0
      vertex -15.5253 43.0291 0
    endloop
  endfacet
  facet normal 0 0 -1
    outer loop
      vertex -12.954 38.1613 0
      vertex -15.9693 42.5851 0
      vertex -15.7401 42.7999 0
    endloop
  endfacet
  facet normal 0 0 -1
    outer loop
      vertex -12.954 38.1613 0
      vertex -16.2121 42.3859 0
      vertex -15.9693 42.5851 0
    endloop
  endfacet
  facet normal 0 0 -1
    outer loop
      vertex -12.954 38.1613 0
      vertex -16.4674 42.2029 0
      vertex -16.2121 42.3859 0
    endloop
  endfacet
  facet normal 0 0 -1
    outer loop
      vertex -15.4221 37.2323 0
      vertex -16.7342 42.0371 0
      vertex -16.4674 42.2029 0
    endloop
  endfacet
  facet normal 0 0 -1
    outer loop
      vertex -15.4221 37.2323 0
      vertex -17.0112 41.889 0
      vertex -16.7342 42.0371 0
    endloop
  endfacet
  facet normal 0 0 -1
    outer loop
      vertex -15.4221 37.2323 0
      vertex -17.2973 41.7594 0
      vertex -17.0112 41.889 0
    endloop
  endfacet
  facet normal 0 0 -1
    outer loop
      vertex -15.4221 37.2323 0
      vertex -17.5913 41.6487 0
      vertex -17.2973 41.7594 0
    endloop
  endfacet
  facet normal 0 0 -1
    outer loop
      vertex -18.1977 41.4862 0
      vertex -15.4221 37.2323 0
      vertex -17.8242 36.144 0
    endloop
  endfacet
  facet normal 0 0 -1
    outer loop
      vertex -15.4221 37.2323 0
      vertex -17.8918 41.5575 0
      vertex -17.5913 41.6487 0
    endloop
  endfacet
  facet normal 0 0 -1
    outer loop
      vertex -15.4221 37.2323 0
      vertex -18.1977 41.4862 0
      vertex -17.8918 41.5575 0
    endloop
  endfacet
  facet normal 0 0 -1
    outer loop
      vertex -17.8242 36.144 0
      vertex -18.5076 41.435 0
      vertex -18.1977 41.4862 0
    endloop
  endfacet
  facet normal 0 0 -1
    outer loop
      vertex -17.8242 36.144 0
      vertex -18.8202 41.4043 0
      vertex -18.5076 41.435 0
    endloop
  endfacet
  facet normal 0 0 -1
    outer loop
      vertex -17.8242 36.144 0
      vertex -19.1342 41.394 0
      vertex -18.8202 41.4043 0
    endloop
  endfacet
  facet normal 0 0 -1
    outer loop
      vertex -17.8242 36.144 0
      vertex -19.4481 41.4043 0
      vertex -19.1342 41.394 0
    endloop
  endfacet
  facet normal 0 0 -1
    outer loop
      vertex -17.8242 36.144 0
      vertex -19.7607 41.435 0
      vertex -19.4481 41.4043 0
    endloop
  endfacet
  facet normal 0 0 -1
    outer loop
      vertex -20.15 34.9008 0
      vertex -19.7607 41.435 0
      vertex -17.8242 36.144 0
    endloop
  endfacet
  facet normal -0 0 -1
    outer loop
      vertex -19.7607 41.435 0
      vertex -20.15 34.9008 0
      vertex -20.0706 41.4862 0
    endloop
  endfacet
  facet normal 0 0 -1
    outer loop
      vertex -20.15 34.9008 0
      vertex -20.3765 41.5575 0
      vertex -20.0706 41.4862 0
    endloop
  endfacet
  facet normal 0 0 -1
    outer loop
      vertex -20.15 34.9008 0
      vertex -20.6771 41.6487 0
      vertex -20.3765 41.5575 0
    endloop
  endfacet
  facet normal 0 0 -1
    outer loop
      vertex -20.15 34.9008 0
      vertex -20.9711 41.7594 0
      vertex -20.6771 41.6487 0
    endloop
  endfacet
  facet normal 0 0 -1
    outer loop
      vertex -20.15 34.9008 0
      vertex -21.2572 41.889 0
      vertex -20.9711 41.7594 0
    endloop
  endfacet
  facet normal 0 0 -1
    outer loop
      vertex -20.15 34.9008 0
      vertex -21.5342 42.0371 0
      vertex -21.2572 41.889 0
    endloop
  endfacet
  facet normal 0 0 -1
    outer loop
      vertex -22.3895 33.5082 0
      vertex -21.5342 42.0371 0
      vertex -20.15 34.9008 0
    endloop
  endfacet
  facet normal -0 0 -1
    outer loop
      vertex -21.5342 42.0371 0
      vertex -22.3895 33.5082 0
      vertex -21.8009 42.2029 0
    endloop
  endfacet
  facet normal -0 0 -1
    outer loop
      vertex -21.8009 42.2029 0
      vertex -22.3895 33.5082 0
      vertex -22.0562 42.3859 0
    endloop
  endfacet
  facet normal 0 0 -1
    outer loop
      vertex -31.2541 37.3352 0
      vertex -22.0562 42.3859 0
      vertex -22.3895 33.5082 0
    endloop
  endfacet
  facet normal -0 0 -1
    outer loop
      vertex -22.0562 42.3859 0
      vertex -31.2541 37.3352 0
      vertex -22.299 42.5851 0
    endloop
  endfacet
  facet normal -0 0 -1
    outer loop
      vertex -22.299 42.5851 0
      vertex -31.2541 37.3352 0
      vertex -22.5283 42.7999 0
    endloop
  endfacet
  facet normal -0 0 -1
    outer loop
      vertex -22.5283 42.7999 0
      vertex -31.2541 37.3352 0
      vertex -22.743 43.0291 0
    endloop
  endfacet
  facet normal -0 0 -1
    outer loop
      vertex -22.743 43.0291 0
      vertex -31.2541 37.3352 0
      vertex -22.9423 43.2719 0
    endloop
  endfacet
  facet normal -0 0 -1
    outer loop
      vertex -22.9423 43.2719 0
      vertex -31.2541 37.3352 0
      vertex -23.1252 43.5272 0
    endloop
  endfacet
  facet normal -0 0 -1
    outer loop
      vertex -23.1252 43.5272 0
      vertex -31.2541 37.3352 0
      vertex -23.2911 43.794 0
    endloop
  endfacet
  facet normal 0 -0 -1
    outer loop
      vertex -30.5564 45.7308 0
      vertex -23.2911 43.794 0
      vertex -31.2541 37.3352 0
    endloop
  endfacet
  facet normal 0 0 -1
    outer loop
      vertex -23.2911 43.794 0
      vertex -30.5564 45.7308 0
      vertex -23.4392 44.071 0
    endloop
  endfacet
  facet normal 0 0 -1
    outer loop
      vertex -23.4392 44.071 0
      vertex -30.5564 45.7308 0
      vertex -23.5688 44.3571 0
    endloop
  endfacet
  facet normal 0 0 -1
    outer loop
      vertex -23.5688 44.3571 0
      vertex -30.5564 45.7308 0
      vertex -23.6794 44.6511 0
    endloop
  endfacet
  facet normal 0 0 -1
    outer loop
      vertex -23.6794 44.6511 0
      vertex -30.5564 45.7308 0
      vertex -23.7706 44.9516 0
    endloop
  endfacet
  facet normal 0 0 -1
    outer loop
      vertex -22.299 49.8028 0
      vertex -24.4089 52.2087 0
      vertex -24.0043 52.5408 0
    endloop
  endfacet
  facet normal 0 0 -1
    outer loop
      vertex -26.9393 47.9311 0
      vertex -23.9342 46.194 0
      vertex -23.9239 45.88 0
    endloop
  endfacet
  facet normal 0 0 -1
    outer loop
      vertex -31.2541 37.3352 0
      vertex -22.3895 33.5082 0
      vertex -24.5331 31.9721 0
    endloop
  endfacet
  facet normal 0 -0 -1
    outer loop
      vertex -27.5 47.6314 0
      vertex -23.7706 44.9516 0
      vertex -30.5564 45.7308 0
    endloop
  endfacet
  facet normal 0 0 -1
    outer loop
      vertex -23.7706 44.9516 0
      vertex -27.5 47.6314 0
      vertex -23.8419 45.2575 0
    endloop
  endfacet
  facet normal 0 0 -1
    outer loop
      vertex -23.7706 47.4363 0
      vertex -26.9393 47.9311 0
      vertex -26.8616 48.2645 0
    endloop
  endfacet
  facet normal 0 0 -1
    outer loop
      vertex -22.5283 49.5881 0
      vertex -24.791 51.8508 0
      vertex -24.4089 52.2087 0
    endloop
  endfacet
  facet normal 0 0 -1
    outer loop
      vertex -22.743 49.3588 0
      vertex -25.1489 51.4687 0
      vertex -24.791 51.8508 0
    endloop
  endfacet
  facet normal 0 0 -1
    outer loop
      vertex -22.9423 49.116 0
      vertex -25.481 51.0641 0
      vertex -25.1489 51.4687 0
    endloop
  endfacet
  facet normal 0 0 -1
    outer loop
      vertex -23.1252 48.8607 0
      vertex -25.7859 50.6385 0
      vertex -25.481 51.0641 0
    endloop
  endfacet
  facet normal 0 0 -1
    outer loop
      vertex -23.2911 48.594 0
      vertex -26.0624 50.194 0
      vertex -25.7859 50.6385 0
    endloop
  endfacet
  facet normal 0 0 -1
    outer loop
      vertex -23.4392 48.317 0
      vertex -26.3092 49.7323 0
      vertex -26.0624 50.194 0
    endloop
  endfacet
  facet normal 0 0 -1
    outer loop
      vertex -31.2541 37.3352 0
      vertex -24.5331 31.9721 0
      vertex -26.5716 30.2991 0
    endloop
  endfacet
  facet normal 0 0 -1
    outer loop
      vertex -23.5688 48.0309 0
      vertex -26.5252 49.2554 0
      vertex -26.3092 49.7323 0
    endloop
  endfacet
  facet normal 0 0 -1
    outer loop
      vertex -23.6794 47.7369 0
      vertex -26.7096 48.7655 0
      vertex -26.5252 49.2554 0
    endloop
  endfacet
  facet normal 0 0 -1
    outer loop
      vertex -23.7706 47.4363 0
      vertex -26.8616 48.2645 0
      vertex -26.7096 48.7655 0
    endloop
  endfacet
  facet normal 0 0 -1
    outer loop
      vertex -23.8419 45.2575 0
      vertex -27.5 47.6314 0
      vertex -23.8931 45.5675 0
    endloop
  endfacet
  facet normal 0 0 -1
    outer loop
      vertex -31.2541 37.3352 0
      vertex -26.5716 30.2991 0
      vertex -28.4964 28.4964 0
    endloop
  endfacet
  facet normal 0 0 -1
    outer loop
      vertex -37.3352 31.2541 0
      vertex -28.4964 28.4964 0
      vertex -30.2991 26.5716 0
    endloop
  endfacet
  facet normal 0 0 -1
    outer loop
      vertex -23.9239 45.88 0
      vertex -27.5 47.6314 0
      vertex -26.9393 47.9311 0
    endloop
  endfacet
  facet normal 0 0 -1
    outer loop
      vertex -23.8931 45.5675 0
      vertex -27.5 47.6314 0
      vertex -23.9239 45.88 0
    endloop
  endfacet
  facet normal 0 0 -1
    outer loop
      vertex -37.3352 31.2541 0
      vertex -30.2991 26.5716 0
      vertex -31.9721 24.5331 0
    endloop
  endfacet
  facet normal 0 0 -1
    outer loop
      vertex -37.3352 31.2541 0
      vertex -31.9721 24.5331 0
      vertex -33.5082 22.3895 0
    endloop
  endfacet
  facet normal 0 0 -1
    outer loop
      vertex -37.3352 31.2541 0
      vertex -33.5082 22.3895 0
      vertex -34.9008 20.15 0
    endloop
  endfacet
  facet normal 0 0 -1
    outer loop
      vertex -37.3352 31.2541 0
      vertex -34.9008 20.15 0
      vertex -36.144 17.8242 0
    endloop
  endfacet
  facet normal 0 0 -1
    outer loop
      vertex -39.4566 33.3754 0
      vertex -36.144 17.8242 0
      vertex -37.2323 15.4221 0
    endloop
  endfacet
  facet normal 0 0 -1
    outer loop
      vertex -28.4964 28.4964 0
      vertex -37.3352 31.2541 0
      vertex -31.2541 37.3352 0
    endloop
  endfacet
  facet normal 0 0 -1
    outer loop
      vertex -39.4566 33.3754 0
      vertex -37.2323 15.4221 0
      vertex -38.1613 12.954 0
    endloop
  endfacet
  facet normal 0 0 -1
    outer loop
      vertex -39.4566 33.3754 0
      vertex -38.1613 12.954 0
      vertex -38.9268 10.4304 0
    endloop
  endfacet
  facet normal 0 0 -1
    outer loop
      vertex -36.144 17.8242 0
      vertex -39.4566 33.3754 0
      vertex -37.3352 31.2541 0
    endloop
  endfacet
  facet normal 0 -0 -1
    outer loop
      vertex -39.4566 33.3754 0
      vertex -38.9268 10.4304 0
      vertex -39.5256 7.86214 0
    endloop
  endfacet
  facet normal 0 0 -1
    outer loop
      vertex 37.2323 15.4221 0
      vertex 50.8134 21.0476 0
      vertex 38.1613 12.954 0
    endloop
  endfacet
  facet normal 0 0 -1
    outer loop
      vertex 47.6314 27.5 0
      vertex 39.4566 33.3754 0
      vertex 45.7308 30.5564 0
    endloop
  endfacet
  facet normal 0 0 -1
    outer loop
      vertex 45.7308 30.5564 0
      vertex 39.4566 33.3754 0
      vertex 43.6344 33.4819 0
    endloop
  endfacet
  facet normal -0 0 -1
    outer loop
      vertex 43.6344 33.4819 0
      vertex 39.4566 33.3754 0
      vertex 41.3512 36.264 0
    endloop
  endfacet
  facet normal 0 0 -1
    outer loop
      vertex 39.4566 33.3754 0
      vertex 38.8909 38.8909 0
      vertex 41.3512 36.264 0
    endloop
  endfacet
  facet normal 0 0 -1
    outer loop
      vertex 33.3754 39.4566 0
      vertex 38.8909 38.8909 0
      vertex 39.4566 33.3754 0
    endloop
  endfacet
  facet normal 0 0 -1
    outer loop
      vertex 38.8909 38.8909 0
      vertex 33.3754 39.4566 0
      vertex 36.264 41.3512 0
    endloop
  endfacet
  facet normal -0 0 -1
    outer loop
      vertex 36.264 41.3512 0
      vertex 33.3754 39.4566 0
      vertex 33.4819 43.6344 0
    endloop
  endfacet
  facet normal 0 0 -1
    outer loop
      vertex 30.5564 45.7308 0
      vertex 33.3754 39.4566 0
      vertex 31.2541 37.3352 0
    endloop
  endfacet
  facet normal 0 0 -1
    outer loop
      vertex 33.3754 39.4566 0
      vertex 30.5564 45.7308 0
      vertex 33.4819 43.6344 0
    endloop
  endfacet
  facet normal -0 0 -1
    outer loop
      vertex 45.1376 -8.36319 0
      vertex 38.9268 -10.4304 0
      vertex 39.5256 -7.86214 0
    endloop
  endfacet
  facet normal 0 0 -1
    outer loop
      vertex 43.6344 -33.4819 0
      vertex 38.1613 -12.954 0
      vertex 38.9268 -10.4304 0
    endloop
  endfacet
  facet normal 0 0 -1
    outer loop
      vertex 34.9008 -20.15 0
      vertex 43.6344 -33.4819 0
      vertex 37.3352 -31.2541 0
    endloop
  endfacet
  facet normal 0 0 -1
    outer loop
      vertex 43.6344 -33.4819 0
      vertex 37.2323 -15.4221 0
      vertex 38.1613 -12.954 0
    endloop
  endfacet
  facet normal 0 0 -1
    outer loop
      vertex 43.6344 -33.4819 0
      vertex 36.144 -17.8242 0
      vertex 37.2323 -15.4221 0
    endloop
  endfacet
  facet normal 0 0 -1
    outer loop
      vertex 43.6344 -33.4819 0
      vertex 34.9008 -20.15 0
      vertex 36.144 -17.8242 0
    endloop
  endfacet
  facet normal 0 0 -1
    outer loop
      vertex 37.3352 -31.2541 0
      vertex 33.5082 -22.3895 0
      vertex 34.9008 -20.15 0
    endloop
  endfacet
  facet normal 0 0 -1
    outer loop
      vertex 37.3352 -31.2541 0
      vertex 31.9721 -24.5331 0
      vertex 33.5082 -22.3895 0
    endloop
  endfacet
  facet normal 0 0 -1
    outer loop
      vertex 28.4964 -28.4964 0
      vertex 37.3352 -31.2541 0
      vertex 31.2541 -37.3352 0
    endloop
  endfacet
  facet normal 0 0 -1
    outer loop
      vertex 27.5 -47.6314 0
      vertex 31.2541 -37.3352 0
      vertex 30.5564 -45.7308 0
    endloop
  endfacet
  facet normal 0 0 -1
    outer loop
      vertex 37.3352 -31.2541 0
      vertex 30.2991 -26.5716 0
      vertex 31.9721 -24.5331 0
    endloop
  endfacet
  facet normal 0 0 -1
    outer loop
      vertex 37.3352 -31.2541 0
      vertex 28.4964 -28.4964 0
      vertex 30.2991 -26.5716 0
    endloop
  endfacet
  facet normal 0 0 -1
    outer loop
      vertex 20.15 -34.9008 0
      vertex 31.2541 -37.3352 0
      vertex 27.5 -47.6314 0
    endloop
  endfacet
  facet normal 0 0 -1
    outer loop
      vertex 31.2541 -37.3352 0
      vertex 26.5716 -30.2991 0
      vertex 28.4964 -28.4964 0
    endloop
  endfacet
  facet normal 0 0 -1
    outer loop
      vertex 31.2541 -37.3352 0
      vertex 24.5331 -31.9721 0
      vertex 26.5716 -30.2991 0
    endloop
  endfacet
  facet normal 0 0 -1
    outer loop
      vertex 20.15 -34.9008 0
      vertex 27.5 -47.6314 0
      vertex 24.3259 -49.328 0
    endloop
  endfacet
  facet normal 0 0 -1
    outer loop
      vertex 31.2541 -37.3352 0
      vertex 22.3895 -33.5082 0
      vertex 24.5331 -31.9721 0
    endloop
  endfacet
  facet normal 0 0 -1
    outer loop
      vertex 17.8242 -36.144 0
      vertex 24.3259 -49.328 0
      vertex 21.0476 -50.8134 0
    endloop
  endfacet
  facet normal 0 0 -1
    outer loop
      vertex 31.2541 -37.3352 0
      vertex 20.15 -34.9008 0
      vertex 22.3895 -33.5082 0
    endloop
  endfacet
  facet normal 0 0 -1
    outer loop
      vertex 24.3259 -49.328 0
      vertex 17.8242 -36.144 0
      vertex 20.15 -34.9008 0
    endloop
  endfacet
  facet normal 0 0 -1
    outer loop
      vertex 15.4221 -37.2323 0
      vertex 21.0476 -50.8134 0
      vertex 17.6792 -52.0812 0
    endloop
  endfacet
  facet normal 0 0 -1
    outer loop
      vertex 21.0476 -50.8134 0
      vertex 15.4221 -37.2323 0
      vertex 17.8242 -36.144 0
    endloop
  endfacet
  facet normal 0 0 -1
    outer loop
      vertex 12.954 -38.1613 0
      vertex 17.6792 -52.0812 0
      vertex 14.235 -53.1259 0
    endloop
  endfacet
  facet normal 0 0 -1
    outer loop
      vertex 17.6792 -52.0812 0
      vertex 12.954 -38.1613 0
      vertex 15.4221 -37.2323 0
    endloop
  endfacet
  facet normal 0 0 -1
    outer loop
      vertex 4.3 -48.5 0
      vertex 14.235 -53.1259 0
      vertex 10.73 -53.9432 0
    endloop
  endfacet
  facet normal 0 0 -1
    outer loop
      vertex 14.235 -53.1259 0
      vertex 10.4304 -38.9268 0
      vertex 12.954 -38.1613 0
    endloop
  endfacet
  facet normal 0 0 -1
    outer loop
      vertex 14.235 -53.1259 0
      vertex 4.3 -48.5 0
      vertex 10.4304 -38.9268 0
    endloop
  endfacet
  facet normal 0 0 -1
    outer loop
      vertex 4.3 -51.5 0
      vertex 10.73 -53.9432 0
      vertex 7.17894 -54.5295 0
    endloop
  endfacet
  facet normal 0 0 -1
    outer loop
      vertex 4.3 -48.5 0
      vertex 10.73 -53.9432 0
      vertex 4.3 -51.5 0
    endloop
  endfacet
  facet normal 0 0 -1
    outer loop
      vertex 10.4304 -38.9268 0
      vertex 4.3 -48.5 0
      vertex 7.86214 -39.5256 0
    endloop
  endfacet
  facet normal 0 0 -1
    outer loop
      vertex 3.59717 -54.8822 0
      vertex 4.3 -51.5 0
      vertex 7.17894 -54.5295 0
    endloop
  endfacet
  facet normal 0 0 -1
    outer loop
      vertex 0 -55 0
      vertex 4.3 -51.5 0
      vertex 3.59717 -54.8822 0
    endloop
  endfacet
  facet normal 0 0 -1
    outer loop
      vertex -4.3 -51.5 0
      vertex 0 -55 0
      vertex -3.59717 -54.8822 0
    endloop
  endfacet
  facet normal 0 0 -1
    outer loop
      vertex 0 -55 0
      vertex -4.3 -51.5 0
      vertex 4.3 -51.5 0
    endloop
  endfacet
  facet normal 0 0 -1
    outer loop
      vertex -10.73 -53.9432 0
      vertex -4.3 -48.5 0
      vertex -4.3 -51.5 0
    endloop
  endfacet
  facet normal 0 0 -1
    outer loop
      vertex -7.17894 -54.5295 0
      vertex -4.3 -51.5 0
      vertex -3.59717 -54.8822 0
    endloop
  endfacet
  facet normal 0 0 -1
    outer loop
      vertex -10.73 -53.9432 0
      vertex -4.3 -51.5 0
      vertex -7.17894 -54.5295 0
    endloop
  endfacet
  facet normal 0 0 -1
    outer loop
      vertex -4.3 -48.5 0
      vertex -7.86214 -39.5256 0
      vertex -5.26021 -39.9552 0
    endloop
  endfacet
  facet normal 0 0 -1
    outer loop
      vertex -14.235 -53.1259 0
      vertex -4.3 -48.5 0
      vertex -10.73 -53.9432 0
    endloop
  endfacet
  facet normal 0 0 -1
    outer loop
      vertex -4.3 -48.5 0
      vertex -10.4304 -38.9268 0
      vertex -7.86214 -39.5256 0
    endloop
  endfacet
  facet normal -0 0 -1
    outer loop
      vertex -4.3 -48.5 0
      vertex -14.235 -53.1259 0
      vertex -10.4304 -38.9268 0
    endloop
  endfacet
  facet normal -0 0 -1
    outer loop
      vertex -10.4304 -38.9268 0
      vertex -14.235 -53.1259 0
      vertex -12.954 -38.1613 0
    endloop
  endfacet
  facet normal 0 0 -1
    outer loop
      vertex -17.6792 -52.0812 0
      vertex -12.954 -38.1613 0
      vertex -14.235 -53.1259 0
    endloop
  endfacet
  facet normal -0 0 -1
    outer loop
      vertex -12.954 -38.1613 0
      vertex -17.6792 -52.0812 0
      vertex -15.4221 -37.2323 0
    endloop
  endfacet
  facet normal 0 0 -1
    outer loop
      vertex -21.0476 -50.8134 0
      vertex -15.4221 -37.2323 0
      vertex -17.6792 -52.0812 0
    endloop
  endfacet
  facet normal 0 0 -1
    outer loop
      vertex -25.8928 -41.2106 0
      vertex -15.4221 -37.2323 0
      vertex -21.0476 -50.8134 0
    endloop
  endfacet
  facet normal 0 -0 -1
    outer loop
      vertex -25.8016 -40.91 0
      vertex -15.4221 -37.2323 0
      vertex -25.8928 -41.2106 0
    endloop
  endfacet
  facet normal 0 -0 -1
    outer loop
      vertex -25.7303 -40.6041 0
      vertex -17.8242 -36.144 0
      vertex -25.8016 -40.91 0
    endloop
  endfacet
  facet normal 0 0 -1
    outer loop
      vertex -26.0034 -41.5045 0
      vertex -21.0476 -50.8134 0
      vertex -24.3259 -49.328 0
    endloop
  endfacet
  facet normal 0 -0 -1
    outer loop
      vertex -25.6381 -39.6677 0
      vertex -17.8242 -36.144 0
      vertex -25.6483 -39.9816 0
    endloop
  endfacet
  facet normal 0 0 -1
    outer loop
      vertex -25.6791 -39.0411 0
      vertex -20.15 -34.9008 0
      vertex -25.6483 -39.3537 0
    endloop
  endfacet
  facet normal 0 0 -1
    outer loop
      vertex -25.6483 -39.3537 0
      vertex -20.15 -34.9008 0
      vertex -25.6381 -39.6677 0
    endloop
  endfacet
  facet normal -0 0 -1
    outer loop
      vertex -17.8242 -36.144 0
      vertex -25.6381 -39.6677 0
      vertex -20.15 -34.9008 0
    endloop
  endfacet
  facet normal 0 -0 -1
    outer loop
      vertex -25.6483 -39.9816 0
      vertex -17.8242 -36.144 0
      vertex -25.6791 -40.2942 0
    endloop
  endfacet
  facet normal 0 -0 -1
    outer loop
      vertex -25.6791 -40.2942 0
      vertex -17.8242 -36.144 0
      vertex -25.7303 -40.6041 0
    endloop
  endfacet
  facet normal -0 0 -1
    outer loop
      vertex -15.4221 -37.2323 0
      vertex -25.8016 -40.91 0
      vertex -17.8242 -36.144 0
    endloop
  endfacet
  facet normal 0 0 -1
    outer loop
      vertex -21.0476 -50.8134 0
      vertex -26.0034 -41.5045 0
      vertex -25.8928 -41.2106 0
    endloop
  endfacet
  facet normal 0 0 -1
    outer loop
      vertex -24.3259 -49.328 0
      vertex -26.1331 -41.7907 0
      vertex -26.0034 -41.5045 0
    endloop
  endfacet
  facet normal 0 0 -1
    outer loop
      vertex -24.3259 -49.328 0
      vertex -26.2811 -42.0677 0
      vertex -26.1331 -41.7907 0
    endloop
  endfacet
  facet normal 0 0 -1
    outer loop
      vertex -24.3259 -49.328 0
      vertex -26.447 -42.3344 0
      vertex -26.2811 -42.0677 0
    endloop
  endfacet
  facet normal 0 0 -1
    outer loop
      vertex -24.3259 -49.328 0
      vertex -26.63 -42.5897 0
      vertex -26.447 -42.3344 0
    endloop
  endfacet
  facet normal 0 0 -1
    outer loop
      vertex -24.3259 -49.328 0
      vertex -26.8292 -42.8325 0
      vertex -26.63 -42.5897 0
    endloop
  endfacet
  facet normal 0 0 -1
    outer loop
      vertex -24.3259 -49.328 0
      vertex -27.044 -43.0618 0
      vertex -26.8292 -42.8325 0
    endloop
  endfacet
  facet normal 0 0 -1
    outer loop
      vertex -27.5 -47.6314 0
      vertex -27.044 -43.0618 0
      vertex -24.3259 -49.328 0
    endloop
  endfacet
  facet normal 0 0 -1
    outer loop
      vertex -27.044 -43.0618 0
      vertex -27.5 -47.6314 0
      vertex -27.2732 -43.2765 0
    endloop
  endfacet
  facet normal 0 0 -1
    outer loop
      vertex -27.5 -47.6314 0
      vertex -27.516 -43.4758 0
      vertex -27.2732 -43.2765 0
    endloop
  endfacet
  facet normal 0 0 -1
    outer loop
      vertex -27.5 -47.6314 0
      vertex -27.7713 -43.6587 0
      vertex -27.516 -43.4758 0
    endloop
  endfacet
  facet normal 0 0 -1
    outer loop
      vertex -28.0399 -47.2957 0
      vertex -27.7713 -43.6587 0
      vertex -27.5 -47.6314 0
    endloop
  endfacet
  facet normal 0 0 -1
    outer loop
      vertex -27.7713 -43.6587 0
      vertex -28.0399 -47.2957 0
      vertex -28.0381 -43.8246 0
    endloop
  endfacet
  facet normal 0 0 -1
    outer loop
      vertex -28.0399 -47.2957 0
      vertex -28.3151 -43.9727 0
      vertex -28.0381 -43.8246 0
    endloop
  endfacet
  facet normal 0 0 -1
    outer loop
      vertex -29.1957 -44.3041 0
      vertex -28.0399 -47.2957 0
      vertex -28.3675 -47.3951 0
    endloop
  endfacet
  facet normal 0 0 -1
    outer loop
      vertex -28.0399 -47.2957 0
      vertex -28.6012 -44.1023 0
      vertex -28.3151 -43.9727 0
    endloop
  endfacet
  facet normal 0 0 -1
    outer loop
      vertex -29.1957 -44.3041 0
      vertex -28.3675 -47.3951 0
      vertex -28.8773 -47.5139 0
    endloop
  endfacet
  facet normal 0 0 -1
    outer loop
      vertex -28.0399 -47.2957 0
      vertex -28.8952 -44.2129 0
      vertex -28.6012 -44.1023 0
    endloop
  endfacet
  facet normal 0 0 -1
    outer loop
      vertex -28.0399 -47.2957 0
      vertex -29.1957 -44.3041 0
      vertex -28.8952 -44.2129 0
    endloop
  endfacet
  facet normal 0 0 -1
    outer loop
      vertex -29.5016 -44.3754 0
      vertex -28.8773 -47.5139 0
      vertex -29.3939 -47.5992 0
    endloop
  endfacet
  facet normal 0 0 -1
    outer loop
      vertex -28.8773 -47.5139 0
      vertex -29.5016 -44.3754 0
      vertex -29.1957 -44.3041 0
    endloop
  endfacet
  facet normal 0 0 -1
    outer loop
      vertex -29.3939 -47.5992 0
      vertex -29.8115 -44.4266 0
      vertex -29.5016 -44.3754 0
    endloop
  endfacet
  facet normal 0 0 -1
    outer loop
      vertex -29.9148 -47.6505 0
      vertex -29.8115 -44.4266 0
      vertex -29.3939 -47.5992 0
    endloop
  endfacet
  facet normal 0 0 -1
    outer loop
      vertex -29.9148 -47.6505 0
      vertex -30.1241 -44.4574 0
      vertex -29.8115 -44.4266 0
    endloop
  endfacet
  facet normal 0 0 -1
    outer loop
      vertex -30.4381 -47.6677 0
      vertex -30.1241 -44.4574 0
      vertex -29.9148 -47.6505 0
    endloop
  endfacet
  facet normal 0 0 -1
    outer loop
      vertex -30.4381 -47.6677 0
      vertex -30.4381 -44.4677 0
      vertex -30.1241 -44.4574 0
    endloop
  endfacet
  facet normal 0 0 -1
    outer loop
      vertex -30.4381 -47.6677 0
      vertex -30.752 -44.4574 0
      vertex -30.4381 -44.4677 0
    endloop
  endfacet
  facet normal 0 0 -1
    outer loop
      vertex -30.9613 -47.6505 0
      vertex -30.752 -44.4574 0
      vertex -30.4381 -47.6677 0
    endloop
  endfacet
  facet normal 0 0 -1
    outer loop
      vertex -30.9613 -47.6505 0
      vertex -31.0646 -44.4266 0
      vertex -30.752 -44.4574 0
    endloop
  endfacet
  facet normal 0 0 -1
    outer loop
      vertex -31.4823 -47.5992 0
      vertex -31.0646 -44.4266 0
      vertex -30.9613 -47.6505 0
    endloop
  endfacet
  facet normal -0 0 -1
    outer loop
      vertex -31.0646 -44.4266 0
      vertex -31.4823 -47.5992 0
      vertex -31.3745 -44.3754 0
    endloop
  endfacet
  facet normal 0 0 -1
    outer loop
      vertex -31.9988 -47.5139 0
      vertex -31.3745 -44.3754 0
      vertex -31.4823 -47.5992 0
    endloop
  endfacet
  facet normal -0 0 -1
    outer loop
      vertex -31.3745 -44.3754 0
      vertex -31.9988 -47.5139 0
      vertex -31.6804 -44.3041 0
    endloop
  endfacet
  facet normal 0 0 -1
    outer loop
      vertex -32.5086 -47.3951 0
      vertex -31.6804 -44.3041 0
      vertex -31.9988 -47.5139 0
    endloop
  endfacet
  facet normal -0 0 -1
    outer loop
      vertex -31.6804 -44.3041 0
      vertex -32.5086 -47.3951 0
      vertex -31.981 -44.2129 0
    endloop
  endfacet
  facet normal 0 0 -1
    outer loop
      vertex -33.0096 -47.2431 0
      vertex -31.981 -44.2129 0
      vertex -32.5086 -47.3951 0
    endloop
  endfacet
  facet normal -0 0 -1
    outer loop
      vertex -31.981 -44.2129 0
      vertex -33.0096 -47.2431 0
      vertex -32.275 -44.1023 0
    endloop
  endfacet
  facet normal 0 0 -1
    outer loop
      vertex -33.4995 -47.0587 0
      vertex -32.275 -44.1023 0
      vertex -33.0096 -47.2431 0
    endloop
  endfacet
  facet normal -0 0 -1
    outer loop
      vertex -32.275 -44.1023 0
      vertex -33.4995 -47.0587 0
      vertex -32.5611 -43.9727 0
    endloop
  endfacet
  facet normal 0 0 -1
    outer loop
      vertex -33.9764 -46.8426 0
      vertex -32.5611 -43.9727 0
      vertex -33.4995 -47.0587 0
    endloop
  endfacet
  facet normal -0 0 -1
    outer loop
      vertex -32.5611 -43.9727 0
      vertex -33.9764 -46.8426 0
      vertex -32.8381 -43.8246 0
    endloop
  endfacet
  facet normal 0 0 -1
    outer loop
      vertex -34.4381 -46.5959 0
      vertex -32.8381 -43.8246 0
      vertex -33.9764 -46.8426 0
    endloop
  endfacet
  facet normal -0 0 -1
    outer loop
      vertex -32.8381 -43.8246 0
      vertex -34.4381 -46.5959 0
      vertex -33.1048 -43.6587 0
    endloop
  endfacet
  facet normal 0 0 -1
    outer loop
      vertex -34.8826 -46.3194 0
      vertex -33.1048 -43.6587 0
      vertex -34.4381 -46.5959 0
    endloop
  endfacet
  facet normal -0 0 -1
    outer loop
      vertex -33.1048 -43.6587 0
      vertex -34.8826 -46.3194 0
      vertex -33.3601 -43.4758 0
    endloop
  endfacet
  facet normal 0 0 -1
    outer loop
      vertex -35.3082 -46.0145 0
      vertex -33.3601 -43.4758 0
      vertex -34.8826 -46.3194 0
    endloop
  endfacet
  facet normal -0 0 -1
    outer loop
      vertex -33.3601 -43.4758 0
      vertex -35.3082 -46.0145 0
      vertex -33.6029 -43.2765 0
    endloop
  endfacet
  facet normal 0 0 -1
    outer loop
      vertex -35.7128 -45.6824 0
      vertex -33.6029 -43.2765 0
      vertex -35.3082 -46.0145 0
    endloop
  endfacet
  facet normal -0 0 -1
    outer loop
      vertex -33.6029 -43.2765 0
      vertex -35.7128 -45.6824 0
      vertex -33.8322 -43.0618 0
    endloop
  endfacet
  facet normal 0 0 -1
    outer loop
      vertex -36.0949 -45.3245 0
      vertex -33.8322 -43.0618 0
      vertex -35.7128 -45.6824 0
    endloop
  endfacet
  facet normal -0 0 -1
    outer loop
      vertex -33.8322 -43.0618 0
      vertex -36.0949 -45.3245 0
      vertex -34.0469 -42.8325 0
    endloop
  endfacet
  facet normal 0 0 -1
    outer loop
      vertex -36.4528 -44.9424 0
      vertex -34.0469 -42.8325 0
      vertex -36.0949 -45.3245 0
    endloop
  endfacet
  facet normal -0 0 -1
    outer loop
      vertex -34.0469 -42.8325 0
      vertex -36.4528 -44.9424 0
      vertex -34.2462 -42.5897 0
    endloop
  endfacet
  facet normal 0 0 -1
    outer loop
      vertex -36.7849 -44.5378 0
      vertex -34.2462 -42.5897 0
      vertex -36.4528 -44.9424 0
    endloop
  endfacet
  facet normal -0 0 -1
    outer loop
      vertex -34.2462 -42.5897 0
      vertex -36.7849 -44.5378 0
      vertex -34.4291 -42.3344 0
    endloop
  endfacet
  facet normal 0 0 -1
    outer loop
      vertex -37.0898 -44.1122 0
      vertex -34.4291 -42.3344 0
      vertex -36.7849 -44.5378 0
    endloop
  endfacet
  facet normal -0 0 -1
    outer loop
      vertex -34.4291 -42.3344 0
      vertex -37.0898 -44.1122 0
      vertex -34.595 -42.0677 0
    endloop
  endfacet
  facet normal 0 0 -1
    outer loop
      vertex -37.3663 -43.6677 0
      vertex -34.595 -42.0677 0
      vertex -37.0898 -44.1122 0
    endloop
  endfacet
  facet normal 0 0 -1
    outer loop
      vertex -37.6131 -43.206 0
      vertex -34.7431 -41.7907 0
      vertex -37.3663 -43.6677 0
    endloop
  endfacet
  facet normal -0 0 -1
    outer loop
      vertex -34.595 -42.0677 0
      vertex -37.3663 -43.6677 0
      vertex -34.7431 -41.7907 0
    endloop
  endfacet
  facet normal -0 0 -1
    outer loop
      vertex 48.5 -1.85021 0
      vertex 48.3299 -1.88986 0
      vertex 48.5 4.3 0
    endloop
  endfacet
  facet normal 0 0 -1
    outer loop
      vertex 57.5551 -7.04953 0
      vertex 54.362 -6.84024 0
      vertex 54.3722 -6.52631 0
    endloop
  endfacet
  facet normal 0 0 -1
    outer loop
      vertex 54.847 -12.541 0
      vertex 54.3312 -7.15283 0
      vertex 54.362 -6.84024 0
    endloop
  endfacet
  facet normal 0 0 -1
    outer loop
      vertex 54.847 -12.541 0
      vertex 54.28 -7.46274 0
      vertex 54.3312 -7.15283 0
    endloop
  endfacet
  facet normal 0 0 -1
    outer loop
      vertex 54.847 -12.541 0
      vertex 54.2087 -7.76864 0
      vertex 54.28 -7.46274 0
    endloop
  endfacet
  facet normal 0 0 -1
    outer loop
      vertex 54.847 -12.541 0
      vertex 54.1175 -8.06922 0
      vertex 54.2087 -7.76864 0
    endloop
  endfacet
  facet normal 0 0 -1
    outer loop
      vertex 52.4943 -10.3344 0
      vertex 54.4423 -12.8731 0
      vertex 54.0168 -13.1781 0
    endloop
  endfacet
  facet normal 0 0 -1
    outer loop
      vertex 54.847 -12.541 0
      vertex 54.0069 -8.36319 0
      vertex 54.1175 -8.06922 0
    endloop
  endfacet
  facet normal 0 0 -1
    outer loop
      vertex 54.847 -12.541 0
      vertex 53.8772 -8.64929 0
      vertex 54.0069 -8.36319 0
    endloop
  endfacet
  facet normal 0 0 -1
    outer loop
      vertex 54.847 -12.541 0
      vertex 53.7292 -8.92631 0
      vertex 53.8772 -8.64929 0
    endloop
  endfacet
  facet normal 0 0 -1
    outer loop
      vertex 52.239 -10.5174 0
      vertex 54.0168 -13.1781 0
      vertex 53.5722 -13.4545 0
    endloop
  endfacet
  facet normal 0 0 -1
    outer loop
      vertex 54.847 -12.541 0
      vertex 53.5633 -9.19305 0
      vertex 53.7292 -8.92631 0
    endloop
  endfacet
  facet normal 0 0 -1
    outer loop
      vertex 54.847 -12.541 0
      vertex 53.3803 -9.44836 0
      vertex 53.5633 -9.19305 0
    endloop
  endfacet
  facet normal 0 0 -1
    outer loop
      vertex 51.9722 -10.6832 0
      vertex 53.5722 -13.4545 0
      vertex 53.2703 -13.6159 0
    endloop
  endfacet
  facet normal 0 0 -1
    outer loop
      vertex 54.847 -12.541 0
      vertex 53.1811 -9.69117 0
      vertex 53.3803 -9.44836 0
    endloop
  endfacet
  facet normal 0 0 -1
    outer loop
      vertex 50.5087 -11.2341 0
      vertex 53.2703 -13.6159 0
      vertex 53.1259 -14.235 0
    endloop
  endfacet
  facet normal 0 0 -1
    outer loop
      vertex 54.847 -12.541 0
      vertex 52.9664 -9.92042 0
      vertex 53.1811 -9.69117 0
    endloop
  endfacet
  facet normal 0 0 -1
    outer loop
      vertex 54.847 -12.541 0
      vertex 52.7371 -10.1351 0
      vertex 52.9664 -9.92042 0
    endloop
  endfacet
  facet normal 0 0 -1
    outer loop
      vertex 54.4423 -12.8731 0
      vertex 52.4943 -10.3344 0
      vertex 52.7371 -10.1351 0
    endloop
  endfacet
  facet normal 0 0 -1
    outer loop
      vertex 54.0168 -13.1781 0
      vertex 52.239 -10.5174 0
      vertex 52.4943 -10.3344 0
    endloop
  endfacet
  facet normal 0 0 -1
    outer loop
      vertex 49.5722 -11.3263 0
      vertex 53.1259 -14.235 0
      vertex 52.0812 -17.6792 0
    endloop
  endfacet
  facet normal 0 0 -1
    outer loop
      vertex 53.5722 -13.4545 0
      vertex 51.9722 -10.6832 0
      vertex 52.239 -10.5174 0
    endloop
  endfacet
  facet normal 0 0 -1
    outer loop
      vertex 53.2703 -13.6159 0
      vertex 51.6952 -10.8313 0
      vertex 51.9722 -10.6832 0
    endloop
  endfacet
  facet normal 0 0 -1
    outer loop
      vertex 53.2703 -13.6159 0
      vertex 51.4091 -10.9609 0
      vertex 51.6952 -10.8313 0
    endloop
  endfacet
  facet normal 0 0 -1
    outer loop
      vertex 53.2703 -13.6159 0
      vertex 51.1152 -11.0716 0
      vertex 51.4091 -10.9609 0
    endloop
  endfacet
  facet normal 0 0 -1
    outer loop
      vertex 53.2703 -13.6159 0
      vertex 50.8146 -11.1628 0
      vertex 51.1152 -11.0716 0
    endloop
  endfacet
  facet normal 0 0 -1
    outer loop
      vertex 48.0293 -11.0716 0
      vertex 52.0812 -17.6792 0
      vertex 50.8134 -21.0476 0
    endloop
  endfacet
  facet normal 0 0 -1
    outer loop
      vertex 53.2703 -13.6159 0
      vertex 50.5087 -11.2341 0
      vertex 50.8146 -11.1628 0
    endloop
  endfacet
  facet normal 0 0 -1
    outer loop
      vertex 53.1259 -14.235 0
      vertex 50.1988 -11.2852 0
      vertex 50.5087 -11.2341 0
    endloop
  endfacet
  facet normal 0 0 -1
    outer loop
      vertex 53.1259 -14.235 0
      vertex 49.8862 -11.316 0
      vertex 50.1988 -11.2852 0
    endloop
  endfacet
  facet normal 0 0 -1
    outer loop
      vertex 53.1259 -14.235 0
      vertex 49.5722 -11.3263 0
      vertex 49.8862 -11.316 0
    endloop
  endfacet
  facet normal 0 0 -1
    outer loop
      vertex 38.9268 -10.4304 0
      vertex 50.8134 -21.0476 0
      vertex 49.328 -24.3259 0
    endloop
  endfacet
  facet normal 0 0 -1
    outer loop
      vertex 52.0812 -17.6792 0
      vertex 49.2583 -11.316 0
      vertex 49.5722 -11.3263 0
    endloop
  endfacet
  facet normal 0 0 -1
    outer loop
      vertex 52.0812 -17.6792 0
      vertex 48.9457 -11.2852 0
      vertex 49.2583 -11.316 0
    endloop
  endfacet
  facet normal 0 0 -1
    outer loop
      vertex 52.0812 -17.6792 0
      vertex 48.6358 -11.2341 0
      vertex 48.9457 -11.2852 0
    endloop
  endfacet
  facet normal 0 0 -1
    outer loop
      vertex 52.0812 -17.6792 0
      vertex 48.3299 -11.1628 0
      vertex 48.6358 -11.2341 0
    endloop
  endfacet
  facet normal 0 0 -1
    outer loop
      vertex 52.0812 -17.6792 0
      vertex 48.0293 -11.0716 0
      vertex 48.3299 -11.1628 0
    endloop
  endfacet
  facet normal 0 0 -1
    outer loop
      vertex 50.8134 -21.0476 0
      vertex 47.7354 -10.9609 0
      vertex 48.0293 -11.0716 0
    endloop
  endfacet
  facet normal 0 0 -1
    outer loop
      vertex 38.9268 -10.4304 0
      vertex 49.328 -24.3259 0
      vertex 47.6314 -27.5 0
    endloop
  endfacet
  facet normal 0 0 -1
    outer loop
      vertex 50.8134 -21.0476 0
      vertex 47.4493 -10.8313 0
      vertex 47.7354 -10.9609 0
    endloop
  endfacet
  facet normal 0 0 -1
    outer loop
      vertex 50.8134 -21.0476 0
      vertex 47.1722 -10.6832 0
      vertex 47.4493 -10.8313 0
    endloop
  endfacet
  facet normal 0 0 -1
    outer loop
      vertex 38.9268 -10.4304 0
      vertex 47.1722 -10.6832 0
      vertex 50.8134 -21.0476 0
    endloop
  endfacet
  facet normal 0 0 -1
    outer loop
      vertex 47.1722 -10.6832 0
      vertex 38.9268 -10.4304 0
      vertex 46.9055 -10.5174 0
    endloop
  endfacet
  facet normal 0 0 -1
    outer loop
      vertex 46.9055 -10.5174 0
      vertex 38.9268 -10.4304 0
      vertex 46.6502 -10.3344 0
    endloop
  endfacet
  facet normal 0 0 -1
    outer loop
      vertex 38.9268 -10.4304 0
      vertex 46.4074 -10.1351 0
      vertex 46.6502 -10.3344 0
    endloop
  endfacet
  facet normal 0 0 -1
    outer loop
      vertex 38.9268 -10.4304 0
      vertex 46.1781 -9.92042 0
      vertex 46.4074 -10.1351 0
    endloop
  endfacet
  facet normal 0 0 -1
    outer loop
      vertex 38.9268 -10.4304 0
      vertex 45.9634 -9.69117 0
      vertex 46.1781 -9.92042 0
    endloop
  endfacet
  facet normal 0 0 -1
    outer loop
      vertex 38.9268 -10.4304 0
      vertex 47.6314 -27.5 0
      vertex 45.7308 -30.5564 0
    endloop
  endfacet
  facet normal 0 0 -1
    outer loop
      vertex 38.9268 -10.4304 0
      vertex 45.7641 -9.44836 0
      vertex 45.9634 -9.69117 0
    endloop
  endfacet
  facet normal 0 0 -1
    outer loop
      vertex 38.9268 -10.4304 0
      vertex 45.5812 -9.19305 0
      vertex 45.7641 -9.44836 0
    endloop
  endfacet
  facet normal 0 0 -1
    outer loop
      vertex 38.9268 -10.4304 0
      vertex 45.4153 -8.92631 0
      vertex 45.5812 -9.19305 0
    endloop
  endfacet
  facet normal 0 0 -1
    outer loop
      vertex 38.9268 -10.4304 0
      vertex 45.2673 -8.64929 0
      vertex 45.4153 -8.92631 0
    endloop
  endfacet
  facet normal 0 0 -1
    outer loop
      vertex 38.9268 -10.4304 0
      vertex 45.1376 -8.36319 0
      vertex 45.2673 -8.64929 0
    endloop
  endfacet
  facet normal 0 0 -1
    outer loop
      vertex 45.1376 -8.36319 0
      vertex 39.5256 -7.86214 0
      vertex 45.027 -8.06922 0
    endloop
  endfacet
  facet normal 0 0 -1
    outer loop
      vertex 45.027 -8.06922 0
      vertex 39.5256 -7.86214 0
      vertex 44.9358 -7.76864 0
    endloop
  endfacet
  facet normal -0 0 -1
    outer loop
      vertex 44.9358 -7.76864 0
      vertex 39.5256 -7.86214 0
      vertex 44.8645 -7.46274 0
    endloop
  endfacet
  facet normal -0 0 -1
    outer loop
      vertex 44.8645 -7.46274 0
      vertex 39.5256 -7.86214 0
      vertex 44.8133 -7.15283 0
    endloop
  endfacet
  facet normal -0 0 -1
    outer loop
      vertex 44.8133 -7.15283 0
      vertex 39.5256 -7.86214 0
      vertex 44.7825 -6.84024 0
    endloop
  endfacet
  facet normal 0 0 -1
    outer loop
      vertex 38.9268 -10.4304 0
      vertex 45.7308 -30.5564 0
      vertex 43.6344 -33.4819 0
    endloop
  endfacet
  facet normal 0 0 -1
    outer loop
      vertex 54.3722 -6.52631 0
      vertex 57.5722 -6.52631 0
      vertex 57.5551 -7.04953 0
    endloop
  endfacet
  facet normal 0 0 -1
    outer loop
      vertex 54.362 -6.84024 0
      vertex 57.5551 -7.04953 0
      vertex 57.5038 -7.57052 0
    endloop
  endfacet
  facet normal 0 0 -1
    outer loop
      vertex 57.5722 -6.52631 0
      vertex 54.3722 -6.52631 0
      vertex 57.5551 -6.00308 0
    endloop
  endfacet
  facet normal 0 0 -1
    outer loop
      vertex 54.362 -6.84024 0
      vertex 57.5038 -7.57052 0
      vertex 57.4185 -8.08703 0
    endloop
  endfacet
  facet normal 0 0 -1
    outer loop
      vertex 54.362 -6.21237 0
      vertex 57.5551 -6.00308 0
      vertex 54.3722 -6.52631 0
    endloop
  endfacet
  facet normal 0 0 -1
    outer loop
      vertex 54.362 -6.84024 0
      vertex 57.4185 -8.08703 0
      vertex 57.2996 -8.59686 0
    endloop
  endfacet
  facet normal -0 0 -1
    outer loop
      vertex 57.5551 -6.00308 0
      vertex 54.362 -6.21237 0
      vertex 57.5038 -5.4821 0
    endloop
  endfacet
  facet normal 0 0 -1
    outer loop
      vertex 54.362 -6.84024 0
      vertex 57.2996 -8.59686 0
      vertex 57.1477 -9.09783 0
    endloop
  endfacet
  facet normal 0 0 -1
    outer loop
      vertex 54.3312 -5.89978 0
      vertex 57.5038 -5.4821 0
      vertex 54.362 -6.21237 0
    endloop
  endfacet
  facet normal 0 0 -1
    outer loop
      vertex 54.362 -6.84024 0
      vertex 57.1477 -9.09783 0
      vertex 56.9633 -9.58778 0
    endloop
  endfacet
  facet normal -0 0 -1
    outer loop
      vertex 57.5038 -5.4821 0
      vertex 54.3312 -5.89978 0
      vertex 57.4185 -4.96559 0
    endloop
  endfacet
  facet normal 0 0 -1
    outer loop
      vertex 54.362 -6.84024 0
      vertex 56.9633 -9.58778 0
      vertex 56.7472 -10.0646 0
    endloop
  endfacet
  facet normal 0 0 -1
    outer loop
      vertex 54.28 -5.58988 0
      vertex 57.4185 -4.96559 0
      vertex 54.3312 -5.89978 0
    endloop
  endfacet
  facet normal 0 0 -1
    outer loop
      vertex 54.362 -6.84024 0
      vertex 56.7472 -10.0646 0
      vertex 56.5004 -10.5263 0
    endloop
  endfacet
  facet normal -0 0 -1
    outer loop
      vertex 57.4185 -4.96559 0
      vertex 54.28 -5.58988 0
      vertex 57.2996 -4.45576 0
    endloop
  endfacet
  facet normal 0 0 -1
    outer loop
      vertex 54.362 -6.84024 0
      vertex 56.5004 -10.5263 0
      vertex 56.224 -10.9709 0
    endloop
  endfacet
  facet normal 0 0 -1
    outer loop
      vertex 54.2087 -5.28398 0
      vertex 57.2996 -4.45576 0
      vertex 54.28 -5.58988 0
    endloop
  endfacet
  facet normal 0 0 -1
    outer loop
      vertex 54.362 -6.84024 0
      vertex 56.224 -10.9709 0
      vertex 55.9191 -11.3964 0
    endloop
  endfacet
  facet normal -0 0 -1
    outer loop
      vertex 57.2996 -4.45576 0
      vertex 54.2087 -5.28398 0
      vertex 57.1477 -3.95479 0
    endloop
  endfacet
  facet normal 0 0 -1
    outer loop
      vertex 54.362 -6.84024 0
      vertex 55.9191 -11.3964 0
      vertex 55.587 -11.8011 0
    endloop
  endfacet
  facet normal 0 0 -1
    outer loop
      vertex 54.1175 -4.9834 0
      vertex 57.1477 -3.95479 0
      vertex 54.2087 -5.28398 0
    endloop
  endfacet
  facet normal 0 0 -1
    outer loop
      vertex 54.362 -6.84024 0
      vertex 55.587 -11.8011 0
      vertex 55.2291 -12.1832 0
    endloop
  endfacet
  facet normal -0 0 -1
    outer loop
      vertex 57.1477 -3.95479 0
      vertex 54.1175 -4.9834 0
      vertex 56.9633 -3.46484 0
    endloop
  endfacet
  facet normal 0 0 -1
    outer loop
      vertex 54.0069 -4.68943 0
      vertex 56.9633 -3.46484 0
      vertex 54.1175 -4.9834 0
    endloop
  endfacet
  facet normal -0 0 -1
    outer loop
      vertex 56.9633 -3.46484 0
      vertex 54.0069 -4.68943 0
      vertex 56.7472 -2.988 0
    endloop
  endfacet
  facet normal 0 0 -1
    outer loop
      vertex 54.362 -6.84024 0
      vertex 55.2291 -12.1832 0
      vertex 54.847 -12.541 0
    endloop
  endfacet
  facet normal -0 0 -1
    outer loop
      vertex 56.7472 -2.988 0
      vertex 53.8772 -4.40332 0
      vertex 56.5004 -2.52631 0
    endloop
  endfacet
  facet normal 0 0 -1
    outer loop
      vertex 52.7371 -10.1351 0
      vertex 54.847 -12.541 0
      vertex 54.4423 -12.8731 0
    endloop
  endfacet
  facet normal 0 0 -1
    outer loop
      vertex 53.8772 -4.40332 0
      vertex 56.7472 -2.988 0
      vertex 54.0069 -4.68943 0
    endloop
  endfacet
  facet normal 0 0 -1
    outer loop
      vertex 53.7292 -4.12631 0
      vertex 56.5004 -2.52631 0
      vertex 53.8772 -4.40332 0
    endloop
  endfacet
  facet normal -0 0 -1
    outer loop
      vertex 56.5004 -2.52631 0
      vertex 53.7292 -4.12631 0
      vertex 56.224 -2.08175 0
    endloop
  endfacet
  facet normal 0 0 -1
    outer loop
      vertex 53.5633 -3.85957 0
      vertex 56.224 -2.08175 0
      vertex 53.7292 -4.12631 0
    endloop
  endfacet
  facet normal -0 0 -1
    outer loop
      vertex 56.224 -2.08175 0
      vertex 53.5633 -3.85957 0
      vertex 55.9191 -1.65622 0
    endloop
  endfacet
  facet normal 0 0 -1
    outer loop
      vertex 53.3803 -3.60425 0
      vertex 55.9191 -1.65622 0
      vertex 53.5633 -3.85957 0
    endloop
  endfacet
  facet normal -0 0 -1
    outer loop
      vertex 55.9191 -1.65622 0
      vertex 53.3803 -3.60425 0
      vertex 55.587 -1.25154 0
    endloop
  endfacet
  facet normal 0 0 -1
    outer loop
      vertex 53.1811 -3.36145 0
      vertex 55.587 -1.25154 0
      vertex 53.3803 -3.60425 0
    endloop
  endfacet
  facet normal -0 0 -1
    outer loop
      vertex 55.587 -1.25154 0
      vertex 53.1811 -3.36145 0
      vertex 55.2291 -0.869455 0
    endloop
  endfacet
  facet normal 0 0 -1
    outer loop
      vertex 52.9664 -3.1322 0
      vertex 55.2291 -0.869455 0
      vertex 53.1811 -3.36145 0
    endloop
  endfacet
  facet normal -0 0 -1
    outer loop
      vertex 55.2291 -0.869455 0
      vertex 52.9664 -3.1322 0
      vertex 54.9792 -0.635401 0
    endloop
  endfacet
  facet normal 0 0 -1
    outer loop
      vertex 52.7371 -2.91748 0
      vertex 54.9792 -0.635401 0
      vertex 52.9664 -3.1322 0
    endloop
  endfacet
  facet normal 0 0 -1
    outer loop
      vertex 52.4943 -2.71821 0
      vertex 54.9792 -0.635401 0
      vertex 52.7371 -2.91748 0
    endloop
  endfacet
  facet normal -0 0 -1
    outer loop
      vertex 54.5295 7.17894 0
      vertex 51.5 4.3 0
      vertex 53.9432 10.73 0
    endloop
  endfacet
  facet normal 0 0 -1
    outer loop
      vertex 52.239 -2.53526 0
      vertex 54.9792 -0.635401 0
      vertex 52.4943 -2.71821 0
    endloop
  endfacet
  facet normal 0 0 -1
    outer loop
      vertex 54.8822 3.59717 0
      vertex 51.5 4.3 0
      vertex 54.5295 7.17894 0
    endloop
  endfacet
  facet normal 0 0 -1
    outer loop
      vertex 51.9722 -2.36939 0
      vertex 54.9792 -0.635401 0
      vertex 52.239 -2.53526 0
    endloop
  endfacet
  facet normal 0 0 -1
    outer loop
      vertex 51.6952 -2.22132 0
      vertex 54.9792 -0.635401 0
      vertex 51.9722 -2.36939 0
    endloop
  endfacet
  facet normal 0 0 -1
    outer loop
      vertex 48.5 4.3 0
      vertex 53.9432 10.73 0
      vertex 51.5 4.3 0
    endloop
  endfacet
  facet normal 0 0 -1
    outer loop
      vertex 51.5 -2.13286 0
      vertex 54.9792 -0.635401 0
      vertex 51.6952 -2.22132 0
    endloop
  endfacet
  facet normal 0 0 -1
    outer loop
      vertex 51.5 4.3 0
      vertex 54.9792 -0.635401 0
      vertex 51.5 -2.13286 0
    endloop
  endfacet
  facet normal 0 0 -1
    outer loop
      vertex 54.9792 -0.635401 0
      vertex 51.5 4.3 0
      vertex 54.8822 3.59717 0
    endloop
  endfacet
  facet normal -0 0 -1
    outer loop
      vertex 53.9432 10.73 0
      vertex 48.5 4.3 0
      vertex 53.1259 14.235 0
    endloop
  endfacet
  facet normal 0 0 -1
    outer loop
      vertex 39.5256 7.86214 0
      vertex 48.5 4.3 0
      vertex 39.9552 5.26021 0
    endloop
  endfacet
  facet normal 0 0 -1
    outer loop
      vertex 39.9552 5.26021 0
      vertex 48.5 4.3 0
      vertex 40.2137 2.63575 0
    endloop
  endfacet
  facet normal 0 0 -1
    outer loop
      vertex 47.1722 -2.36939 0
      vertex 40.2137 2.63575 0
      vertex 48.5 4.3 0
    endloop
  endfacet
  facet normal 0 0 -1
    outer loop
      vertex 48.0293 -1.98104 0
      vertex 48.5 4.3 0
      vertex 48.3299 -1.88986 0
    endloop
  endfacet
  facet normal 0 0 -1
    outer loop
      vertex 47.7354 -2.09169 0
      vertex 48.5 4.3 0
      vertex 48.0293 -1.98104 0
    endloop
  endfacet
  facet normal 0 0 -1
    outer loop
      vertex 47.4493 -2.22132 0
      vertex 48.5 4.3 0
      vertex 47.7354 -2.09169 0
    endloop
  endfacet
  facet normal 0 0 -1
    outer loop
      vertex 38.9268 10.4304 0
      vertex 48.5 4.3 0
      vertex 39.5256 7.86214 0
    endloop
  endfacet
  facet normal 0 0 -1
    outer loop
      vertex 47.1722 -2.36939 0
      vertex 48.5 4.3 0
      vertex 47.4493 -2.22132 0
    endloop
  endfacet
  facet normal 0 0 -1
    outer loop
      vertex 40.2137 2.63575 0
      vertex 47.1722 -2.36939 0
      vertex 40.3 0 0
    endloop
  endfacet
  facet normal 0 0 -1
    outer loop
      vertex 40.3 0 0
      vertex 47.1722 -2.36939 0
      vertex 46.9055 -2.53526 0
    endloop
  endfacet
  facet normal 0 0 -1
    outer loop
      vertex 40.3 0 0
      vertex 46.9055 -2.53526 0
      vertex 46.6502 -2.71821 0
    endloop
  endfacet
  facet normal 0 0 -1
    outer loop
      vertex 40.3 0 0
      vertex 46.6502 -2.71821 0
      vertex 46.4074 -2.91748 0
    endloop
  endfacet
  facet normal 0 0 -1
    outer loop
      vertex 40.3 0 0
      vertex 46.4074 -2.91748 0
      vertex 46.1781 -3.1322 0
    endloop
  endfacet
  facet normal 0 0 -1
    outer loop
      vertex 40.3 0 0
      vertex 46.1781 -3.1322 0
      vertex 45.9634 -3.36145 0
    endloop
  endfacet
  facet normal 0 0 -1
    outer loop
      vertex 40.3 0 0
      vertex 45.9634 -3.36145 0
      vertex 45.7641 -3.60425 0
    endloop
  endfacet
  facet normal 0 0 -1
    outer loop
      vertex 48.5 4.3 0
      vertex 38.9268 10.4304 0
      vertex 53.1259 14.235 0
    endloop
  endfacet
  facet normal 0 0 -1
    outer loop
      vertex 40.2137 -2.63575 0
      vertex 45.7641 -3.60425 0
      vertex 45.5812 -3.85957 0
    endloop
  endfacet
  facet normal 0 0 -1
    outer loop
      vertex 40.2137 -2.63575 0
      vertex 45.5812 -3.85957 0
      vertex 45.4153 -4.12631 0
    endloop
  endfacet
  facet normal 0 0 -1
    outer loop
      vertex 40.2137 -2.63575 0
      vertex 45.4153 -4.12631 0
      vertex 45.2673 -4.40332 0
    endloop
  endfacet
  facet normal 0 0 -1
    outer loop
      vertex 40.2137 -2.63575 0
      vertex 45.2673 -4.40332 0
      vertex 45.1376 -4.68943 0
    endloop
  endfacet
  facet normal 0 0 -1
    outer loop
      vertex 40.2137 -2.63575 0
      vertex 45.1376 -4.68943 0
      vertex 45.027 -4.9834 0
    endloop
  endfacet
  facet normal 0 0 -1
    outer loop
      vertex 39.9552 -5.26021 0
      vertex 45.027 -4.9834 0
      vertex 44.9358 -5.28398 0
    endloop
  endfacet
  facet normal 0 0 -1
    outer loop
      vertex 39.9552 -5.26021 0
      vertex 44.9358 -5.28398 0
      vertex 44.8645 -5.58988 0
    endloop
  endfacet
  facet normal 0 0 -1
    outer loop
      vertex 39.9552 -5.26021 0
      vertex 44.8645 -5.58988 0
      vertex 44.8133 -5.89978 0
    endloop
  endfacet
  facet normal 0 0 -1
    outer loop
      vertex 39.9552 -5.26021 0
      vertex 44.8133 -5.89978 0
      vertex 44.7825 -6.21237 0
    endloop
  endfacet
  facet normal 0 0 -1
    outer loop
      vertex 39.9552 -5.26021 0
      vertex 44.7825 -6.21237 0
      vertex 44.7722 -6.52631 0
    endloop
  endfacet
  facet normal 0 -0 -1
    outer loop
      vertex 39.9552 -5.26021 0
      vertex 44.7825 -6.84024 0
      vertex 39.5256 -7.86214 0
    endloop
  endfacet
  facet normal -0 0 -1
    outer loop
      vertex 53.1259 14.235 0
      vertex 38.9268 10.4304 0
      vertex 52.0812 17.6792 0
    endloop
  endfacet
  facet normal 0 0 -1
    outer loop
      vertex 39.4566 -33.3754 0
      vertex 43.6344 -33.4819 0
      vertex 41.3512 -36.264 0
    endloop
  endfacet
  facet normal 0 0 -1
    outer loop
      vertex 38.1613 12.954 0
      vertex 52.0812 17.6792 0
      vertex 38.9268 10.4304 0
    endloop
  endfacet
  facet normal -0 0 -1
    outer loop
      vertex 52.0812 17.6792 0
      vertex 38.1613 12.954 0
      vertex 50.8134 21.0476 0
    endloop
  endfacet
  facet normal 0 0 -1
    outer loop
      vertex 45.7641 -3.60425 0
      vertex 40.2137 -2.63575 0
      vertex 40.3 0 0
    endloop
  endfacet
  facet normal -0 0 -1
    outer loop
      vertex 45.027 -4.9834 0
      vertex 39.9552 -5.26021 0
      vertex 40.2137 -2.63575 0
    endloop
  endfacet
  facet normal 0 0 -1
    outer loop
      vertex 44.7825 -6.84024 0
      vertex 39.9552 -5.26021 0
      vertex 44.7722 -6.52631 0
    endloop
  endfacet
  facet normal 0 0 -1
    outer loop
      vertex 37.3352 -31.2541 0
      vertex 43.6344 -33.4819 0
      vertex 39.4566 -33.3754 0
    endloop
  endfacet
  facet normal 0 0 -1
    outer loop
      vertex 38.8909 -38.8909 0
      vertex 39.4566 -33.3754 0
      vertex 41.3512 -36.264 0
    endloop
  endfacet
  facet normal 0 0 -1
    outer loop
      vertex 33.3754 -39.4566 0
      vertex 38.8909 -38.8909 0
      vertex 36.264 -41.3512 0
    endloop
  endfacet
  facet normal 0 0 -1
    outer loop
      vertex 33.3754 -39.4566 0
      vertex 36.264 -41.3512 0
      vertex 33.4819 -43.6344 0
    endloop
  endfacet
  facet normal -0 0 -1
    outer loop
      vertex 38.8909 -38.8909 0
      vertex 33.3754 -39.4566 0
      vertex 39.4566 -33.3754 0
    endloop
  endfacet
  facet normal 0 0 -1
    outer loop
      vertex 30.5564 -45.7308 0
      vertex 33.3754 -39.4566 0
      vertex 33.4819 -43.6344 0
    endloop
  endfacet
  facet normal -0 0 -1
    outer loop
      vertex 33.3754 -39.4566 0
      vertex 30.5564 -45.7308 0
      vertex 31.2541 -37.3352 0
    endloop
  endfacet
  facet normal -0 0 -1
    outer loop
      vertex 55 0 0
      vertex 54.9792 -0.635401 0
      vertex 54.8822 3.59717 0
    endloop
  endfacet
  facet normal -0.227133 -0.973864 0
    outer loop
      vertex -21.2047 38.4666 6
      vertex -20.6949 38.3477 14
      vertex -21.2047 38.4666 14
    endloop
  endfacet
  facet normal -0.227133 -0.973864 -0
    outer loop
      vertex -20.6949 38.3477 14
      vertex -21.2047 38.4666 6
      vertex -20.6949 38.3477 6
    endloop
  endfacet
  facet normal -0.471421 0.881908 0
    outer loop
      vertex -22.6725 53.369 0
      vertex -23.1342 53.1222 14
      vertex -22.6725 53.369 14
    endloop
  endfacet
  facet normal -0.471421 0.881908 0
    outer loop
      vertex -23.1342 53.1222 14
      vertex -22.6725 53.369 0
      vertex -23.1342 53.1222 0
    endloop
  endfacet
  facet normal 0.935897 0.352275 0
    outer loop
      vertex -11.5587 48.7655 14
      vertex -11.7431 49.2554 6
      vertex -11.7431 49.2554 14
    endloop
  endfacet
  facet normal 0.935897 0.352275 0
    outer loop
      vertex -11.7431 49.2554 6
      vertex -11.5587 48.7655 14
      vertex -11.5587 48.7655 6
    endloop
  endfacet
  facet normal 0.956981 0.290151 0
    outer loop
      vertex -11.4068 48.2645 14
      vertex -11.5587 48.7655 6
      vertex -11.5587 48.7655 14
    endloop
  endfacet
  facet normal 0.956981 0.290151 0
    outer loop
      vertex -11.5587 48.7655 6
      vertex -11.4068 48.2645 14
      vertex -11.4068 48.2645 6
    endloop
  endfacet
  facet normal 0.683515 -0.729936 0
    outer loop
      vertex -13.8594 40.1793 6
      vertex -13.4773 40.5371 14
      vertex -13.8594 40.1793 14
    endloop
  endfacet
  facet normal 0.683515 -0.729936 0
    outer loop
      vertex -13.4773 40.5371 14
      vertex -13.8594 40.1793 6
      vertex -13.4773 40.5371 6
    endloop
  endfacet
  facet normal 0.162726 0.986671 -0
    outer loop
      vertex -17.5734 54.0403 0
      vertex -18.09 54.1255 14
      vertex -17.5734 54.0403 14
    endloop
  endfacet
  facet normal 0.162726 0.986671 0
    outer loop
      vertex -18.09 54.1255 14
      vertex -17.5734 54.0403 0
      vertex -18.09 54.1255 0
    endloop
  endfacet
  facet normal -0.162757 0.986666 0
    outer loop
      vertex -20.1784 54.1255 0
      vertex -20.6949 54.0403 14
      vertex -20.1784 54.1255 14
    endloop
  endfacet
  facet normal -0.162757 0.986666 0
    outer loop
      vertex -20.6949 54.0403 14
      vertex -20.1784 54.1255 0
      vertex -20.6949 54.0403 0
    endloop
  endfacet
  facet normal -0.956912 -0.290379 0
    outer loop
      vertex -26.7096 43.6225 6
      vertex -26.8616 44.1234 14
      vertex -26.8616 44.1234 6
    endloop
  endfacet
  facet normal -0.956912 -0.290379 0
    outer loop
      vertex -26.8616 44.1234 14
      vertex -26.7096 43.6225 6
      vertex -26.7096 43.6225 14
    endloop
  endfacet
  facet normal -0.683515 -0.729936 0
    outer loop
      vertex -24.791 40.5371 6
      vertex -24.4089 40.1793 14
      vertex -24.791 40.5371 14
    endloop
  endfacet
  facet normal -0.683515 -0.729936 -0
    outer loop
      vertex -24.4089 40.1793 14
      vertex -24.791 40.5371 6
      vertex -24.4089 40.1793 6
    endloop
  endfacet
  facet normal -0.99946 -0.0328569 0
    outer loop
      vertex -27.117 45.6708 6
      vertex -27.1342 46.194 14
      vertex -27.1342 46.194 6
    endloop
  endfacet
  facet normal -0.99946 -0.0328569 0
    outer loop
      vertex -27.1342 46.194 14
      vertex -27.117 45.6708 6
      vertex -27.117 45.6708 14
    endloop
  endfacet
  facet normal 0.528311 0.849051 0
    outer loop
      vertex -14.8434 52.9414 6
      vertex -14.6896 52.8457 14
      vertex -14.6896 52.8457 6
    endloop
  endfacet
  facet normal 0.528109 0.849177 5.37659e-06
    outer loop
      vertex -14.6896 52.8457 14
      vertex -14.8434 52.9414 6
      vertex -15.1342 53.1222 14
    endloop
  endfacet
  facet normal 0.528002 0.849243 0
    outer loop
      vertex -15.1342 53.1222 0
      vertex -14.8434 52.9414 6
      vertex -14.8434 52.9414 0
    endloop
  endfacet
  facet normal 0.528002 0.849243 0
    outer loop
      vertex -14.8434 52.9414 6
      vertex -15.1342 53.1222 0
      vertex -15.1342 53.1222 14
    endloop
  endfacet
  facet normal -0.995187 0.0979906 0
    outer loop
      vertex -27.117 46.7172 6
      vertex -27.0657 47.2382 14
      vertex -27.0657 47.2382 6
    endloop
  endfacet
  facet normal -0.995187 0.0979906 0
    outer loop
      vertex -27.0657 47.2382 14
      vertex -27.117 46.7172 6
      vertex -27.117 46.7172 14
    endloop
  endfacet
  facet normal 0.729936 0.683515 0
    outer loop
      vertex -13.1195 51.4687 14
      vertex -13.4773 51.8508 6
      vertex -13.4773 51.8508 14
    endloop
  endfacet
  facet normal 0.729936 0.683515 0
    outer loop
      vertex -13.4773 51.8508 6
      vertex -13.1195 51.4687 14
      vertex -13.1195 51.4687 6
    endloop
  endfacet
  facet normal -0.995187 -0.0979906 0
    outer loop
      vertex -27.0657 45.1498 6
      vertex -27.117 45.6708 14
      vertex -27.117 45.6708 6
    endloop
  endfacet
  facet normal -0.995187 -0.0979906 0
    outer loop
      vertex -27.117 45.6708 14
      vertex -27.0657 45.1498 6
      vertex -27.0657 45.1498 14
    endloop
  endfacet
  facet normal 0.849209 0.528057 0
    outer loop
      vertex -12.206 50.194 14
      vertex -12.4824 50.6385 6
      vertex -12.4824 50.6385 14
    endloop
  endfacet
  facet normal 0.849209 0.528057 0
    outer loop
      vertex -12.4824 50.6385 6
      vertex -12.206 50.194 14
      vertex -12.206 50.194 6
    endloop
  endfacet
  facet normal 0.0328506 0.99946 -0
    outer loop
      vertex -18.6109 54.1768 0
      vertex -19.1342 54.194 14
      vertex -18.6109 54.1768 14
    endloop
  endfacet
  facet normal 0.0328506 0.99946 0
    outer loop
      vertex -19.1342 54.194 14
      vertex -18.6109 54.1768 0
      vertex -19.1342 54.194 0
    endloop
  endfacet
  facet normal -0.986666 0.162757 0
    outer loop
      vertex -27.0657 47.2382 6
      vertex -26.9805 47.7547 14
      vertex -26.9805 47.7547 6
    endloop
  endfacet
  facet normal -0.986666 0.162757 0
    outer loop
      vertex -26.9805 47.7547 14
      vertex -27.0657 47.2382 6
      vertex -27.0657 47.2382 14
    endloop
  endfacet
  facet normal -0.162943 -0.986636 0
    outer loop
      vertex -20.6949 38.3477 6
      vertex -20.1784 38.2624 14
      vertex -20.6949 38.3477 14
    endloop
  endfacet
  facet normal -0.162943 -0.986636 -0
    outer loop
      vertex -20.1784 38.2624 14
      vertex -20.6949 38.3477 6
      vertex -20.1784 38.2624 6
    endloop
  endfacet
  facet normal 0.910817 -0.41281 0
    outer loop
      vertex -11.9592 42.6557 14
      vertex -11.7431 43.1325 6
      vertex -11.7431 43.1325 14
    endloop
  endfacet
  facet normal 0.910817 -0.41281 0
    outer loop
      vertex -11.7431 43.1325 6
      vertex -11.9592 42.6557 14
      vertex -11.9592 42.6557 6
    endloop
  endfacet
  facet normal -0.352275 -0.935897 0
    outer loop
      vertex -22.1956 38.8029 6
      vertex -21.7057 38.6185 14
      vertex -22.1956 38.8029 14
    endloop
  endfacet
  facet normal -0.352275 -0.935897 -0
    outer loop
      vertex -21.7057 38.6185 14
      vertex -22.1956 38.8029 6
      vertex -21.7057 38.6185 6
    endloop
  endfacet
  facet normal 0.986636 -0.162943 0
    outer loop
      vertex -11.2879 44.6333 14
      vertex -11.2026 45.1498 6
      vertex -11.2026 45.1498 14
    endloop
  endfacet
  facet normal 0.986636 -0.162943 0
    outer loop
      vertex -11.2026 45.1498 6
      vertex -11.2879 44.6333 14
      vertex -11.2879 44.6333 6
    endloop
  endfacet
  facet normal 0.352212 -0.93592 0
    outer loop
      vertex -16.5627 38.6185 6
      vertex -16.0727 38.8029 14
      vertex -16.5627 38.6185 14
    endloop
  endfacet
  facet normal 0.352212 -0.93592 0
    outer loop
      vertex -16.0727 38.8029 14
      vertex -16.5627 38.6185 6
      vertex -16.0727 38.8029 6
    endloop
  endfacet
  facet normal -0.528195 0.849123 0
    outer loop
      vertex -23.1342 53.1222 0
      vertex -23.5787 52.8457 14
      vertex -23.1342 53.1222 14
    endloop
  endfacet
  facet normal -0.528195 0.849123 0
    outer loop
      vertex -23.5787 52.8457 14
      vertex -23.1342 53.1222 0
      vertex -23.5787 52.8457 0
    endloop
  endfacet
  facet normal 0.995187 -0.0979906 0
    outer loop
      vertex -11.2026 45.1498 14
      vertex -11.1513 45.6708 6
      vertex -11.1513 45.6708 14
    endloop
  endfacet
  facet normal 0.995187 -0.0979906 0
    outer loop
      vertex -11.1513 45.6708 6
      vertex -11.2026 45.1498 14
      vertex -11.2026 45.1498 6
    endloop
  endfacet
  facet normal -0.0979906 -0.995187 0
    outer loop
      vertex -20.1784 38.2624 6
      vertex -19.6574 38.2111 14
      vertex -20.1784 38.2624 14
    endloop
  endfacet
  facet normal -0.0979906 -0.995187 -0
    outer loop
      vertex -19.6574 38.2111 14
      vertex -20.1784 38.2624 6
      vertex -19.6574 38.2111 6
    endloop
  endfacet
  facet normal 0.999466 -0.032666 0
    outer loop
      vertex -11.1513 45.6708 14
      vertex -11.1342 46.194 6
      vertex -11.1342 46.194 14
    endloop
  endfacet
  facet normal 0.999466 -0.032666 0
    outer loop
      vertex -11.1342 46.194 6
      vertex -11.1513 45.6708 14
      vertex -11.1513 45.6708 6
    endloop
  endfacet
  facet normal 0.352212 0.93592 -0
    outer loop
      vertex -16.0727 53.585 0
      vertex -16.5627 53.7694 14
      vertex -16.0727 53.585 14
    endloop
  endfacet
  facet normal 0.352212 0.93592 0
    outer loop
      vertex -16.5627 53.7694 14
      vertex -16.0727 53.585 0
      vertex -16.5627 53.7694 0
    endloop
  endfacet
  facet normal 0.634475 -0.772944 0
    outer loop
      vertex -14.2641 39.8471 6
      vertex -13.8594 40.1793 14
      vertex -14.2641 39.8471 14
    endloop
  endfacet
  facet normal 0.634475 -0.772944 0
    outer loop
      vertex -13.8594 40.1793 14
      vertex -14.2641 39.8471 6
      vertex -13.8594 40.1793 6
    endloop
  endfacet
  facet normal 0.0980092 0.995186 -0
    outer loop
      vertex -18.09 54.1255 0
      vertex -18.6109 54.1768 14
      vertex -18.09 54.1255 14
    endloop
  endfacet
  facet normal 0.0980092 0.995186 0
    outer loop
      vertex -18.6109 54.1768 14
      vertex -18.09 54.1255 0
      vertex -18.6109 54.1768 0
    endloop
  endfacet
  facet normal 0.0326598 -0.999467 0
    outer loop
      vertex -19.1342 38.194 6
      vertex -18.6109 38.2111 14
      vertex -19.1342 38.194 14
    endloop
  endfacet
  facet normal 0.0326598 -0.999467 0
    outer loop
      vertex -18.6109 38.2111 14
      vertex -19.1342 38.194 6
      vertex -18.6109 38.2111 6
    endloop
  endfacet
  facet normal -0.729841 -0.683617 0
    outer loop
      vertex -24.791 40.5371 6
      vertex -25.1489 40.9192 14
      vertex -25.1489 40.9192 6
    endloop
  endfacet
  facet normal -0.729841 -0.683617 0
    outer loop
      vertex -25.1489 40.9192 14
      vertex -24.791 40.5371 6
      vertex -24.791 40.5371 14
    endloop
  endfacet
  facet normal -0.773037 -0.634361 0
    outer loop
      vertex -25.1489 40.9192 6
      vertex -25.481 41.3239 14
      vertex -25.481 41.3239 6
    endloop
  endfacet
  facet normal -0.773037 -0.634361 0
    outer loop
      vertex -25.481 41.3239 14
      vertex -25.1489 40.9192 6
      vertex -25.1489 40.9192 14
    endloop
  endfacet
  facet normal 0.162912 -0.986641 0
    outer loop
      vertex -18.09 38.2624 6
      vertex -17.5734 38.3477 14
      vertex -18.09 38.2624 14
    endloop
  endfacet
  facet normal 0.162912 -0.986641 0
    outer loop
      vertex -17.5734 38.3477 14
      vertex -18.09 38.2624 6
      vertex -17.5734 38.3477 6
    endloop
  endfacet
  facet normal -0.471421 -0.881908 0
    outer loop
      vertex -23.1342 39.2658 6
      vertex -22.6725 39.019 14
      vertex -23.1342 39.2658 14
    endloop
  endfacet
  facet normal -0.471421 -0.881908 -0
    outer loop
      vertex -22.6725 39.019 14
      vertex -23.1342 39.2658 6
      vertex -22.6725 39.019 6
    endloop
  endfacet
  facet normal 0.849262 -0.527971 0
    outer loop
      vertex -12.4824 41.7494 14
      vertex -12.206 42.194 6
      vertex -12.206 42.194 14
    endloop
  endfacet
  facet normal 0.849262 -0.527971 0
    outer loop
      vertex -12.206 42.194 6
      vertex -12.4824 41.7494 14
      vertex -12.4824 41.7494 6
    endloop
  endfacet
  facet normal 0.772944 -0.634475 0
    outer loop
      vertex -13.1195 40.9192 14
      vertex -12.7873 41.3239 6
      vertex -12.7873 41.3239 14
    endloop
  endfacet
  facet normal 0.772944 -0.634475 0
    outer loop
      vertex -12.7873 41.3239 6
      vertex -13.1195 40.9192 14
      vertex -13.1195 40.9192 6
    endloop
  endfacet
  facet normal 0.290204 -0.956965 0
    outer loop
      vertex -17.0636 38.4666 6
      vertex -16.5627 38.6185 14
      vertex -17.0636 38.4666 14
    endloop
  endfacet
  facet normal 0.290204 -0.956965 0
    outer loop
      vertex -16.5627 38.6185 14
      vertex -17.0636 38.4666 6
      vertex -16.5627 38.6185 6
    endloop
  endfacet
  facet normal 0.227133 -0.973864 0
    outer loop
      vertex -17.5734 38.3477 6
      vertex -17.0636 38.4666 14
      vertex -17.5734 38.3477 14
    endloop
  endfacet
  facet normal 0.227133 -0.973864 0
    outer loop
      vertex -17.0636 38.4666 14
      vertex -17.5734 38.3477 6
      vertex -17.0636 38.4666 6
    endloop
  endfacet
  facet normal 0.729936 -0.683515 0
    outer loop
      vertex -13.4773 40.5371 14
      vertex -13.1195 40.9192 6
      vertex -13.1195 40.9192 14
    endloop
  endfacet
  facet normal 0.729936 -0.683515 0
    outer loop
      vertex -13.1195 40.9192 6
      vertex -13.4773 40.5371 14
      vertex -13.4773 40.5371 6
    endloop
  endfacet
  facet normal -0.0979906 0.995187 0
    outer loop
      vertex -19.6574 54.1768 0
      vertex -20.1784 54.1255 14
      vertex -19.6574 54.1768 14
    endloop
  endfacet
  facet normal -0.0979906 0.995187 0
    outer loop
      vertex -20.1784 54.1255 14
      vertex -19.6574 54.1768 0
      vertex -20.1784 54.1255 0
    endloop
  endfacet
  facet normal 0.986636 0.162943 0
    outer loop
      vertex -11.2026 47.2382 14
      vertex -11.2879 47.7547 6
      vertex -11.2879 47.7547 14
    endloop
  endfacet
  facet normal 0.986636 0.162943 0
    outer loop
      vertex -11.2879 47.7547 6
      vertex -11.2026 47.2382 14
      vertex -11.2026 47.2382 6
    endloop
  endfacet
  facet normal -0.683617 0.729841 0
    outer loop
      vertex -24.4089 52.2087 0
      vertex -24.791 51.8508 14
      vertex -24.4089 52.2087 14
    endloop
  endfacet
  facet normal -0.683617 0.729841 0
    outer loop
      vertex -24.791 51.8508 14
      vertex -24.4089 52.2087 0
      vertex -24.791 51.8508 0
    endloop
  endfacet
  facet normal -0.290151 -0.956981 0
    outer loop
      vertex -21.7057 38.6185 6
      vertex -21.2047 38.4666 14
      vertex -21.7057 38.6185 14
    endloop
  endfacet
  facet normal -0.290151 -0.956981 -0
    outer loop
      vertex -21.2047 38.4666 14
      vertex -21.7057 38.6185 6
      vertex -21.2047 38.4666 6
    endloop
  endfacet
  facet normal -0.956928 0.290325 0
    outer loop
      vertex -26.8616 48.2645 0
      vertex -26.7096 48.7655 14
      vertex -26.7096 48.7655 0
    endloop
  endfacet
  facet normal -0.956928 0.290325 0
    outer loop
      vertex -26.7096 48.7655 14
      vertex -26.8616 48.2645 0
      vertex -26.8616 48.2645 14
    endloop
  endfacet
  facet normal 0.881908 -0.471421 0
    outer loop
      vertex -12.206 42.194 14
      vertex -11.9592 42.6557 6
      vertex -11.9592 42.6557 14
    endloop
  endfacet
  facet normal 0.881908 -0.471421 0
    outer loop
      vertex -11.9592 42.6557 6
      vertex -12.206 42.194 14
      vertex -12.206 42.194 6
    endloop
  endfacet
  facet normal -0.032666 -0.999466 0
    outer loop
      vertex -19.6574 38.2111 6
      vertex -19.1342 38.194 14
      vertex -19.6574 38.2111 14
    endloop
  endfacet
  facet normal -0.032666 -0.999466 -0
    outer loop
      vertex -19.1342 38.194 14
      vertex -19.6574 38.2111 6
      vertex -19.1342 38.194 6
    endloop
  endfacet
  facet normal 0.0980092 -0.995186 0
    outer loop
      vertex -29.9148 -47.6505 0
      vertex -29.3939 -47.5992 14
      vertex -29.9148 -47.6505 14
    endloop
  endfacet
  facet normal 0.0980092 -0.995186 0
    outer loop
      vertex -29.3939 -47.5992 14
      vertex -29.9148 -47.6505 0
      vertex -29.3939 -47.5992 0
    endloop
  endfacet
  facet normal -0.848955 0.528466 0
    outer loop
      vertex -37.2888 -35.5432 6
      vertex -37.3663 -35.6677 6
      vertex -37.2888 -35.5432 7
    endloop
  endfacet
  facet normal -0.849263 0.52797 0
    outer loop
      vertex -37.2888 -35.5432 7
      vertex -37.0898 -35.2231 14
      vertex -37.0898 -35.2231 7
    endloop
  endfacet
  facet normal -0.848955 0.528466 0
    outer loop
      vertex -37.3663 -35.6677 14
      vertex -37.2888 -35.5432 7
      vertex -37.3663 -35.6677 6
    endloop
  endfacet
  facet normal -0.849177 0.528109 -8.79954e-06
    outer loop
      vertex -37.2888 -35.5432 7
      vertex -37.3663 -35.6677 14
      vertex -37.0898 -35.2231 14
    endloop
  endfacet
  facet normal -0.812855 0.582466 0
    outer loop
      vertex -37.0898 -35.2231 7
      vertex -36.7849 -34.7976 14
      vertex -36.7849 -34.7976 7
    endloop
  endfacet
  facet normal -0.812855 0.582466 0
    outer loop
      vertex -36.7849 -34.7976 14
      vertex -37.0898 -35.2231 7
      vertex -37.0898 -35.2231 14
    endloop
  endfacet
  facet normal -0.881908 0.471421 0
    outer loop
      vertex -37.6131 -36.1294 6
      vertex -37.3663 -35.6677 14
      vertex -37.3663 -35.6677 6
    endloop
  endfacet
  facet normal -0.881908 0.471421 0
    outer loop
      vertex -37.3663 -35.6677 14
      vertex -37.6131 -36.1294 6
      vertex -37.6131 -36.1294 14
    endloop
  endfacet
  facet normal -0.910889 0.412651 0
    outer loop
      vertex -37.8291 -36.6062 6
      vertex -37.6131 -36.1294 14
      vertex -37.6131 -36.1294 6
    endloop
  endfacet
  facet normal -0.910889 0.412651 0
    outer loop
      vertex -37.6131 -36.1294 14
      vertex -37.8291 -36.6062 6
      vertex -37.8291 -36.6062 14
    endloop
  endfacet
  facet normal 0.973864 0.227133 0
    outer loop
      vertex -22.5918 -38.1069 14
      vertex -22.7107 -37.5971 6
      vertex -22.7107 -37.5971 14
    endloop
  endfacet
  facet normal 0.973864 0.227133 0
    outer loop
      vertex -22.7107 -37.5971 6
      vertex -22.5918 -38.1069 14
      vertex -22.5918 -38.1069 6
    endloop
  endfacet
  facet normal 0.582466 -0.812855 0
    outer loop
      vertex -25.9935 -46.3194 6
      vertex -25.568 -46.0145 14
      vertex -25.9935 -46.3194 14
    endloop
  endfacet
  facet normal 0.582466 -0.812855 0
    outer loop
      vertex -25.568 -46.0145 14
      vertex -25.9935 -46.3194 6
      vertex -25.568 -46.0145 6
    endloop
  endfacet
  facet normal 0.162912 -0.986641 0
    outer loop
      vertex -29.3939 -47.5992 0
      vertex -28.8773 -47.5139 14
      vertex -29.3939 -47.5992 14
    endloop
  endfacet
  facet normal 0.162912 -0.986641 0
    outer loop
      vertex -28.8773 -47.5139 14
      vertex -29.3939 -47.5992 0
      vertex -28.8773 -47.5139 0
    endloop
  endfacet
  facet normal 0.683617 -0.729841 0
    outer loop
      vertex -25.1633 -45.6824 6
      vertex -24.7812 -45.3245 14
      vertex -25.1633 -45.6824 14
    endloop
  endfacet
  facet normal 0.683617 -0.729841 0
    outer loop
      vertex -24.7812 -45.3245 14
      vertex -25.1633 -45.6824 6
      vertex -24.7812 -45.3245 6
    endloop
  endfacet
  facet normal -0.956928 -0.290325 0
    outer loop
      vertex -38.0135 -42.2392 0
      vertex -38.1655 -41.7382 14
      vertex -38.1655 -41.7382 0
    endloop
  endfacet
  facet normal -0.956928 -0.290325 0
    outer loop
      vertex -38.1655 -41.7382 14
      vertex -38.0135 -42.2392 0
      vertex -38.0135 -42.2392 14
    endloop
  endfacet
  facet normal 0.162912 0.986641 -0
    outer loop
      vertex -28.8773 -31.8214 6
      vertex -29.3939 -31.7361 14
      vertex -28.8773 -31.8214 14
    endloop
  endfacet
  facet normal 0.162912 0.986641 0
    outer loop
      vertex -29.3939 -31.7361 14
      vertex -28.8773 -31.8214 6
      vertex -29.3939 -31.7361 6
    endloop
  endfacet
  facet normal -0.0328569 -0.99946 0
    outer loop
      vertex -30.9613 -47.6505 0
      vertex -30.4381 -47.6677 14
      vertex -30.9613 -47.6505 14
    endloop
  endfacet
  facet normal -0.0328569 -0.99946 -0
    outer loop
      vertex -30.4381 -47.6677 14
      vertex -30.9613 -47.6505 0
      vertex -30.4381 -47.6677 0
    endloop
  endfacet
  facet normal 0.999467 0.0326598 0
    outer loop
      vertex -22.4381 -39.6677 14
      vertex -22.4552 -39.1444 6
      vertex -22.4552 -39.1444 14
    endloop
  endfacet
  facet normal 0.999467 0.0326598 0
    outer loop
      vertex -22.4552 -39.1444 6
      vertex -22.4381 -39.6677 14
      vertex -22.4381 -39.6677 6
    endloop
  endfacet
  facet normal 0.634361 0.773037 -0
    outer loop
      vertex -25.1633 -33.6529 6
      vertex -25.568 -33.3208 14
      vertex -25.1633 -33.6529 14
    endloop
  endfacet
  facet normal 0.634361 0.773037 0
    outer loop
      vertex -25.568 -33.3208 14
      vertex -25.1633 -33.6529 6
      vertex -25.568 -33.3208 6
    endloop
  endfacet
  facet normal -0.162943 -0.986636 0
    outer loop
      vertex -31.9988 -47.5139 0
      vertex -31.4823 -47.5992 14
      vertex -31.9988 -47.5139 14
    endloop
  endfacet
  facet normal -0.162943 -0.986636 -0
    outer loop
      vertex -31.4823 -47.5992 14
      vertex -31.9988 -47.5139 0
      vertex -31.4823 -47.5992 0
    endloop
  endfacet
  facet normal 0.527971 0.849262 -0
    outer loop
      vertex -25.9935 -33.0159 6
      vertex -26.4381 -32.7395 14
      vertex -25.9935 -33.0159 14
    endloop
  endfacet
  facet normal 0.527971 0.849262 0
    outer loop
      vertex -26.4381 -32.7395 14
      vertex -25.9935 -33.0159 6
      vertex -26.4381 -32.7395 6
    endloop
  endfacet
  facet normal 0.41281 0.910817 -0
    outer loop
      vertex -26.8998 -32.4927 6
      vertex -27.3766 -32.2766 14
      vertex -26.8998 -32.4927 14
    endloop
  endfacet
  facet normal 0.41281 0.910817 0
    outer loop
      vertex -27.3766 -32.2766 14
      vertex -26.8998 -32.4927 6
      vertex -27.3766 -32.2766 6
    endloop
  endfacet
  facet normal -0.729841 0.683617 0
    outer loop
      vertex -36.4528 -34.3929 7
      vertex -36.0949 -34.0108 14
      vertex -36.0949 -34.0108 7
    endloop
  endfacet
  facet normal -0.729841 0.683617 0
    outer loop
      vertex -36.0949 -34.0108 14
      vertex -36.4528 -34.3929 7
      vertex -36.4528 -34.3929 14
    endloop
  endfacet
  facet normal 0 0 1
    outer loop
      vertex -25.6381 -39.6677 14
      vertex -22.4381 -39.6677 14
      vertex -22.4552 -39.1444 14
    endloop
  endfacet
  facet normal 0 0 1
    outer loop
      vertex -25.6483 -39.3537 14
      vertex -22.4552 -39.1444 14
      vertex -22.5065 -38.6235 14
    endloop
  endfacet
  facet normal 0 0 1
    outer loop
      vertex -22.4381 -39.6677 14
      vertex -25.6381 -39.6677 14
      vertex -22.4552 -40.1909 14
    endloop
  endfacet
  facet normal 0 0 1
    outer loop
      vertex -25.6791 -39.0411 14
      vertex -22.5065 -38.6235 14
      vertex -22.5918 -38.1069 14
    endloop
  endfacet
  facet normal -0 0 1
    outer loop
      vertex -25.6483 -39.9816 14
      vertex -22.4552 -40.1909 14
      vertex -25.6381 -39.6677 14
    endloop
  endfacet
  facet normal 0 0 1
    outer loop
      vertex -25.7303 -38.7312 14
      vertex -22.5918 -38.1069 14
      vertex -22.7107 -37.5971 14
    endloop
  endfacet
  facet normal 0 0 1
    outer loop
      vertex -22.4552 -40.1909 14
      vertex -25.6483 -39.9816 14
      vertex -22.5065 -40.7119 14
    endloop
  endfacet
  facet normal 0 0 1
    outer loop
      vertex -25.8016 -38.4253 14
      vertex -22.7107 -37.5971 14
      vertex -22.8626 -37.0961 14
    endloop
  endfacet
  facet normal -0 0 1
    outer loop
      vertex -25.6791 -40.2942 14
      vertex -22.5065 -40.7119 14
      vertex -25.6483 -39.9816 14
    endloop
  endfacet
  facet normal 0 0 1
    outer loop
      vertex -25.8928 -38.1248 14
      vertex -22.8626 -37.0961 14
      vertex -23.047 -36.6062 14
    endloop
  endfacet
  facet normal 0 0 1
    outer loop
      vertex -22.5065 -40.7119 14
      vertex -25.6791 -40.2942 14
      vertex -22.5918 -41.2284 14
    endloop
  endfacet
  facet normal 0 0 1
    outer loop
      vertex -26.0034 -37.8308 14
      vertex -23.047 -36.6062 14
      vertex -23.2631 -36.1294 14
    endloop
  endfacet
  facet normal -0 0 1
    outer loop
      vertex -25.7303 -40.6041 14
      vertex -22.5918 -41.2284 14
      vertex -25.6791 -40.2942 14
    endloop
  endfacet
  facet normal 0 0 1
    outer loop
      vertex -26.1331 -37.5447 14
      vertex -23.2631 -36.1294 14
      vertex -23.5099 -35.6677 14
    endloop
  endfacet
  facet normal 0 0 1
    outer loop
      vertex -22.5918 -41.2284 14
      vertex -25.7303 -40.6041 14
      vertex -22.7107 -41.7382 14
    endloop
  endfacet
  facet normal 0 0 1
    outer loop
      vertex -26.2811 -37.2677 14
      vertex -23.5099 -35.6677 14
      vertex -23.7863 -35.2231 14
    endloop
  endfacet
  facet normal -0 0 1
    outer loop
      vertex -25.8016 -40.91 14
      vertex -22.7107 -41.7382 14
      vertex -25.7303 -40.6041 14
    endloop
  endfacet
  facet normal 0 0 1
    outer loop
      vertex -26.447 -37.0009 14
      vertex -23.7863 -35.2231 14
      vertex -24.0912 -34.7976 14
    endloop
  endfacet
  facet normal 0 0 1
    outer loop
      vertex -22.7107 -41.7382 14
      vertex -25.8016 -40.91 14
      vertex -22.8626 -42.2392 14
    endloop
  endfacet
  facet normal 0 0 1
    outer loop
      vertex -26.63 -36.7456 14
      vertex -24.0912 -34.7976 14
      vertex -24.4234 -34.3929 14
    endloop
  endfacet
  facet normal -0 0 1
    outer loop
      vertex -25.8928 -41.2106 14
      vertex -22.8626 -42.2392 14
      vertex -25.8016 -40.91 14
    endloop
  endfacet
  facet normal 0 0 1
    outer loop
      vertex -26.8292 -36.5028 14
      vertex -24.4234 -34.3929 14
      vertex -24.7812 -34.0108 14
    endloop
  endfacet
  facet normal 0 0 1
    outer loop
      vertex -22.8626 -42.2392 14
      vertex -25.8928 -41.2106 14
      vertex -23.047 -42.7291 14
    endloop
  endfacet
  facet normal 0 0 1
    outer loop
      vertex -27.044 -36.2736 14
      vertex -24.7812 -34.0108 14
      vertex -25.1633 -33.6529 14
    endloop
  endfacet
  facet normal -0 0 1
    outer loop
      vertex -26.0034 -41.5045 14
      vertex -23.047 -42.7291 14
      vertex -25.8928 -41.2106 14
    endloop
  endfacet
  facet normal 0 0 1
    outer loop
      vertex -27.2732 -36.0588 14
      vertex -25.1633 -33.6529 14
      vertex -25.568 -33.3208 14
    endloop
  endfacet
  facet normal 0 0 1
    outer loop
      vertex -23.047 -42.7291 14
      vertex -26.0034 -41.5045 14
      vertex -23.2631 -43.206 14
    endloop
  endfacet
  facet normal -0 0 1
    outer loop
      vertex -26.1331 -41.7907 14
      vertex -23.2631 -43.206 14
      vertex -26.0034 -41.5045 14
    endloop
  endfacet
  facet normal 0 0 1
    outer loop
      vertex -22.4552 -39.1444 14
      vertex -25.6483 -39.3537 14
      vertex -25.6381 -39.6677 14
    endloop
  endfacet
  facet normal 0 0 1
    outer loop
      vertex -22.5065 -38.6235 14
      vertex -25.6791 -39.0411 14
      vertex -25.6483 -39.3537 14
    endloop
  endfacet
  facet normal 0 0 1
    outer loop
      vertex -22.5918 -38.1069 14
      vertex -25.7303 -38.7312 14
      vertex -25.6791 -39.0411 14
    endloop
  endfacet
  facet normal 0 0 1
    outer loop
      vertex -22.7107 -37.5971 14
      vertex -25.8016 -38.4253 14
      vertex -25.7303 -38.7312 14
    endloop
  endfacet
  facet normal 0 0 1
    outer loop
      vertex -22.8626 -37.0961 14
      vertex -25.8928 -38.1248 14
      vertex -25.8016 -38.4253 14
    endloop
  endfacet
  facet normal 0 0 1
    outer loop
      vertex -27.516 -35.8596 14
      vertex -25.568 -33.3208 14
      vertex -25.9935 -33.0159 14
    endloop
  endfacet
  facet normal 0 0 1
    outer loop
      vertex -23.047 -36.6062 14
      vertex -26.0034 -37.8308 14
      vertex -25.8928 -38.1248 14
    endloop
  endfacet
  facet normal 0 0 1
    outer loop
      vertex -23.2631 -36.1294 14
      vertex -26.1331 -37.5447 14
      vertex -26.0034 -37.8308 14
    endloop
  endfacet
  facet normal 0 0 1
    outer loop
      vertex -23.5099 -35.6677 14
      vertex -26.2811 -37.2677 14
      vertex -26.1331 -37.5447 14
    endloop
  endfacet
  facet normal 0 0 1
    outer loop
      vertex -27.7713 -35.6766 14
      vertex -25.9935 -33.0159 14
      vertex -26.4381 -32.7395 14
    endloop
  endfacet
  facet normal 0 0 1
    outer loop
      vertex -23.7863 -35.2231 14
      vertex -26.447 -37.0009 14
      vertex -26.2811 -37.2677 14
    endloop
  endfacet
  facet normal 0 0 1
    outer loop
      vertex -24.0912 -34.7976 14
      vertex -26.63 -36.7456 14
      vertex -26.447 -37.0009 14
    endloop
  endfacet
  facet normal 0 0 1
    outer loop
      vertex -24.4234 -34.3929 14
      vertex -26.8292 -36.5028 14
      vertex -26.63 -36.7456 14
    endloop
  endfacet
  facet normal 0 0 1
    outer loop
      vertex -28.0381 -35.5107 14
      vertex -26.4381 -32.7395 14
      vertex -26.8998 -32.4927 14
    endloop
  endfacet
  facet normal 0 0 1
    outer loop
      vertex -24.7812 -34.0108 14
      vertex -27.044 -36.2736 14
      vertex -26.8292 -36.5028 14
    endloop
  endfacet
  facet normal 0 0 1
    outer loop
      vertex -25.1633 -33.6529 14
      vertex -27.2732 -36.0588 14
      vertex -27.044 -36.2736 14
    endloop
  endfacet
  facet normal 0 0 1
    outer loop
      vertex -28.3151 -35.3627 14
      vertex -26.8998 -32.4927 14
      vertex -27.3766 -32.2766 14
    endloop
  endfacet
  facet normal 0 0 1
    outer loop
      vertex -25.568 -33.3208 14
      vertex -27.516 -35.8596 14
      vertex -27.2732 -36.0588 14
    endloop
  endfacet
  facet normal 0 0 1
    outer loop
      vertex -25.9935 -33.0159 14
      vertex -27.7713 -35.6766 14
      vertex -27.516 -35.8596 14
    endloop
  endfacet
  facet normal 0 0 1
    outer loop
      vertex -28.6012 -35.233 14
      vertex -27.3766 -32.2766 14
      vertex -27.8666 -32.0922 14
    endloop
  endfacet
  facet normal 0 0 1
    outer loop
      vertex -26.4381 -32.7395 14
      vertex -28.0381 -35.5107 14
      vertex -27.7713 -35.6766 14
    endloop
  endfacet
  facet normal 0 0 1
    outer loop
      vertex -26.8998 -32.4927 14
      vertex -28.3151 -35.3627 14
      vertex -28.0381 -35.5107 14
    endloop
  endfacet
  facet normal 0 0 1
    outer loop
      vertex -28.8952 -35.1224 14
      vertex -27.8666 -32.0922 14
      vertex -28.3675 -31.9403 14
    endloop
  endfacet
  facet normal 0 0 1
    outer loop
      vertex -27.3766 -32.2766 14
      vertex -28.6012 -35.233 14
      vertex -28.3151 -35.3627 14
    endloop
  endfacet
  facet normal 0 0 1
    outer loop
      vertex -29.1957 -35.0312 14
      vertex -28.3675 -31.9403 14
      vertex -28.8773 -31.8214 14
    endloop
  endfacet
  facet normal 0 0 1
    outer loop
      vertex -27.8666 -32.0922 14
      vertex -28.8952 -35.1224 14
      vertex -28.6012 -35.233 14
    endloop
  endfacet
  facet normal 0 0 1
    outer loop
      vertex -28.3675 -31.9403 14
      vertex -29.1957 -35.0312 14
      vertex -28.8952 -35.1224 14
    endloop
  endfacet
  facet normal 0 0 1
    outer loop
      vertex -29.5016 -34.9599 14
      vertex -28.8773 -31.8214 14
      vertex -29.3939 -31.7361 14
    endloop
  endfacet
  facet normal 0 0 1
    outer loop
      vertex -28.8773 -31.8214 14
      vertex -29.5016 -34.9599 14
      vertex -29.1957 -35.0312 14
    endloop
  endfacet
  facet normal 0 0 1
    outer loop
      vertex -29.3939 -31.7361 14
      vertex -29.8115 -34.9087 14
      vertex -29.5016 -34.9599 14
    endloop
  endfacet
  facet normal 0 0 1
    outer loop
      vertex -29.9148 -31.6848 14
      vertex -29.8115 -34.9087 14
      vertex -29.3939 -31.7361 14
    endloop
  endfacet
  facet normal 0 0 1
    outer loop
      vertex -29.9148 -31.6848 14
      vertex -30.1241 -34.8779 14
      vertex -29.8115 -34.9087 14
    endloop
  endfacet
  facet normal 0 0 1
    outer loop
      vertex -30.4381 -31.6677 14
      vertex -30.1241 -34.8779 14
      vertex -29.9148 -31.6848 14
    endloop
  endfacet
  facet normal 0 0 1
    outer loop
      vertex -30.4381 -31.6677 14
      vertex -30.4381 -34.8677 14
      vertex -30.1241 -34.8779 14
    endloop
  endfacet
  facet normal 0 0 1
    outer loop
      vertex -30.4381 -31.6677 14
      vertex -30.752 -34.8779 14
      vertex -30.4381 -34.8677 14
    endloop
  endfacet
  facet normal -0 0 1
    outer loop
      vertex -30.9613 -31.6848 14
      vertex -30.752 -34.8779 14
      vertex -30.4381 -31.6677 14
    endloop
  endfacet
  facet normal 0 0 1
    outer loop
      vertex -30.9613 -31.6848 14
      vertex -31.0646 -34.9087 14
      vertex -30.752 -34.8779 14
    endloop
  endfacet
  facet normal -0 0 1
    outer loop
      vertex -31.4823 -31.7361 14
      vertex -31.0646 -34.9087 14
      vertex -30.9613 -31.6848 14
    endloop
  endfacet
  facet normal 0 0 1
    outer loop
      vertex -31.0646 -34.9087 14
      vertex -31.4823 -31.7361 14
      vertex -31.3745 -34.9599 14
    endloop
  endfacet
  facet normal -0 0 1
    outer loop
      vertex -31.9988 -31.8214 14
      vertex -31.3745 -34.9599 14
      vertex -31.4823 -31.7361 14
    endloop
  endfacet
  facet normal 0 0 1
    outer loop
      vertex -31.3745 -34.9599 14
      vertex -31.9988 -31.8214 14
      vertex -31.6804 -35.0312 14
    endloop
  endfacet
  facet normal -0 0 1
    outer loop
      vertex -32.5086 -31.9403 14
      vertex -31.6804 -35.0312 14
      vertex -31.9988 -31.8214 14
    endloop
  endfacet
  facet normal 0 0 1
    outer loop
      vertex -31.6804 -35.0312 14
      vertex -32.5086 -31.9403 14
      vertex -31.981 -35.1224 14
    endloop
  endfacet
  facet normal -0 0 1
    outer loop
      vertex -33.0096 -32.0922 14
      vertex -31.981 -35.1224 14
      vertex -32.5086 -31.9403 14
    endloop
  endfacet
  facet normal 0 0 1
    outer loop
      vertex -31.981 -35.1224 14
      vertex -33.0096 -32.0922 14
      vertex -32.275 -35.233 14
    endloop
  endfacet
  facet normal -0 0 1
    outer loop
      vertex -33.4995 -32.2766 14
      vertex -32.275 -35.233 14
      vertex -33.0096 -32.0922 14
    endloop
  endfacet
  facet normal 0 0 1
    outer loop
      vertex -32.275 -35.233 14
      vertex -33.4995 -32.2766 14
      vertex -32.5611 -35.3627 14
    endloop
  endfacet
  facet normal -0 0 1
    outer loop
      vertex -33.9764 -32.4927 14
      vertex -32.5611 -35.3627 14
      vertex -33.4995 -32.2766 14
    endloop
  endfacet
  facet normal 0 0 1
    outer loop
      vertex -32.5611 -35.3627 14
      vertex -33.9764 -32.4927 14
      vertex -32.8381 -35.5107 14
    endloop
  endfacet
  facet normal -0 0 1
    outer loop
      vertex -34.4381 -32.7395 14
      vertex -32.8381 -35.5107 14
      vertex -33.9764 -32.4927 14
    endloop
  endfacet
  facet normal 0 0 1
    outer loop
      vertex -32.8381 -35.5107 14
      vertex -34.4381 -32.7395 14
      vertex -33.1048 -35.6766 14
    endloop
  endfacet
  facet normal -0 0 1
    outer loop
      vertex -34.8826 -33.0159 14
      vertex -33.1048 -35.6766 14
      vertex -34.4381 -32.7395 14
    endloop
  endfacet
  facet normal 0 0 1
    outer loop
      vertex -33.1048 -35.6766 14
      vertex -34.8826 -33.0159 14
      vertex -33.3601 -35.8596 14
    endloop
  endfacet
  facet normal -0 0 1
    outer loop
      vertex -35.3082 -33.3208 14
      vertex -33.3601 -35.8596 14
      vertex -34.8826 -33.0159 14
    endloop
  endfacet
  facet normal 0 0 1
    outer loop
      vertex -33.3601 -35.8596 14
      vertex -35.3082 -33.3208 14
      vertex -33.6029 -36.0588 14
    endloop
  endfacet
  facet normal -0 0 1
    outer loop
      vertex -35.7128 -33.6529 14
      vertex -33.6029 -36.0588 14
      vertex -35.3082 -33.3208 14
    endloop
  endfacet
  facet normal 0 0 1
    outer loop
      vertex -33.6029 -36.0588 14
      vertex -35.7128 -33.6529 14
      vertex -33.8322 -36.2736 14
    endloop
  endfacet
  facet normal -0 0 1
    outer loop
      vertex -36.0949 -34.0108 14
      vertex -33.8322 -36.2736 14
      vertex -35.7128 -33.6529 14
    endloop
  endfacet
  facet normal 0 0 1
    outer loop
      vertex -33.8322 -36.2736 14
      vertex -36.0949 -34.0108 14
      vertex -34.0469 -36.5028 14
    endloop
  endfacet
  facet normal -0 0 1
    outer loop
      vertex -36.4528 -34.3929 14
      vertex -34.0469 -36.5028 14
      vertex -36.0949 -34.0108 14
    endloop
  endfacet
  facet normal 0 0 1
    outer loop
      vertex -34.0469 -36.5028 14
      vertex -36.4528 -34.3929 14
      vertex -34.2462 -36.7456 14
    endloop
  endfacet
  facet normal -0 0 1
    outer loop
      vertex -36.7849 -34.7976 14
      vertex -34.2462 -36.7456 14
      vertex -36.4528 -34.3929 14
    endloop
  endfacet
  facet normal 0 0 1
    outer loop
      vertex -34.2462 -36.7456 14
      vertex -36.7849 -34.7976 14
      vertex -34.4291 -37.0009 14
    endloop
  endfacet
  facet normal -0 0 1
    outer loop
      vertex -37.0898 -35.2231 14
      vertex -34.4291 -37.0009 14
      vertex -36.7849 -34.7976 14
    endloop
  endfacet
  facet normal 0 0 1
    outer loop
      vertex -34.4291 -37.0009 14
      vertex -37.0898 -35.2231 14
      vertex -34.595 -37.2677 14
    endloop
  endfacet
  facet normal -0 0 1
    outer loop
      vertex -37.3663 -35.6677 14
      vertex -34.595 -37.2677 14
      vertex -37.0898 -35.2231 14
    endloop
  endfacet
  facet normal -0 0 1
    outer loop
      vertex -37.6131 -36.1294 14
      vertex -34.7431 -37.5447 14
      vertex -37.3663 -35.6677 14
    endloop
  endfacet
  facet normal 0 0 1
    outer loop
      vertex -34.595 -37.2677 14
      vertex -37.3663 -35.6677 14
      vertex -34.7431 -37.5447 14
    endloop
  endfacet
  facet normal 0 0 1
    outer loop
      vertex -23.2631 -43.206 14
      vertex -26.1331 -41.7907 14
      vertex -23.5099 -43.6677 14
    endloop
  endfacet
  facet normal -0 0 1
    outer loop
      vertex -26.2811 -42.0677 14
      vertex -23.5099 -43.6677 14
      vertex -26.1331 -41.7907 14
    endloop
  endfacet
  facet normal 0 0 1
    outer loop
      vertex -23.5099 -43.6677 14
      vertex -26.2811 -42.0677 14
      vertex -23.7863 -44.1122 14
    endloop
  endfacet
  facet normal -0 0 1
    outer loop
      vertex -26.447 -42.3344 14
      vertex -23.7863 -44.1122 14
      vertex -26.2811 -42.0677 14
    endloop
  endfacet
  facet normal 0 0 1
    outer loop
      vertex -23.7863 -44.1122 14
      vertex -26.447 -42.3344 14
      vertex -24.0912 -44.5378 14
    endloop
  endfacet
  facet normal -0 0 1
    outer loop
      vertex -26.63 -42.5897 14
      vertex -24.0912 -44.5378 14
      vertex -26.447 -42.3344 14
    endloop
  endfacet
  facet normal 0 0 1
    outer loop
      vertex -24.0912 -44.5378 14
      vertex -26.63 -42.5897 14
      vertex -24.4234 -44.9424 14
    endloop
  endfacet
  facet normal -0 0 1
    outer loop
      vertex -26.8292 -42.8325 14
      vertex -24.4234 -44.9424 14
      vertex -26.63 -42.5897 14
    endloop
  endfacet
  facet normal 0 0 1
    outer loop
      vertex -24.4234 -44.9424 14
      vertex -26.8292 -42.8325 14
      vertex -24.7812 -45.3245 14
    endloop
  endfacet
  facet normal -0 0 1
    outer loop
      vertex -27.044 -43.0618 14
      vertex -24.7812 -45.3245 14
      vertex -26.8292 -42.8325 14
    endloop
  endfacet
  facet normal 0 0 1
    outer loop
      vertex -24.7812 -45.3245 14
      vertex -27.044 -43.0618 14
      vertex -25.1633 -45.6824 14
    endloop
  endfacet
  facet normal -0 0 1
    outer loop
      vertex -27.2732 -43.2765 14
      vertex -25.1633 -45.6824 14
      vertex -27.044 -43.0618 14
    endloop
  endfacet
  facet normal 0 0 1
    outer loop
      vertex -25.1633 -45.6824 14
      vertex -27.2732 -43.2765 14
      vertex -25.568 -46.0145 14
    endloop
  endfacet
  facet normal -0 0 1
    outer loop
      vertex -27.516 -43.4758 14
      vertex -25.568 -46.0145 14
      vertex -27.2732 -43.2765 14
    endloop
  endfacet
  facet normal 0 0 1
    outer loop
      vertex -25.568 -46.0145 14
      vertex -27.516 -43.4758 14
      vertex -25.9935 -46.3194 14
    endloop
  endfacet
  facet normal -0 0 1
    outer loop
      vertex -27.7713 -43.6587 14
      vertex -25.9935 -46.3194 14
      vertex -27.516 -43.4758 14
    endloop
  endfacet
  facet normal 0 0 1
    outer loop
      vertex -25.9935 -46.3194 14
      vertex -27.7713 -43.6587 14
      vertex -26.4381 -46.5959 14
    endloop
  endfacet
  facet normal -0 0 1
    outer loop
      vertex -28.0381 -43.8246 14
      vertex -26.4381 -46.5959 14
      vertex -27.7713 -43.6587 14
    endloop
  endfacet
  facet normal 0 0 1
    outer loop
      vertex -26.4381 -46.5959 14
      vertex -28.0381 -43.8246 14
      vertex -26.8998 -46.8426 14
    endloop
  endfacet
  facet normal -0 0 1
    outer loop
      vertex -28.3151 -43.9727 14
      vertex -26.8998 -46.8426 14
      vertex -28.0381 -43.8246 14
    endloop
  endfacet
  facet normal 0 0 1
    outer loop
      vertex -26.8998 -46.8426 14
      vertex -28.3151 -43.9727 14
      vertex -27.3766 -47.0587 14
    endloop
  endfacet
  facet normal -0 0 1
    outer loop
      vertex -28.6012 -44.1023 14
      vertex -27.3766 -47.0587 14
      vertex -28.3151 -43.9727 14
    endloop
  endfacet
  facet normal 0 0 1
    outer loop
      vertex -27.3766 -47.0587 14
      vertex -28.6012 -44.1023 14
      vertex -27.8666 -47.2431 14
    endloop
  endfacet
  facet normal -0 0 1
    outer loop
      vertex -28.8952 -44.2129 14
      vertex -27.8666 -47.2431 14
      vertex -28.6012 -44.1023 14
    endloop
  endfacet
  facet normal 0 0 1
    outer loop
      vertex -27.8666 -47.2431 14
      vertex -28.8952 -44.2129 14
      vertex -28.3675 -47.3951 14
    endloop
  endfacet
  facet normal -0 0 1
    outer loop
      vertex -29.1957 -44.3041 14
      vertex -28.3675 -47.3951 14
      vertex -28.8952 -44.2129 14
    endloop
  endfacet
  facet normal 0 0 1
    outer loop
      vertex -28.3675 -47.3951 14
      vertex -29.1957 -44.3041 14
      vertex -28.8773 -47.5139 14
    endloop
  endfacet
  facet normal -0 0 1
    outer loop
      vertex -29.5016 -44.3754 14
      vertex -28.8773 -47.5139 14
      vertex -29.1957 -44.3041 14
    endloop
  endfacet
  facet normal 0 0 1
    outer loop
      vertex -28.8773 -47.5139 14
      vertex -29.5016 -44.3754 14
      vertex -29.3939 -47.5992 14
    endloop
  endfacet
  facet normal -0 0 1
    outer loop
      vertex -29.8115 -44.4266 14
      vertex -29.3939 -47.5992 14
      vertex -29.5016 -44.3754 14
    endloop
  endfacet
  facet normal 0 0 1
    outer loop
      vertex -29.8115 -44.4266 14
      vertex -29.9148 -47.6505 14
      vertex -29.3939 -47.5992 14
    endloop
  endfacet
  facet normal -0 0 1
    outer loop
      vertex -30.1241 -44.4574 14
      vertex -29.9148 -47.6505 14
      vertex -29.8115 -44.4266 14
    endloop
  endfacet
  facet normal -0 0 1
    outer loop
      vertex -30.4381 -44.4677 14
      vertex -29.9148 -47.6505 14
      vertex -30.1241 -44.4574 14
    endloop
  endfacet
  facet normal 0 0 1
    outer loop
      vertex -30.4381 -44.4677 14
      vertex -30.4381 -47.6677 14
      vertex -29.9148 -47.6505 14
    endloop
  endfacet
  facet normal 0 0 1
    outer loop
      vertex -30.752 -44.4574 14
      vertex -30.4381 -47.6677 14
      vertex -30.4381 -44.4677 14
    endloop
  endfacet
  facet normal 0 0 1
    outer loop
      vertex -30.752 -44.4574 14
      vertex -30.9613 -47.6505 14
      vertex -30.4381 -47.6677 14
    endloop
  endfacet
  facet normal 0 0 1
    outer loop
      vertex -31.0646 -44.4266 14
      vertex -30.9613 -47.6505 14
      vertex -30.752 -44.4574 14
    endloop
  endfacet
  facet normal 0 0 1
    outer loop
      vertex -31.4823 -47.5992 14
      vertex -31.0646 -44.4266 14
      vertex -31.3745 -44.3754 14
    endloop
  endfacet
  facet normal 0 0 1
    outer loop
      vertex -31.0646 -44.4266 14
      vertex -31.4823 -47.5992 14
      vertex -30.9613 -47.6505 14
    endloop
  endfacet
  facet normal 0 0 1
    outer loop
      vertex -31.9988 -47.5139 14
      vertex -31.3745 -44.3754 14
      vertex -31.6804 -44.3041 14
    endloop
  endfacet
  facet normal 0 0 1
    outer loop
      vertex -32.5086 -47.3951 14
      vertex -31.6804 -44.3041 14
      vertex -31.981 -44.2129 14
    endloop
  endfacet
  facet normal 0 0 1
    outer loop
      vertex -31.3745 -44.3754 14
      vertex -31.9988 -47.5139 14
      vertex -31.4823 -47.5992 14
    endloop
  endfacet
  facet normal 0 0 1
    outer loop
      vertex -33.0096 -47.2431 14
      vertex -31.981 -44.2129 14
      vertex -32.275 -44.1023 14
    endloop
  endfacet
  facet normal 0 0 1
    outer loop
      vertex -31.6804 -44.3041 14
      vertex -32.5086 -47.3951 14
      vertex -31.9988 -47.5139 14
    endloop
  endfacet
  facet normal 0 0 1
    outer loop
      vertex -33.4995 -47.0587 14
      vertex -32.275 -44.1023 14
      vertex -32.5611 -43.9727 14
    endloop
  endfacet
  facet normal 0 0 1
    outer loop
      vertex -33.9764 -46.8426 14
      vertex -32.5611 -43.9727 14
      vertex -32.8381 -43.8246 14
    endloop
  endfacet
  facet normal 0 0 1
    outer loop
      vertex -31.981 -44.2129 14
      vertex -33.0096 -47.2431 14
      vertex -32.5086 -47.3951 14
    endloop
  endfacet
  facet normal 0 0 1
    outer loop
      vertex -34.4381 -46.5959 14
      vertex -32.8381 -43.8246 14
      vertex -33.1048 -43.6587 14
    endloop
  endfacet
  facet normal 0 0 1
    outer loop
      vertex -34.8826 -46.3194 14
      vertex -33.1048 -43.6587 14
      vertex -33.3601 -43.4758 14
    endloop
  endfacet
  facet normal 0 0 1
    outer loop
      vertex -32.275 -44.1023 14
      vertex -33.4995 -47.0587 14
      vertex -33.0096 -47.2431 14
    endloop
  endfacet
  facet normal 0 0 1
    outer loop
      vertex -35.3082 -46.0145 14
      vertex -33.3601 -43.4758 14
      vertex -33.6029 -43.2765 14
    endloop
  endfacet
  facet normal 0 0 1
    outer loop
      vertex -35.7128 -45.6824 14
      vertex -33.6029 -43.2765 14
      vertex -33.8322 -43.0618 14
    endloop
  endfacet
  facet normal 0 0 1
    outer loop
      vertex -32.5611 -43.9727 14
      vertex -33.9764 -46.8426 14
      vertex -33.4995 -47.0587 14
    endloop
  endfacet
  facet normal 0 0 1
    outer loop
      vertex -36.0949 -45.3245 14
      vertex -33.8322 -43.0618 14
      vertex -34.0469 -42.8325 14
    endloop
  endfacet
  facet normal 0 0 1
    outer loop
      vertex -36.4528 -44.9424 14
      vertex -34.0469 -42.8325 14
      vertex -34.2462 -42.5897 14
    endloop
  endfacet
  facet normal 0 0 1
    outer loop
      vertex -36.7849 -44.5378 14
      vertex -34.2462 -42.5897 14
      vertex -34.4291 -42.3344 14
    endloop
  endfacet
  facet normal 0 0 1
    outer loop
      vertex -32.8381 -43.8246 14
      vertex -34.4381 -46.5959 14
      vertex -33.9764 -46.8426 14
    endloop
  endfacet
  facet normal 0 0 1
    outer loop
      vertex -37.0898 -44.1122 14
      vertex -34.4291 -42.3344 14
      vertex -34.595 -42.0677 14
    endloop
  endfacet
  facet normal 0 0 1
    outer loop
      vertex -37.3663 -43.6677 14
      vertex -34.595 -42.0677 14
      vertex -34.7431 -41.7907 14
    endloop
  endfacet
  facet normal 0 0 1
    outer loop
      vertex -37.6131 -43.206 14
      vertex -34.7431 -41.7907 14
      vertex -34.8727 -41.5045 14
    endloop
  endfacet
  facet normal 0 0 1
    outer loop
      vertex -33.1048 -43.6587 14
      vertex -34.8826 -46.3194 14
      vertex -34.4381 -46.5959 14
    endloop
  endfacet
  facet normal 0 0 1
    outer loop
      vertex -37.8291 -42.7291 14
      vertex -34.8727 -41.5045 14
      vertex -34.9833 -41.2106 14
    endloop
  endfacet
  facet normal 0 0 1
    outer loop
      vertex -38.0135 -42.2392 14
      vertex -34.9833 -41.2106 14
      vertex -35.0745 -40.91 14
    endloop
  endfacet
  facet normal 0 0 1
    outer loop
      vertex -38.1655 -41.7382 14
      vertex -35.0745 -40.91 14
      vertex -35.1458 -40.6041 14
    endloop
  endfacet
  facet normal 0 0 1
    outer loop
      vertex -38.2844 -41.2284 14
      vertex -35.1458 -40.6041 14
      vertex -35.197 -40.2942 14
    endloop
  endfacet
  facet normal 0 0 1
    outer loop
      vertex -38.3696 -40.7119 14
      vertex -35.197 -40.2942 14
      vertex -35.2278 -39.9816 14
    endloop
  endfacet
  facet normal 0 0 1
    outer loop
      vertex -33.3601 -43.4758 14
      vertex -35.3082 -46.0145 14
      vertex -34.8826 -46.3194 14
    endloop
  endfacet
  facet normal 0 0 1
    outer loop
      vertex -38.4209 -40.1909 14
      vertex -35.2278 -39.9816 14
      vertex -35.2381 -39.6677 14
    endloop
  endfacet
  facet normal 0 0 1
    outer loop
      vertex -34.7431 -37.5447 14
      vertex -37.6131 -36.1294 14
      vertex -34.8727 -37.8308 14
    endloop
  endfacet
  facet normal -0 0 1
    outer loop
      vertex -37.8291 -36.6062 14
      vertex -34.8727 -37.8308 14
      vertex -37.6131 -36.1294 14
    endloop
  endfacet
  facet normal 0 0 1
    outer loop
      vertex -33.6029 -43.2765 14
      vertex -35.7128 -45.6824 14
      vertex -35.3082 -46.0145 14
    endloop
  endfacet
  facet normal 0 0 1
    outer loop
      vertex -34.8727 -37.8308 14
      vertex -37.8291 -36.6062 14
      vertex -34.9833 -38.1248 14
    endloop
  endfacet
  facet normal 0 0 1
    outer loop
      vertex -33.8322 -43.0618 14
      vertex -36.0949 -45.3245 14
      vertex -35.7128 -45.6824 14
    endloop
  endfacet
  facet normal -0 0 1
    outer loop
      vertex -38.0135 -37.0961 14
      vertex -34.9833 -38.1248 14
      vertex -37.8291 -36.6062 14
    endloop
  endfacet
  facet normal 0 0 1
    outer loop
      vertex -34.0469 -42.8325 14
      vertex -36.4528 -44.9424 14
      vertex -36.0949 -45.3245 14
    endloop
  endfacet
  facet normal 0 0 1
    outer loop
      vertex -34.9833 -38.1248 14
      vertex -38.0135 -37.0961 14
      vertex -35.0745 -38.4253 14
    endloop
  endfacet
  facet normal 0 0 1
    outer loop
      vertex -34.2462 -42.5897 14
      vertex -36.7849 -44.5378 14
      vertex -36.4528 -44.9424 14
    endloop
  endfacet
  facet normal -0 0 1
    outer loop
      vertex -38.1655 -37.5971 14
      vertex -35.0745 -38.4253 14
      vertex -38.0135 -37.0961 14
    endloop
  endfacet
  facet normal 0 0 1
    outer loop
      vertex -34.4291 -42.3344 14
      vertex -37.0898 -44.1122 14
      vertex -36.7849 -44.5378 14
    endloop
  endfacet
  facet normal 0 0 1
    outer loop
      vertex -35.0745 -38.4253 14
      vertex -38.1655 -37.5971 14
      vertex -35.1458 -38.7312 14
    endloop
  endfacet
  facet normal 0 0 1
    outer loop
      vertex -34.595 -42.0677 14
      vertex -37.3663 -43.6677 14
      vertex -37.0898 -44.1122 14
    endloop
  endfacet
  facet normal -0 0 1
    outer loop
      vertex -38.2844 -38.1069 14
      vertex -35.1458 -38.7312 14
      vertex -38.1655 -37.5971 14
    endloop
  endfacet
  facet normal 0 0 1
    outer loop
      vertex -34.7431 -41.7907 14
      vertex -37.6131 -43.206 14
      vertex -37.3663 -43.6677 14
    endloop
  endfacet
  facet normal 0 0 1
    outer loop
      vertex -35.1458 -38.7312 14
      vertex -38.2844 -38.1069 14
      vertex -35.197 -39.0411 14
    endloop
  endfacet
  facet normal 0 0 1
    outer loop
      vertex -34.8727 -41.5045 14
      vertex -37.8291 -42.7291 14
      vertex -37.6131 -43.206 14
    endloop
  endfacet
  facet normal -0 0 1
    outer loop
      vertex -38.3696 -38.6235 14
      vertex -35.197 -39.0411 14
      vertex -38.2844 -38.1069 14
    endloop
  endfacet
  facet normal 0 0 1
    outer loop
      vertex -34.9833 -41.2106 14
      vertex -38.0135 -42.2392 14
      vertex -37.8291 -42.7291 14
    endloop
  endfacet
  facet normal 0 0 1
    outer loop
      vertex -35.197 -39.0411 14
      vertex -38.3696 -38.6235 14
      vertex -35.2278 -39.3537 14
    endloop
  endfacet
  facet normal 0 0 1
    outer loop
      vertex -35.0745 -40.91 14
      vertex -38.1655 -41.7382 14
      vertex -38.0135 -42.2392 14
    endloop
  endfacet
  facet normal -0 0 1
    outer loop
      vertex -38.4209 -39.1444 14
      vertex -35.2278 -39.3537 14
      vertex -38.3696 -38.6235 14
    endloop
  endfacet
  facet normal 0 0 1
    outer loop
      vertex -35.1458 -40.6041 14
      vertex -38.2844 -41.2284 14
      vertex -38.1655 -41.7382 14
    endloop
  endfacet
  facet normal 0 0 1
    outer loop
      vertex -35.2278 -39.3537 14
      vertex -38.4209 -39.1444 14
      vertex -35.2381 -39.6677 14
    endloop
  endfacet
  facet normal 0 0 1
    outer loop
      vertex -35.197 -40.2942 14
      vertex -38.3696 -40.7119 14
      vertex -38.2844 -41.2284 14
    endloop
  endfacet
  facet normal 0 0 1
    outer loop
      vertex -38.4381 -39.6677 14
      vertex -35.2381 -39.6677 14
      vertex -38.4209 -39.1444 14
    endloop
  endfacet
  facet normal 0 0 1
    outer loop
      vertex -35.2278 -39.9816 14
      vertex -38.4209 -40.1909 14
      vertex -38.3696 -40.7119 14
    endloop
  endfacet
  facet normal 0 0 1
    outer loop
      vertex -35.2381 -39.6677 14
      vertex -38.4381 -39.6677 14
      vertex -38.4209 -40.1909 14
    endloop
  endfacet
  facet normal -0.935897 0.352275 0
    outer loop
      vertex -38.0135 -37.0961 6
      vertex -37.8291 -36.6062 14
      vertex -37.8291 -36.6062 6
    endloop
  endfacet
  facet normal -0.935897 0.352275 0
    outer loop
      vertex -37.8291 -36.6062 14
      vertex -38.0135 -37.0961 6
      vertex -38.0135 -37.0961 14
    endloop
  endfacet
  facet normal -0.0979906 -0.995187 0
    outer loop
      vertex -31.4823 -47.5992 0
      vertex -30.9613 -47.6505 14
      vertex -31.4823 -47.5992 14
    endloop
  endfacet
  facet normal -0.0979906 -0.995187 -0
    outer loop
      vertex -30.9613 -47.6505 14
      vertex -31.4823 -47.5992 0
      vertex -30.9613 -47.6505 0
    endloop
  endfacet
  facet normal -0.986666 -0.162757 0
    outer loop
      vertex -38.2844 -41.2284 0
      vertex -38.3696 -40.7119 14
      vertex -38.3696 -40.7119 0
    endloop
  endfacet
  facet normal -0.986666 -0.162757 0
    outer loop
      vertex -38.3696 -40.7119 14
      vertex -38.2844 -41.2284 0
      vertex -38.2844 -41.2284 14
    endloop
  endfacet
  facet normal -0.683617 -0.729841 0
    outer loop
      vertex -36.0949 -45.3245 0
      vertex -35.7128 -45.6824 14
      vertex -36.0949 -45.3245 14
    endloop
  endfacet
  facet normal -0.683617 -0.729841 -0
    outer loop
      vertex -35.7128 -45.6824 14
      vertex -36.0949 -45.3245 0
      vertex -35.7128 -45.6824 0
    endloop
  endfacet
  facet normal -0.973864 0.227133 0
    outer loop
      vertex -38.2844 -38.1069 6
      vertex -38.1655 -37.5971 14
      vertex -38.1655 -37.5971 6
    endloop
  endfacet
  facet normal -0.973864 0.227133 0
    outer loop
      vertex -38.1655 -37.5971 14
      vertex -38.2844 -38.1069 6
      vertex -38.2844 -38.1069 14
    endloop
  endfacet
  facet normal -0.471421 0.881908 0
    outer loop
      vertex -33.9764 -32.4927 6
      vertex -34.4381 -32.7395 14
      vertex -33.9764 -32.4927 14
    endloop
  endfacet
  facet normal -0.471421 0.881908 0
    outer loop
      vertex -34.4381 -32.7395 14
      vertex -33.9764 -32.4927 6
      vertex -34.4381 -32.7395 6
    endloop
  endfacet
  facet normal -0.995187 -0.0979906 0
    outer loop
      vertex -38.3696 -40.7119 0
      vertex -38.4209 -40.1909 14
      vertex -38.4209 -40.1909 0
    endloop
  endfacet
  facet normal -0.995187 -0.0979906 0
    outer loop
      vertex -38.4209 -40.1909 14
      vertex -38.3696 -40.7119 0
      vertex -38.3696 -40.7119 14
    endloop
  endfacet
  facet normal -0.773037 0.634361 0
    outer loop
      vertex -36.7849 -34.7976 7
      vertex -36.4528 -34.3929 14
      vertex -36.4528 -34.3929 7
    endloop
  endfacet
  facet normal -0.773037 0.634361 0
    outer loop
      vertex -36.4528 -34.3929 14
      vertex -36.7849 -34.7976 7
      vertex -36.7849 -34.7976 14
    endloop
  endfacet
  facet normal -0.956928 0.290325 0
    outer loop
      vertex -38.1655 -37.5971 6
      vertex -38.0135 -37.0961 14
      vertex -38.0135 -37.0961 6
    endloop
  endfacet
  facet normal -0.956928 0.290325 0
    outer loop
      vertex -38.0135 -37.0961 14
      vertex -38.1655 -37.5971 6
      vertex -38.1655 -37.5971 14
    endloop
  endfacet
  facet normal -0.032666 0.999466 0
    outer loop
      vertex -30.4381 -31.6677 6
      vertex -30.9613 -31.6848 14
      vertex -30.4381 -31.6677 14
    endloop
  endfacet
  facet normal -0.032666 0.999466 0
    outer loop
      vertex -30.9613 -31.6848 14
      vertex -30.4381 -31.6677 6
      vertex -30.9613 -31.6848 6
    endloop
  endfacet
  facet normal -0.162943 0.986636 0
    outer loop
      vertex -31.4823 -31.7361 6
      vertex -31.9988 -31.8214 14
      vertex -31.4823 -31.7361 14
    endloop
  endfacet
  facet normal -0.162943 0.986636 0
    outer loop
      vertex -31.9988 -31.8214 14
      vertex -31.4823 -31.7361 6
      vertex -31.9988 -31.8214 6
    endloop
  endfacet
  facet normal -0.290151 0.956981 0
    outer loop
      vertex -32.5086 -31.9403 6
      vertex -33.0096 -32.0922 14
      vertex -32.5086 -31.9403 14
    endloop
  endfacet
  facet normal -0.290151 0.956981 0
    outer loop
      vertex -33.0096 -32.0922 14
      vertex -32.5086 -31.9403 6
      vertex -33.0096 -32.0922 6
    endloop
  endfacet
  facet normal -0.226952 -0.973906 0
    outer loop
      vertex -32.5086 -47.3951 0
      vertex -31.9988 -47.5139 14
      vertex -32.5086 -47.3951 14
    endloop
  endfacet
  facet normal -0.226952 -0.973906 -0
    outer loop
      vertex -31.9988 -47.5139 14
      vertex -32.5086 -47.3951 0
      vertex -31.9988 -47.5139 0
    endloop
  endfacet
  facet normal -0.910922 -0.412579 0
    outer loop
      vertex -37.6131 -43.206 0
      vertex -37.8291 -42.7291 14
      vertex -37.8291 -42.7291 0
    endloop
  endfacet
  facet normal -0.910922 -0.412579 0
    outer loop
      vertex -37.8291 -42.7291 14
      vertex -37.6131 -43.206 0
      vertex -37.6131 -43.206 14
    endloop
  endfacet
  facet normal -0.582376 0.81292 -5.67286e-06
    outer loop
      vertex -34.8826 -33.0159 14
      vertex -35.2851 -33.3043 7
      vertex -35.3082 -33.3208 14
    endloop
  endfacet
  facet normal -0.582441 0.812873 0
    outer loop
      vertex -34.8826 -33.0159 6
      vertex -35.2851 -33.3043 7
      vertex -34.8826 -33.0159 14
    endloop
  endfacet
  facet normal -0.582441 0.812873 0
    outer loop
      vertex -35.2851 -33.3043 7
      vertex -34.8826 -33.0159 6
      vertex -35.2851 -33.3043 6
    endloop
  endfacet
  facet normal -0.581238 0.813733 0
    outer loop
      vertex -35.3082 -33.3208 14
      vertex -35.2851 -33.3043 7
      vertex -35.3082 -33.3208 7
    endloop
  endfacet
  facet normal 0.0980092 0.995186 -0
    outer loop
      vertex -29.3939 -31.7361 6
      vertex -29.9148 -31.6848 14
      vertex -29.3939 -31.7361 14
    endloop
  endfacet
  facet normal 0.0980092 0.995186 0
    outer loop
      vertex -29.9148 -31.6848 14
      vertex -29.3939 -31.7361 6
      vertex -29.9148 -31.6848 6
    endloop
  endfacet
  facet normal 0.986636 -0.162943 0
    outer loop
      vertex -22.5918 -41.2284 14
      vertex -22.5065 -40.7119 6
      vertex -22.5065 -40.7119 14
    endloop
  endfacet
  facet normal 0.986636 -0.162943 0
    outer loop
      vertex -22.5065 -40.7119 6
      vertex -22.5918 -41.2284 14
      vertex -22.5918 -41.2284 6
    endloop
  endfacet
  facet normal -0.471272 -0.881988 0
    outer loop
      vertex -34.4381 -46.5959 0
      vertex -33.9764 -46.8426 14
      vertex -34.4381 -46.5959 14
    endloop
  endfacet
  facet normal -0.471272 -0.881988 -0
    outer loop
      vertex -33.9764 -46.8426 14
      vertex -34.4381 -46.5959 0
      vertex -33.9764 -46.8426 0
    endloop
  endfacet
  facet normal 0.910817 0.41281 0
    outer loop
      vertex -23.047 -36.6062 14
      vertex -23.2631 -36.1294 6
      vertex -23.2631 -36.1294 14
    endloop
  endfacet
  facet normal 0.910817 0.41281 0
    outer loop
      vertex -23.2631 -36.1294 6
      vertex -23.047 -36.6062 14
      vertex -23.047 -36.6062 6
    endloop
  endfacet
  facet normal -0.352275 -0.935897 0
    outer loop
      vertex -33.4995 -47.0587 0
      vertex -33.0096 -47.2431 14
      vertex -33.4995 -47.0587 14
    endloop
  endfacet
  facet normal -0.352275 -0.935897 -0
    outer loop
      vertex -33.0096 -47.2431 14
      vertex -33.4995 -47.0587 0
      vertex -33.0096 -47.2431 0
    endloop
  endfacet
  facet normal 0.683617 0.729841 -0
    outer loop
      vertex -24.7812 -34.0108 6
      vertex -25.1633 -33.6529 14
      vertex -24.7812 -34.0108 14
    endloop
  endfacet
  facet normal 0.683617 0.729841 0
    outer loop
      vertex -25.1633 -33.6529 14
      vertex -24.7812 -34.0108 6
      vertex -25.1633 -33.6529 6
    endloop
  endfacet
  facet normal -0.634454 -0.77296 0
    outer loop
      vertex -35.7128 -45.6824 0
      vertex -35.3082 -46.0145 14
      vertex -35.7128 -45.6824 14
    endloop
  endfacet
  facet normal -0.634454 -0.77296 -0
    outer loop
      vertex -35.3082 -46.0145 14
      vertex -35.7128 -45.6824 0
      vertex -35.3082 -46.0145 0
    endloop
  endfacet
  facet normal 0.812855 0.582466 0
    outer loop
      vertex -23.7863 -35.2231 14
      vertex -24.0912 -34.7976 6
      vertex -24.0912 -34.7976 14
    endloop
  endfacet
  facet normal 0.812855 0.582466 0
    outer loop
      vertex -24.0912 -34.7976 6
      vertex -23.7863 -35.2231 14
      vertex -23.7863 -35.2231 6
    endloop
  endfacet
  facet normal -0.986671 0.162726 0
    outer loop
      vertex -38.3696 -38.6235 6
      vertex -38.2844 -38.1069 14
      vertex -38.2844 -38.1069 6
    endloop
  endfacet
  facet normal -0.986671 0.162726 0
    outer loop
      vertex -38.2844 -38.1069 14
      vertex -38.3696 -38.6235 6
      vertex -38.3696 -38.6235 14
    endloop
  endfacet
  facet normal 0.352212 0.93592 -0
    outer loop
      vertex -27.3766 -32.2766 6
      vertex -27.8666 -32.0922 14
      vertex -27.3766 -32.2766 14
    endloop
  endfacet
  facet normal 0.352212 0.93592 0
    outer loop
      vertex -27.8666 -32.0922 14
      vertex -27.3766 -32.2766 6
      vertex -27.8666 -32.0922 6
    endloop
  endfacet
  facet normal -0.881908 -0.471421 0
    outer loop
      vertex -37.3663 -43.6677 0
      vertex -37.6131 -43.206 14
      vertex -37.6131 -43.206 0
    endloop
  endfacet
  facet normal -0.881908 -0.471421 0
    outer loop
      vertex -37.6131 -43.206 14
      vertex -37.3663 -43.6677 0
      vertex -37.3663 -43.6677 14
    endloop
  endfacet
  facet normal -0.999465 0.0327119 0
    outer loop
      vertex -38.4269 -39.3255 0
      vertex -38.4381 -39.6677 0
      vertex -38.4269 -39.3255 6
    endloop
  endfacet
  facet normal -0.999452 0.0331127 0
    outer loop
      vertex -38.4269 -39.3255 6
      vertex -38.4209 -39.1444 14
      vertex -38.4209 -39.1444 6
    endloop
  endfacet
  facet normal -0.999465 0.0327119 0
    outer loop
      vertex -38.4381 -39.6677 14
      vertex -38.4269 -39.3255 6
      vertex -38.4381 -39.6677 0
    endloop
  endfacet
  facet normal -0.99946 0.0328506 5.93985e-06
    outer loop
      vertex -38.4269 -39.3255 6
      vertex -38.4381 -39.6677 14
      vertex -38.4209 -39.1444 14
    endloop
  endfacet
  facet normal -0.528195 -0.849123 0
    outer loop
      vertex -34.8826 -46.3194 0
      vertex -34.4381 -46.5959 14
      vertex -34.8826 -46.3194 14
    endloop
  endfacet
  facet normal -0.528195 -0.849123 -0
    outer loop
      vertex -34.4381 -46.5959 14
      vertex -34.8826 -46.3194 0
      vertex -34.4381 -46.5959 0
    endloop
  endfacet
  facet normal 0.81292 -0.582376 0
    outer loop
      vertex -24.0912 -44.5378 14
      vertex -23.7863 -44.1122 6
      vertex -23.7863 -44.1122 14
    endloop
  endfacet
  facet normal 0.81292 -0.582376 0
    outer loop
      vertex -23.7863 -44.1122 6
      vertex -24.0912 -44.5378 14
      vertex -24.0912 -44.5378 6
    endloop
  endfacet
  facet normal -0.973864 -0.227133 0
    outer loop
      vertex -38.1655 -41.7382 0
      vertex -38.2844 -41.2284 14
      vertex -38.2844 -41.2284 0
    endloop
  endfacet
  facet normal -0.973864 -0.227133 0
    outer loop
      vertex -38.2844 -41.2284 14
      vertex -38.1655 -41.7382 0
      vertex -38.1655 -41.7382 14
    endloop
  endfacet
  facet normal 0.881908 -0.471421 0
    outer loop
      vertex -23.5099 -43.6677 14
      vertex -23.2631 -43.206 6
      vertex -23.2631 -43.206 14
    endloop
  endfacet
  facet normal 0.881908 -0.471421 0
    outer loop
      vertex -23.2631 -43.206 6
      vertex -23.5099 -43.6677 14
      vertex -23.5099 -43.6677 6
    endloop
  endfacet
  facet normal 0.227133 0.973864 -0
    outer loop
      vertex -28.3675 -31.9403 6
      vertex -28.8773 -31.8214 14
      vertex -28.3675 -31.9403 14
    endloop
  endfacet
  facet normal 0.227133 0.973864 0
    outer loop
      vertex -28.8773 -31.8214 14
      vertex -28.3675 -31.9403 6
      vertex -28.8773 -31.8214 6
    endloop
  endfacet
  facet normal -0.352275 0.935897 0
    outer loop
      vertex -33.0096 -32.0922 6
      vertex -33.4995 -32.2766 14
      vertex -33.0096 -32.0922 14
    endloop
  endfacet
  facet normal -0.352275 0.935897 0
    outer loop
      vertex -33.4995 -32.2766 14
      vertex -33.0096 -32.0922 6
      vertex -33.4995 -32.2766 6
    endloop
  endfacet
  facet normal 0.772867 -0.634568 0
    outer loop
      vertex -24.4234 -44.9424 14
      vertex -24.0912 -44.5378 6
      vertex -24.0912 -44.5378 14
    endloop
  endfacet
  facet normal 0.772867 -0.634568 0
    outer loop
      vertex -24.0912 -44.5378 6
      vertex -24.4234 -44.9424 14
      vertex -24.4234 -44.9424 6
    endloop
  endfacet
  facet normal 0.956981 -0.290151 0
    outer loop
      vertex -22.8626 -42.2392 14
      vertex -22.7107 -41.7382 6
      vertex -22.7107 -41.7382 14
    endloop
  endfacet
  facet normal 0.956981 -0.290151 0
    outer loop
      vertex -22.7107 -41.7382 6
      vertex -22.8626 -42.2392 14
      vertex -22.8626 -42.2392 6
    endloop
  endfacet
  facet normal -0.412738 -0.91085 0
    outer loop
      vertex -33.9764 -46.8426 0
      vertex -33.4995 -47.0587 14
      vertex -33.9764 -46.8426 14
    endloop
  endfacet
  facet normal -0.412738 -0.91085 -0
    outer loop
      vertex -33.4995 -47.0587 14
      vertex -33.9764 -46.8426 0
      vertex -33.4995 -47.0587 0
    endloop
  endfacet
  facet normal -0.634454 0.77296 0
    outer loop
      vertex -35.3082 -33.3208 7
      vertex -35.7128 -33.6529 14
      vertex -35.3082 -33.3208 14
    endloop
  endfacet
  facet normal -0.634454 0.77296 0
    outer loop
      vertex -35.7128 -33.6529 14
      vertex -35.3082 -33.3208 7
      vertex -35.7128 -33.6529 7
    endloop
  endfacet
  facet normal -0.99946 -0.0328569 0
    outer loop
      vertex -38.4209 -40.1909 0
      vertex -38.4381 -39.6677 14
      vertex -38.4381 -39.6677 0
    endloop
  endfacet
  facet normal -0.99946 -0.0328569 0
    outer loop
      vertex -38.4381 -39.6677 14
      vertex -38.4209 -40.1909 0
      vertex -38.4209 -40.1909 14
    endloop
  endfacet
  facet normal -0.683617 0.729841 0
    outer loop
      vertex -35.7128 -33.6529 7
      vertex -36.0949 -34.0108 14
      vertex -35.7128 -33.6529 14
    endloop
  endfacet
  facet normal -0.683617 0.729841 0
    outer loop
      vertex -36.0949 -34.0108 14
      vertex -35.7128 -33.6529 7
      vertex -36.0949 -34.0108 7
    endloop
  endfacet
  facet normal -0.995186 0.0980092 0
    outer loop
      vertex -38.4209 -39.1444 6
      vertex -38.3696 -38.6235 14
      vertex -38.3696 -38.6235 6
    endloop
  endfacet
  facet normal -0.995186 0.0980092 0
    outer loop
      vertex -38.3696 -38.6235 14
      vertex -38.4209 -39.1444 6
      vertex -38.4209 -39.1444 14
    endloop
  endfacet
  facet normal 0.849209 -0.528057 0
    outer loop
      vertex -23.7863 -44.1122 14
      vertex -23.5099 -43.6677 6
      vertex -23.5099 -43.6677 14
    endloop
  endfacet
  facet normal 0.849209 -0.528057 0
    outer loop
      vertex -23.5099 -43.6677 6
      vertex -23.7863 -44.1122 14
      vertex -23.7863 -44.1122 6
    endloop
  endfacet
  facet normal -0.849123 -0.528195 0
    outer loop
      vertex -37.0898 -44.1122 0
      vertex -37.3663 -43.6677 14
      vertex -37.3663 -43.6677 0
    endloop
  endfacet
  facet normal -0.849123 -0.528195 0
    outer loop
      vertex -37.3663 -43.6677 14
      vertex -37.0898 -44.1122 0
      vertex -37.0898 -44.1122 14
    endloop
  endfacet
  facet normal 0.471421 0.881908 -0
    outer loop
      vertex -26.4381 -32.7395 6
      vertex -26.8998 -32.4927 14
      vertex -26.4381 -32.7395 14
    endloop
  endfacet
  facet normal 0.471421 0.881908 0
    outer loop
      vertex -26.8998 -32.4927 14
      vertex -26.4381 -32.7395 6
      vertex -26.8998 -32.4927 6
    endloop
  endfacet
  facet normal 0.729936 0.683515 0
    outer loop
      vertex -24.4234 -34.3929 14
      vertex -24.7812 -34.0108 6
      vertex -24.7812 -34.0108 14
    endloop
  endfacet
  facet normal 0.729936 0.683515 0
    outer loop
      vertex -24.7812 -34.0108 6
      vertex -24.4234 -34.3929 14
      vertex -24.4234 -34.3929 6
    endloop
  endfacet
  facet normal -0.0979906 0.995187 0
    outer loop
      vertex -30.9613 -31.6848 6
      vertex -31.4823 -31.7361 14
      vertex -30.9613 -31.6848 14
    endloop
  endfacet
  facet normal -0.0979906 0.995187 0
    outer loop
      vertex -31.4823 -31.7361 14
      vertex -30.9613 -31.6848 6
      vertex -31.4823 -31.7361 6
    endloop
  endfacet
  facet normal 0.290204 0.956965 -0
    outer loop
      vertex -27.8666 -32.0922 6
      vertex -28.3675 -31.9403 14
      vertex -27.8666 -32.0922 14
    endloop
  endfacet
  facet normal 0.290204 0.956965 0
    outer loop
      vertex -28.3675 -31.9403 14
      vertex -27.8666 -32.0922 6
      vertex -28.3675 -31.9403 6
    endloop
  endfacet
  facet normal -0.412738 0.91085 0
    outer loop
      vertex -33.4995 -32.2766 6
      vertex -33.9764 -32.4927 14
      vertex -33.4995 -32.2766 14
    endloop
  endfacet
  facet normal -0.412738 0.91085 0
    outer loop
      vertex -33.9764 -32.4927 14
      vertex -33.4995 -32.2766 6
      vertex -33.9764 -32.4927 6
    endloop
  endfacet
  facet normal 0.91085 -0.412738 0
    outer loop
      vertex -23.2631 -43.206 14
      vertex -23.047 -42.7291 6
      vertex -23.047 -42.7291 14
    endloop
  endfacet
  facet normal 0.91085 -0.412738 0
    outer loop
      vertex -23.047 -42.7291 6
      vertex -23.2631 -43.206 14
      vertex -23.2631 -43.206 6
    endloop
  endfacet
  facet normal 0.226952 -0.973906 0
    outer loop
      vertex -28.8773 -47.5139 0
      vertex -28.3675 -47.3951 14
      vertex -28.8773 -47.5139 14
    endloop
  endfacet
  facet normal 0.226952 -0.973906 0
    outer loop
      vertex -28.3675 -47.3951 14
      vertex -28.8773 -47.5139 0
      vertex -28.3675 -47.3951 0
    endloop
  endfacet
  facet normal 0.935897 -0.352275 0
    outer loop
      vertex -23.047 -42.7291 14
      vertex -22.8626 -42.2392 6
      vertex -22.8626 -42.2392 14
    endloop
  endfacet
  facet normal 0.935897 -0.352275 0
    outer loop
      vertex -22.8626 -42.2392 6
      vertex -23.047 -42.7291 14
      vertex -23.047 -42.7291 6
    endloop
  endfacet
  facet normal -0.227133 0.973864 0
    outer loop
      vertex -31.9988 -31.8214 6
      vertex -32.5086 -31.9403 14
      vertex -31.9988 -31.8214 14
    endloop
  endfacet
  facet normal -0.227133 0.973864 0
    outer loop
      vertex -32.5086 -31.9403 14
      vertex -31.9988 -31.8214 6
      vertex -32.5086 -31.9403 6
    endloop
  endfacet
  facet normal -0.582376 -0.81292 0
    outer loop
      vertex -35.3082 -46.0145 0
      vertex -34.8826 -46.3194 14
      vertex -35.3082 -46.0145 14
    endloop
  endfacet
  facet normal -0.582376 -0.81292 -0
    outer loop
      vertex -34.8826 -46.3194 14
      vertex -35.3082 -46.0145 0
      vertex -34.8826 -46.3194 0
    endloop
  endfacet
  facet normal 0.995186 0.0980092 0
    outer loop
      vertex -22.4552 -39.1444 14
      vertex -22.5065 -38.6235 6
      vertex -22.5065 -38.6235 14
    endloop
  endfacet
  facet normal 0.995186 0.0980092 0
    outer loop
      vertex -22.5065 -38.6235 6
      vertex -22.4552 -39.1444 14
      vertex -22.4552 -39.1444 6
    endloop
  endfacet
  facet normal -0.528057 0.849209 0
    outer loop
      vertex -34.4381 -32.7395 6
      vertex -34.8826 -33.0159 14
      vertex -34.4381 -32.7395 14
    endloop
  endfacet
  facet normal -0.528057 0.849209 0
    outer loop
      vertex -34.8826 -33.0159 14
      vertex -34.4381 -32.7395 6
      vertex -34.8826 -33.0159 6
    endloop
  endfacet
  facet normal 0.634361 -0.773037 0
    outer loop
      vertex -25.568 -46.0145 6
      vertex -25.1633 -45.6824 14
      vertex -25.568 -46.0145 14
    endloop
  endfacet
  facet normal 0.634361 -0.773037 0
    outer loop
      vertex -25.1633 -45.6824 14
      vertex -25.568 -46.0145 6
      vertex -25.1633 -45.6824 6
    endloop
  endfacet
  facet normal -0.729841 -0.683617 0
    outer loop
      vertex -36.0949 -45.3245 0
      vertex -36.4528 -44.9424 14
      vertex -36.4528 -44.9424 0
    endloop
  endfacet
  facet normal -0.729841 -0.683617 0
    outer loop
      vertex -36.4528 -44.9424 14
      vertex -36.0949 -45.3245 0
      vertex -36.0949 -45.3245 14
    endloop
  endfacet
  facet normal 0.471272 -0.881988 0
    outer loop
      vertex -26.8998 -46.8426 6
      vertex -26.4381 -46.5959 14
      vertex -26.8998 -46.8426 14
    endloop
  endfacet
  facet normal 0.471272 -0.881988 0
    outer loop
      vertex -26.4381 -46.5959 14
      vertex -26.8998 -46.8426 6
      vertex -26.4381 -46.5959 6
    endloop
  endfacet
  facet normal -0.935897 -0.352275 0
    outer loop
      vertex -37.8291 -42.7291 0
      vertex -38.0135 -42.2392 14
      vertex -38.0135 -42.2392 0
    endloop
  endfacet
  facet normal -0.935897 -0.352275 0
    outer loop
      vertex -38.0135 -42.2392 14
      vertex -37.8291 -42.7291 0
      vertex -37.8291 -42.7291 14
    endloop
  endfacet
  facet normal 0.999466 -0.032666 0
    outer loop
      vertex -22.4552 -40.1909 14
      vertex -22.4381 -39.6677 6
      vertex -22.4381 -39.6677 14
    endloop
  endfacet
  facet normal 0.999466 -0.032666 0
    outer loop
      vertex -22.4381 -39.6677 6
      vertex -22.4552 -40.1909 14
      vertex -22.4552 -40.1909 6
    endloop
  endfacet
  facet normal 0.849262 0.527971 0
    outer loop
      vertex -23.5099 -35.6677 14
      vertex -23.7863 -35.2231 6
      vertex -23.7863 -35.2231 14
    endloop
  endfacet
  facet normal 0.849262 0.527971 0
    outer loop
      vertex -23.7863 -35.2231 6
      vertex -23.5099 -35.6677 14
      vertex -23.5099 -35.6677 6
    endloop
  endfacet
  facet normal -0.77296 -0.634454 0
    outer loop
      vertex -36.4528 -44.9424 0
      vertex -36.7849 -44.5378 14
      vertex -36.7849 -44.5378 0
    endloop
  endfacet
  facet normal -0.77296 -0.634454 0
    outer loop
      vertex -36.7849 -44.5378 14
      vertex -36.4528 -44.9424 0
      vertex -36.4528 -44.9424 14
    endloop
  endfacet
  facet normal 0.729936 -0.683515 0
    outer loop
      vertex -24.7812 -45.3245 14
      vertex -24.4234 -44.9424 6
      vertex -24.4234 -44.9424 14
    endloop
  endfacet
  facet normal 0.729936 -0.683515 0
    outer loop
      vertex -24.4234 -44.9424 6
      vertex -24.7812 -45.3245 14
      vertex -24.7812 -45.3245 6
    endloop
  endfacet
  facet normal -0.290325 -0.956928 0
    outer loop
      vertex -33.0096 -47.2431 0
      vertex -32.5086 -47.3951 14
      vertex -33.0096 -47.2431 14
    endloop
  endfacet
  facet normal -0.290325 -0.956928 -0
    outer loop
      vertex -32.5086 -47.3951 14
      vertex -33.0096 -47.2431 0
      vertex -32.5086 -47.3951 0
    endloop
  endfacet
  facet normal 0.973864 -0.227133 0
    outer loop
      vertex -22.7107 -41.7382 14
      vertex -22.5918 -41.2284 6
      vertex -22.5918 -41.2284 14
    endloop
  endfacet
  facet normal 0.973864 -0.227133 0
    outer loop
      vertex -22.5918 -41.2284 6
      vertex -22.7107 -41.7382 14
      vertex -22.7107 -41.7382 6
    endloop
  endfacet
  facet normal 0.0326598 0.999467 -0
    outer loop
      vertex -29.9148 -31.6848 6
      vertex -30.4381 -31.6677 14
      vertex -29.9148 -31.6848 14
    endloop
  endfacet
  facet normal 0.0326598 0.999467 0
    outer loop
      vertex -30.4381 -31.6677 14
      vertex -29.9148 -31.6848 6
      vertex -30.4381 -31.6677 6
    endloop
  endfacet
  facet normal 0.582466 0.812855 -0
    outer loop
      vertex -25.568 -33.3208 6
      vertex -25.9935 -33.0159 14
      vertex -25.568 -33.3208 14
    endloop
  endfacet
  facet normal 0.582466 0.812855 0
    outer loop
      vertex -25.9935 -33.0159 14
      vertex -25.568 -33.3208 6
      vertex -25.9935 -33.0159 6
    endloop
  endfacet
  facet normal 0.986641 0.162912 0
    outer loop
      vertex -22.5065 -38.6235 14
      vertex -22.5918 -38.1069 6
      vertex -22.5918 -38.1069 14
    endloop
  endfacet
  facet normal 0.986641 0.162912 0
    outer loop
      vertex -22.5918 -38.1069 6
      vertex -22.5065 -38.6235 14
      vertex -22.5065 -38.6235 6
    endloop
  endfacet
  facet normal 0.881908 0.471421 0
    outer loop
      vertex -23.2631 -36.1294 14
      vertex -23.5099 -35.6677 6
      vertex -23.5099 -35.6677 14
    endloop
  endfacet
  facet normal 0.881908 0.471421 0
    outer loop
      vertex -23.5099 -35.6677 6
      vertex -23.2631 -36.1294 14
      vertex -23.2631 -36.1294 6
    endloop
  endfacet
  facet normal 0.956981 0.290151 0
    outer loop
      vertex -22.7107 -37.5971 14
      vertex -22.8626 -37.0961 6
      vertex -22.8626 -37.0961 14
    endloop
  endfacet
  facet normal 0.956981 0.290151 0
    outer loop
      vertex -22.8626 -37.0961 6
      vertex -22.7107 -37.5971 14
      vertex -22.7107 -37.5971 6
    endloop
  endfacet
  facet normal -0.81292 -0.582376 0
    outer loop
      vertex -36.7849 -44.5378 0
      vertex -37.0898 -44.1122 14
      vertex -37.0898 -44.1122 0
    endloop
  endfacet
  facet normal -0.81292 -0.582376 0
    outer loop
      vertex -37.0898 -44.1122 14
      vertex -36.7849 -44.5378 0
      vertex -36.7849 -44.5378 14
    endloop
  endfacet
  facet normal 0.935897 0.352275 0
    outer loop
      vertex -22.8626 -37.0961 14
      vertex -23.047 -36.6062 6
      vertex -23.047 -36.6062 14
    endloop
  endfacet
  facet normal 0.935897 0.352275 0
    outer loop
      vertex -23.047 -36.6062 6
      vertex -22.8626 -37.0961 14
      vertex -22.8626 -37.0961 6
    endloop
  endfacet
  facet normal 0.41281 -0.910817 0
    outer loop
      vertex -27.3766 -47.0587 6
      vertex -26.8998 -46.8426 14
      vertex -27.3766 -47.0587 14
    endloop
  endfacet
  facet normal 0.41281 -0.910817 0
    outer loop
      vertex -26.8998 -46.8426 14
      vertex -27.3766 -47.0587 6
      vertex -26.8998 -46.8426 6
    endloop
  endfacet
  facet normal 0.528109 -0.849177 0
    outer loop
      vertex -26.4381 -46.5959 6
      vertex -25.9935 -46.3194 14
      vertex -26.4381 -46.5959 14
    endloop
  endfacet
  facet normal 0.528109 -0.849177 0
    outer loop
      vertex -25.9935 -46.3194 14
      vertex -26.4381 -46.5959 6
      vertex -25.9935 -46.3194 6
    endloop
  endfacet
  facet normal 0.352212 -0.93592 0
    outer loop
      vertex -27.8666 -47.2431 6
      vertex -27.3766 -47.0587 14
      vertex -27.8666 -47.2431 14
    endloop
  endfacet
  facet normal 0.352212 -0.93592 0
    outer loop
      vertex -27.3766 -47.0587 14
      vertex -27.8666 -47.2431 6
      vertex -27.3766 -47.0587 6
    endloop
  endfacet
  facet normal 0.0328506 -0.99946 0
    outer loop
      vertex -30.4381 -47.6677 0
      vertex -29.9148 -47.6505 14
      vertex -30.4381 -47.6677 14
    endloop
  endfacet
  facet normal 0.0328506 -0.99946 0
    outer loop
      vertex -29.9148 -47.6505 14
      vertex -30.4381 -47.6677 0
      vertex -29.9148 -47.6505 0
    endloop
  endfacet
  facet normal 0.772944 0.634475 0
    outer loop
      vertex -24.0912 -34.7976 14
      vertex -24.4234 -34.3929 6
      vertex -24.4234 -34.3929 14
    endloop
  endfacet
  facet normal 0.772944 0.634475 0
    outer loop
      vertex -24.4234 -34.3929 6
      vertex -24.0912 -34.7976 14
      vertex -24.0912 -34.7976 6
    endloop
  endfacet
  facet normal 0.290379 -0.956912 1.3707e-06
    outer loop
      vertex -28.3675 -47.3951 14
      vertex -28.0399 -47.2957 6
      vertex -27.8666 -47.2431 14
    endloop
  endfacet
  facet normal 0.290348 -0.956921 0
    outer loop
      vertex -28.3675 -47.3951 0
      vertex -28.0399 -47.2957 6
      vertex -28.3675 -47.3951 14
    endloop
  endfacet
  facet normal 0.290348 -0.956921 0
    outer loop
      vertex -28.0399 -47.2957 6
      vertex -28.3675 -47.3951 0
      vertex -28.0399 -47.2957 0
    endloop
  endfacet
  facet normal 0.290436 -0.956894 0
    outer loop
      vertex -27.8666 -47.2431 14
      vertex -28.0399 -47.2957 6
      vertex -27.8666 -47.2431 6
    endloop
  endfacet
  facet normal 0.995187 -0.0979906 0
    outer loop
      vertex -22.5065 -40.7119 14
      vertex -22.4552 -40.1909 6
      vertex -22.4552 -40.1909 14
    endloop
  endfacet
  facet normal 0.995187 -0.0979906 0
    outer loop
      vertex -22.4552 -40.1909 6
      vertex -22.5065 -40.7119 14
      vertex -22.5065 -40.7119 6
    endloop
  endfacet
  facet normal 0.935909 -0.352243 0
    outer loop
      vertex 56.9633 -9.58778 14
      vertex 57.1477 -9.09783 0
      vertex 57.1477 -9.09783 14
    endloop
  endfacet
  facet normal 0.935909 -0.352243 0
    outer loop
      vertex 57.1477 -9.09783 0
      vertex 56.9633 -9.58778 14
      vertex 56.9633 -9.58778 0
    endloop
  endfacet
  facet normal 0.881908 -0.471421 0
    outer loop
      vertex 56.5004 -10.5263 14
      vertex 56.7472 -10.0646 0
      vertex 56.7472 -10.0646 14
    endloop
  endfacet
  facet normal 0.881908 -0.471421 0
    outer loop
      vertex 56.7472 -10.0646 0
      vertex 56.5004 -10.5263 14
      vertex 56.5004 -10.5263 0
    endloop
  endfacet
  facet normal 0.729841 -0.683617 0
    outer loop
      vertex 55.2291 -12.1832 14
      vertex 55.587 -11.8011 0
      vertex 55.587 -11.8011 14
    endloop
  endfacet
  facet normal 0.729841 -0.683617 0
    outer loop
      vertex 55.587 -11.8011 0
      vertex 55.2291 -12.1832 14
      vertex 55.2291 -12.1832 0
    endloop
  endfacet
  facet normal -0.0979906 -0.995187 0
    outer loop
      vertex 48.528 -14.4579 6
      vertex 49.049 -14.5092 14
      vertex 48.528 -14.4579 14
    endloop
  endfacet
  facet normal -0.0979906 -0.995187 -0
    outer loop
      vertex 49.049 -14.5092 14
      vertex 48.528 -14.4579 6
      vertex 49.049 -14.5092 6
    endloop
  endfacet
  facet normal -0.163142 0.986603 0
    outer loop
      vertex 48.5 1.40062 7
      vertex 48.528 1.40525 14
      vertex 48.528 1.40525 7
    endloop
  endfacet
  facet normal -0.162906 0.986642 -9.70132e-07
    outer loop
      vertex 48.528 1.40525 14
      vertex 48.5 1.40062 7
      vertex 48.0115 1.31997 14
    endloop
  endfacet
  facet normal -0.162892 0.986644 0
    outer loop
      vertex 48.0115 1.31997 6
      vertex 48.5 1.40062 7
      vertex 48.5 1.40062 6
    endloop
  endfacet
  facet normal -0.162892 0.986644 0
    outer loop
      vertex 48.5 1.40062 7
      vertex 48.0115 1.31997 6
      vertex 48.0115 1.31997 14
    endloop
  endfacet
  facet normal 0.527971 -0.849262 0
    outer loop
      vertex 53.5722 -13.4545 0
      vertex 54.0168 -13.1781 14
      vertex 53.5722 -13.4545 14
    endloop
  endfacet
  facet normal 0.527971 -0.849262 0
    outer loop
      vertex 54.0168 -13.1781 14
      vertex 53.5722 -13.4545 0
      vertex 54.0168 -13.1781 0
    endloop
  endfacet
  facet normal -0.973909 0.226939 0
    outer loop
      vertex 41.726 -4.96559 6
      vertex 41.8448 -4.45576 14
      vertex 41.8448 -4.45576 6
    endloop
  endfacet
  facet normal -0.973909 0.226939 0
    outer loop
      vertex 41.8448 -4.45576 14
      vertex 41.726 -4.96559 6
      vertex 41.726 -4.96559 14
    endloop
  endfacet
  facet normal 0.812874 0.582439 0
    outer loop
      vertex 56.224 -2.08175 14
      vertex 55.9191 -1.65622 0
      vertex 55.9191 -1.65622 14
    endloop
  endfacet
  facet normal 0.812874 0.582439 0
    outer loop
      vertex 55.9191 -1.65622 0
      vertex 56.224 -2.08175 14
      vertex 56.224 -2.08175 0
    endloop
  endfacet
  facet normal -0.935909 0.352243 0
    outer loop
      vertex 41.9968 -3.95479 6
      vertex 42.1812 -3.46484 14
      vertex 42.1812 -3.46484 6
    endloop
  endfacet
  facet normal -0.935909 0.352243 0
    outer loop
      vertex 42.1812 -3.46484 14
      vertex 41.9968 -3.95479 6
      vertex 41.9968 -3.95479 14
    endloop
  endfacet
  facet normal -0.471421 -0.881908 0
    outer loop
      vertex 45.5722 -13.4545 6
      vertex 46.0339 -13.7013 14
      vertex 45.5722 -13.4545 14
    endloop
  endfacet
  facet normal -0.471421 -0.881908 -0
    outer loop
      vertex 46.0339 -13.7013 14
      vertex 45.5722 -13.4545 6
      vertex 46.0339 -13.7013 6
    endloop
  endfacet
  facet normal -0.99946 0.032855 0
    outer loop
      vertex 41.5722 -6.52631 6
      vertex 41.5894 -6.00308 14
      vertex 41.5894 -6.00308 6
    endloop
  endfacet
  facet normal -0.99946 0.032855 0
    outer loop
      vertex 41.5894 -6.00308 14
      vertex 41.5722 -6.52631 6
      vertex 41.5722 -6.52631 14
    endloop
  endfacet
  facet normal 0.773022 0.634379 0
    outer loop
      vertex 55.9191 -1.65622 14
      vertex 55.587 -1.25154 0
      vertex 55.587 -1.25154 14
    endloop
  endfacet
  facet normal 0.773022 0.634379 0
    outer loop
      vertex 55.587 -1.25154 0
      vertex 55.9191 -1.65622 14
      vertex 55.9191 -1.65622 0
    endloop
  endfacet
  facet normal -0.995187 0.0979943 0
    outer loop
      vertex 41.5894 -6.00308 6
      vertex 41.6407 -5.4821 14
      vertex 41.6407 -5.4821 6
    endloop
  endfacet
  facet normal -0.995187 0.0979943 0
    outer loop
      vertex 41.6407 -5.4821 14
      vertex 41.5894 -6.00308 6
      vertex 41.5894 -6.00308 14
    endloop
  endfacet
  facet normal -0.290151 -0.956981 0
    outer loop
      vertex 47.0007 -14.1018 6
      vertex 47.5017 -14.2537 14
      vertex 47.0007 -14.1018 14
    endloop
  endfacet
  facet normal -0.290151 -0.956981 -0
    outer loop
      vertex 47.5017 -14.2537 14
      vertex 47.0007 -14.1018 6
      vertex 47.5017 -14.2537 6
    endloop
  endfacet
  facet normal -0.812855 -0.582466 0
    outer loop
      vertex 43.2254 -11.3964 6
      vertex 42.9205 -10.9709 14
      vertex 42.9205 -10.9709 6
    endloop
  endfacet
  facet normal -0.812855 -0.582466 0
    outer loop
      vertex 42.9205 -10.9709 14
      vertex 43.2254 -11.3964 6
      vertex 43.2254 -11.3964 14
    endloop
  endfacet
  facet normal -0.986636 -0.16294 0
    outer loop
      vertex 41.726 -8.08703 6
      vertex 41.6407 -7.57052 14
      vertex 41.6407 -7.57052 6
    endloop
  endfacet
  facet normal -0.986636 -0.16294 0
    outer loop
      vertex 41.6407 -7.57052 14
      vertex 41.726 -8.08703 6
      vertex 41.726 -8.08703 14
    endloop
  endfacet
  facet normal -0.412665 0.910883 0
    outer loop
      vertex 46.5108 0.864726 6
      vertex 46.0339 0.648672 14
      vertex 46.5108 0.864726 14
    endloop
  endfacet
  facet normal -0.412665 0.910883 0
    outer loop
      vertex 46.0339 0.648672 14
      vertex 46.5108 0.864726 6
      vertex 46.0339 0.648672 6
    endloop
  endfacet
  facet normal 0.471333 -0.881955 0
    outer loop
      vertex 53.2703 -13.6159 6
      vertex 53.1105 -13.7013 14
      vertex 53.1105 -13.7013 6
    endloop
  endfacet
  facet normal 0.471421 -0.881908 2.25873e-06
    outer loop
      vertex 53.1105 -13.7013 14
      vertex 53.2703 -13.6159 6
      vertex 53.5722 -13.4545 14
    endloop
  endfacet
  facet normal 0.471467 -0.881884 0
    outer loop
      vertex 53.5722 -13.4545 0
      vertex 53.2703 -13.6159 6
      vertex 53.2703 -13.6159 0
    endloop
  endfacet
  facet normal 0.471467 -0.881884 0
    outer loop
      vertex 53.2703 -13.6159 6
      vertex 53.5722 -13.4545 0
      vertex 53.5722 -13.4545 14
    endloop
  endfacet
  facet normal 0.352281 0.935894 -0
    outer loop
      vertex 52.6337 0.864726 6
      vertex 52.1438 1.04913 14
      vertex 52.6337 0.864726 14
    endloop
  endfacet
  facet normal 0.352281 0.935894 0
    outer loop
      vertex 52.1438 1.04913 14
      vertex 52.6337 0.864726 6
      vertex 52.1438 1.04913 6
    endloop
  endfacet
  facet normal 0.290273 0.956944 -0
    outer loop
      vertex 52.1438 1.04913 6
      vertex 51.6428 1.2011 14
      vertex 52.1438 1.04913 14
    endloop
  endfacet
  facet normal 0.290273 0.956944 0
    outer loop
      vertex 51.6428 1.2011 14
      vertex 52.1438 1.04913 6
      vertex 51.6428 1.2011 6
    endloop
  endfacet
  facet normal 0.582593 -0.812764 0
    outer loop
      vertex 54.0168 -13.1781 0
      vertex 54.4423 -12.8731 14
      vertex 54.0168 -13.1781 14
    endloop
  endfacet
  facet normal 0.582593 -0.812764 0
    outer loop
      vertex 54.4423 -12.8731 14
      vertex 54.0168 -13.1781 0
      vertex 54.4423 -12.8731 0
    endloop
  endfacet
  facet normal -0.582503 0.812829 0
    outer loop
      vertex 45.1277 0.125447 6
      vertex 44.7022 -0.179482 14
      vertex 45.1277 0.125447 14
    endloop
  endfacet
  facet normal -0.582503 0.812829 0
    outer loop
      vertex 44.7022 -0.179482 14
      vertex 45.1277 0.125447 6
      vertex 44.7022 -0.179482 6
    endloop
  endfacet
  facet normal -0.227133 -0.973864 0
    outer loop
      vertex 47.5017 -14.2537 6
      vertex 48.0115 -14.3726 14
      vertex 47.5017 -14.2537 14
    endloop
  endfacet
  facet normal -0.227133 -0.973864 -0
    outer loop
      vertex 48.0115 -14.3726 14
      vertex 47.5017 -14.2537 6
      vertex 48.0115 -14.3726 6
    endloop
  endfacet
  facet normal 0.773037 -0.634361 0
    outer loop
      vertex 55.587 -11.8011 14
      vertex 55.9191 -11.3964 0
      vertex 55.9191 -11.3964 14
    endloop
  endfacet
  facet normal 0.773037 -0.634361 0
    outer loop
      vertex 55.9191 -11.3964 0
      vertex 55.587 -11.8011 14
      vertex 55.587 -11.8011 0
    endloop
  endfacet
  facet normal 0.634361 -0.773037 0
    outer loop
      vertex 54.4423 -12.8731 0
      vertex 54.847 -12.541 14
      vertex 54.4423 -12.8731 14
    endloop
  endfacet
  facet normal 0.634361 -0.773037 0
    outer loop
      vertex 54.847 -12.541 14
      vertex 54.4423 -12.8731 0
      vertex 54.847 -12.541 0
    endloop
  endfacet
  facet normal -0.032666 -0.999466 0
    outer loop
      vertex 49.049 -14.5092 6
      vertex 49.5722 -14.5263 14
      vertex 49.049 -14.5092 14
    endloop
  endfacet
  facet normal -0.032666 -0.999466 -0
    outer loop
      vertex 49.5722 -14.5263 14
      vertex 49.049 -14.5092 6
      vertex 49.5722 -14.5263 6
    endloop
  endfacet
  facet normal -0.99946 -0.0328556 0
    outer loop
      vertex 41.5894 -7.04953 6
      vertex 41.5722 -6.52631 14
      vertex 41.5722 -6.52631 6
    endloop
  endfacet
  facet normal -0.99946 -0.0328556 0
    outer loop
      vertex 41.5722 -6.52631 14
      vertex 41.5894 -7.04953 6
      vertex 41.5894 -7.04953 14
    endloop
  endfacet
  facet normal 0.0980095 0.995185 -0
    outer loop
      vertex 50.6165 1.40525 7
      vertex 50.0955 1.45656 14
      vertex 50.6165 1.40525 14
    endloop
  endfacet
  facet normal 0.0980095 0.995185 0
    outer loop
      vertex 50.0955 1.45656 14
      vertex 50.6165 1.40525 7
      vertex 50.0955 1.45656 7
    endloop
  endfacet
  facet normal 0.412651 -0.910889 0
    outer loop
      vertex 52.6337 -13.9173 6
      vertex 53.1105 -13.7013 14
      vertex 52.6337 -13.9173 14
    endloop
  endfacet
  facet normal 0.412651 -0.910889 0
    outer loop
      vertex 53.1105 -13.7013 14
      vertex 52.6337 -13.9173 6
      vertex 53.1105 -13.7013 6
    endloop
  endfacet
  facet normal 0.999466 0.0326642 0
    outer loop
      vertex 57.5722 -6.52631 14
      vertex 57.5551 -6.00308 0
      vertex 57.5551 -6.00308 14
    endloop
  endfacet
  facet normal 0.999466 0.0326642 0
    outer loop
      vertex 57.5551 -6.00308 0
      vertex 57.5722 -6.52631 14
      vertex 57.5722 -6.52631 0
    endloop
  endfacet
  facet normal -0.881988 -0.471272 0
    outer loop
      vertex 42.644 -10.5263 6
      vertex 42.3973 -10.0646 14
      vertex 42.3973 -10.0646 6
    endloop
  endfacet
  facet normal -0.881988 -0.471272 0
    outer loop
      vertex 42.3973 -10.0646 14
      vertex 42.644 -10.5263 6
      vertex 42.644 -10.5263 14
    endloop
  endfacet
  facet normal 0.935909 0.352243 0
    outer loop
      vertex 57.1477 -3.95479 14
      vertex 56.9633 -3.46484 0
      vertex 56.9633 -3.46484 14
    endloop
  endfacet
  facet normal 0.935909 0.352243 0
    outer loop
      vertex 56.9633 -3.46484 0
      vertex 57.1477 -3.95479 14
      vertex 57.1477 -3.95479 0
    endloop
  endfacet
  facet normal 0.995187 -0.0979925 0
    outer loop
      vertex 57.5038 -7.57052 14
      vertex 57.5551 -7.04953 0
      vertex 57.5551 -7.04953 14
    endloop
  endfacet
  facet normal 0.995187 -0.0979925 0
    outer loop
      vertex 57.5551 -7.04953 0
      vertex 57.5038 -7.57052 14
      vertex 57.5038 -7.57052 0
    endloop
  endfacet
  facet normal 0.729828 0.683631 0
    outer loop
      vertex 55.587 -1.25154 14
      vertex 55.2291 -0.869455 0
      vertex 55.2291 -0.869455 14
    endloop
  endfacet
  facet normal 0.729828 0.683631 0
    outer loop
      vertex 55.2291 -0.869455 0
      vertex 55.587 -1.25154 14
      vertex 55.587 -1.25154 0
    endloop
  endfacet
  facet normal 0.849262 -0.527971 0
    outer loop
      vertex 56.224 -10.9709 14
      vertex 56.5004 -10.5263 0
      vertex 56.5004 -10.5263 14
    endloop
  endfacet
  facet normal 0.849262 -0.527971 0
    outer loop
      vertex 56.5004 -10.5263 0
      vertex 56.224 -10.9709 14
      vertex 56.224 -10.9709 0
    endloop
  endfacet
  facet normal -0.352442 -0.935834 0
    outer loop
      vertex 46.5108 -13.9173 6
      vertex 47.0007 -14.1018 14
      vertex 46.5108 -13.9173 14
    endloop
  endfacet
  facet normal -0.352442 -0.935834 -0
    outer loop
      vertex 47.0007 -14.1018 14
      vertex 46.5108 -13.9173 6
      vertex 47.0007 -14.1018 6
    endloop
  endfacet
  facet normal -0.582593 -0.812764 0
    outer loop
      vertex 44.7022 -12.8731 6
      vertex 45.1277 -13.1781 14
      vertex 44.7022 -12.8731 14
    endloop
  endfacet
  facet normal -0.582593 -0.812764 -0
    outer loop
      vertex 45.1277 -13.1781 14
      vertex 44.7022 -12.8731 6
      vertex 45.1277 -13.1781 6
    endloop
  endfacet
  facet normal -0.0327233 0.999464 0
    outer loop
      vertex 49.5722 1.47369 7
      vertex 49.049 1.45656 14
      vertex 49.5722 1.47369 14
    endloop
  endfacet
  facet normal -0.0327233 0.999464 0
    outer loop
      vertex 49.049 1.45656 14
      vertex 49.5722 1.47369 7
      vertex 49.049 1.45656 7
    endloop
  endfacet
  facet normal 0.352442 -0.935834 0
    outer loop
      vertex 52.1438 -14.1018 6
      vertex 52.6337 -13.9173 14
      vertex 52.1438 -14.1018 14
    endloop
  endfacet
  facet normal 0.352442 -0.935834 0
    outer loop
      vertex 52.6337 -13.9173 14
      vertex 52.1438 -14.1018 6
      vertex 52.6337 -13.9173 6
    endloop
  endfacet
  facet normal 0.956976 0.290166 0
    outer loop
      vertex 57.2996 -4.45576 14
      vertex 57.1477 -3.95479 0
      vertex 57.1477 -3.95479 14
    endloop
  endfacet
  facet normal 0.956976 0.290166 0
    outer loop
      vertex 57.1477 -3.95479 0
      vertex 57.2996 -4.45576 14
      vertex 57.2996 -4.45576 0
    endloop
  endfacet
  facet normal 0.0979906 -0.995187 0
    outer loop
      vertex 50.0955 -14.5092 6
      vertex 50.6165 -14.4579 14
      vertex 50.0955 -14.5092 14
    endloop
  endfacet
  facet normal 0.0979906 -0.995187 0
    outer loop
      vertex 50.6165 -14.4579 14
      vertex 50.0955 -14.5092 6
      vertex 50.6165 -14.4579 6
    endloop
  endfacet
  facet normal -0.956923 0.290341 0
    outer loop
      vertex 41.8448 -4.45576 6
      vertex 41.9968 -3.95479 14
      vertex 41.9968 -3.95479 6
    endloop
  endfacet
  facet normal -0.956923 0.290341 0
    outer loop
      vertex 41.9968 -3.95479 14
      vertex 41.8448 -4.45576 6
      vertex 41.8448 -4.45576 14
    endloop
  endfacet
  facet normal -0.634361 -0.773037 0
    outer loop
      vertex 44.2975 -12.541 6
      vertex 44.7022 -12.8731 14
      vertex 44.2975 -12.541 14
    endloop
  endfacet
  facet normal -0.634361 -0.773037 -0
    outer loop
      vertex 44.7022 -12.8731 14
      vertex 44.2975 -12.541 6
      vertex 44.7022 -12.8731 6
    endloop
  endfacet
  facet normal 0.812855 -0.582466 0
    outer loop
      vertex 55.9191 -11.3964 14
      vertex 56.224 -10.9709 0
      vertex 56.224 -10.9709 14
    endloop
  endfacet
  facet normal 0.812855 -0.582466 0
    outer loop
      vertex 56.224 -10.9709 0
      vertex 55.9191 -11.3964 14
      vertex 55.9191 -11.3964 0
    endloop
  endfacet
  facet normal 0.412737 0.91085 -0
    outer loop
      vertex 53.1105 0.648672 6
      vertex 52.6337 0.864726 14
      vertex 53.1105 0.648672 14
    endloop
  endfacet
  facet normal 0.412737 0.91085 0
    outer loop
      vertex 52.6337 0.864726 14
      vertex 53.1105 0.648672 6
      vertex 52.6337 0.864726 6
    endloop
  endfacet
  facet normal -0.910824 -0.412795 0
    outer loop
      vertex 42.3973 -10.0646 6
      vertex 42.1812 -9.58778 14
      vertex 42.1812 -9.58778 6
    endloop
  endfacet
  facet normal -0.910824 -0.412795 0
    outer loop
      vertex 42.1812 -9.58778 14
      vertex 42.3973 -10.0646 6
      vertex 42.3973 -10.0646 14
    endloop
  endfacet
  facet normal -0.773037 -0.634361 0
    outer loop
      vertex 43.5575 -11.8011 6
      vertex 43.2254 -11.3964 14
      vertex 43.2254 -11.3964 6
    endloop
  endfacet
  facet normal -0.773037 -0.634361 0
    outer loop
      vertex 43.2254 -11.3964 14
      vertex 43.5575 -11.8011 6
      vertex 43.5575 -11.8011 14
    endloop
  endfacet
  facet normal 0.162943 -0.986636 0
    outer loop
      vertex 50.6165 -14.4579 6
      vertex 51.133 -14.3726 14
      vertex 50.6165 -14.4579 14
    endloop
  endfacet
  facet normal 0.162943 -0.986636 0
    outer loop
      vertex 51.133 -14.3726 14
      vertex 50.6165 -14.4579 6
      vertex 51.133 -14.3726 6
    endloop
  endfacet
  facet normal 0.973867 0.22712 0
    outer loop
      vertex 57.4185 -4.96559 14
      vertex 57.2996 -4.45576 0
      vertex 57.2996 -4.45576 14
    endloop
  endfacet
  facet normal 0.973867 0.22712 0
    outer loop
      vertex 57.2996 -4.45576 0
      vertex 57.4185 -4.96559 14
      vertex 57.4185 -4.96559 0
    endloop
  endfacet
  facet normal 0.956976 -0.290166 0
    outer loop
      vertex 57.1477 -9.09783 14
      vertex 57.2996 -8.59686 0
      vertex 57.2996 -8.59686 14
    endloop
  endfacet
  facet normal 0.956976 -0.290166 0
    outer loop
      vertex 57.2996 -8.59686 0
      vertex 57.1477 -9.09783 14
      vertex 57.1477 -9.09783 0
    endloop
  endfacet
  facet normal 0.528036 0.849222 -0
    outer loop
      vertex 54.0168 0.125447 6
      vertex 53.5722 0.401894 14
      vertex 54.0168 0.125447 14
    endloop
  endfacet
  facet normal 0.528036 0.849222 0
    outer loop
      vertex 53.5722 0.401894 14
      vertex 54.0168 0.125447 6
      vertex 53.5722 0.401894 6
    endloop
  endfacet
  facet normal 0.290151 -0.956981 0
    outer loop
      vertex 51.6428 -14.2537 6
      vertex 52.1438 -14.1018 14
      vertex 51.6428 -14.2537 14
    endloop
  endfacet
  facet normal 0.290151 -0.956981 0
    outer loop
      vertex 52.1438 -14.1018 14
      vertex 51.6428 -14.2537 6
      vertex 52.1438 -14.1018 6
    endloop
  endfacet
  facet normal -0.773022 0.634379 0
    outer loop
      vertex 43.2254 -1.65622 6
      vertex 43.5575 -1.25154 14
      vertex 43.5575 -1.25154 6
    endloop
  endfacet
  facet normal -0.773022 0.634379 0
    outer loop
      vertex 43.5575 -1.25154 14
      vertex 43.2254 -1.65622 6
      vertex 43.2254 -1.65622 14
    endloop
  endfacet
  facet normal -0.729828 0.683631 0
    outer loop
      vertex 43.5575 -1.25154 6
      vertex 43.9154 -0.869455 14
      vertex 43.9154 -0.869455 6
    endloop
  endfacet
  facet normal -0.729828 0.683631 0
    outer loop
      vertex 43.9154 -0.869455 14
      vertex 43.5575 -1.25154 6
      vertex 43.5575 -1.25154 14
    endloop
  endfacet
  facet normal -0.290273 0.956944 0
    outer loop
      vertex 47.5017 1.2011 6
      vertex 47.0007 1.04913 14
      vertex 47.5017 1.2011 14
    endloop
  endfacet
  facet normal -0.290273 0.956944 0
    outer loop
      vertex 47.0007 1.04913 14
      vertex 47.5017 1.2011 6
      vertex 47.0007 1.04913 6
    endloop
  endfacet
  facet normal 0.032717 0.999465 -0
    outer loop
      vertex 50.0955 1.45656 7
      vertex 49.5722 1.47369 14
      vertex 50.0955 1.45656 14
    endloop
  endfacet
  facet normal 0.032717 0.999465 0
    outer loop
      vertex 49.5722 1.47369 14
      vertex 50.0955 1.45656 7
      vertex 49.5722 1.47369 7
    endloop
  endfacet
  facet normal -0.995187 -0.0979925 0
    outer loop
      vertex 41.6407 -7.57052 6
      vertex 41.5894 -7.04953 14
      vertex 41.5894 -7.04953 6
    endloop
  endfacet
  facet normal -0.995187 -0.0979925 0
    outer loop
      vertex 41.5894 -7.04953 14
      vertex 41.6407 -7.57052 6
      vertex 41.6407 -7.57052 14
    endloop
  endfacet
  facet normal -0.528057 -0.849209 0
    outer loop
      vertex 45.1277 -13.1781 6
      vertex 45.5722 -13.4545 14
      vertex 45.1277 -13.1781 14
    endloop
  endfacet
  facet normal -0.528057 -0.849209 -0
    outer loop
      vertex 45.5722 -13.4545 14
      vertex 45.1277 -13.1781 6
      vertex 45.5722 -13.4545 6
    endloop
  endfacet
  facet normal -0.227079 0.973876 0
    outer loop
      vertex 48.0115 1.31997 6
      vertex 47.5017 1.2011 14
      vertex 48.0115 1.31997 14
    endloop
  endfacet
  facet normal -0.227079 0.973876 0
    outer loop
      vertex 47.5017 1.2011 14
      vertex 48.0115 1.31997 6
      vertex 47.5017 1.2011 6
    endloop
  endfacet
  facet normal -0.729841 -0.683617 0
    outer loop
      vertex 43.9154 -12.1832 6
      vertex 43.5575 -11.8011 14
      vertex 43.5575 -11.8011 6
    endloop
  endfacet
  facet normal -0.729841 -0.683617 0
    outer loop
      vertex 43.5575 -11.8011 14
      vertex 43.9154 -12.1832 6
      vertex 43.9154 -12.1832 14
    endloop
  endfacet
  facet normal 0.995187 0.0979943 0
    outer loop
      vertex 57.5551 -6.00308 14
      vertex 57.5038 -5.4821 0
      vertex 57.5038 -5.4821 14
    endloop
  endfacet
  facet normal 0.995187 0.0979943 0
    outer loop
      vertex 57.5038 -5.4821 0
      vertex 57.5551 -6.00308 14
      vertex 57.5551 -6.00308 0
    endloop
  endfacet
  facet normal -0.528122 0.849169 0
    outer loop
      vertex 45.5722 0.401894 6
      vertex 45.1277 0.125447 14
      vertex 45.5722 0.401894 14
    endloop
  endfacet
  facet normal -0.528122 0.849169 0
    outer loop
      vertex 45.1277 0.125447 14
      vertex 45.5722 0.401894 6
      vertex 45.1277 0.125447 6
    endloop
  endfacet
  facet normal 0.91083 0.412781 0
    outer loop
      vertex 56.9633 -3.46484 14
      vertex 56.7472 -2.988 0
      vertex 56.7472 -2.988 14
    endloop
  endfacet
  facet normal 0.91083 0.412781 0
    outer loop
      vertex 56.7472 -2.988 0
      vertex 56.9633 -3.46484 14
      vertex 56.9633 -3.46484 0
    endloop
  endfacet
  facet normal -0.0980095 0.995185 0
    outer loop
      vertex 49.049 1.45656 7
      vertex 48.528 1.40525 14
      vertex 49.049 1.45656 14
    endloop
  endfacet
  facet normal -0.0980095 0.995185 0
    outer loop
      vertex 48.528 1.40525 14
      vertex 49.049 1.45656 7
      vertex 48.528 1.40525 7
    endloop
  endfacet
  facet normal -0.471388 0.881926 0
    outer loop
      vertex 46.0339 0.648672 6
      vertex 45.5722 0.401894 14
      vertex 46.0339 0.648672 14
    endloop
  endfacet
  facet normal -0.471388 0.881926 0
    outer loop
      vertex 45.5722 0.401894 14
      vertex 46.0339 0.648672 6
      vertex 45.5722 0.401894 6
    endloop
  endfacet
  facet normal -0.162943 -0.986636 0
    outer loop
      vertex 48.0115 -14.3726 6
      vertex 48.528 -14.4579 14
      vertex 48.0115 -14.3726 14
    endloop
  endfacet
  facet normal -0.162943 -0.986636 -0
    outer loop
      vertex 48.528 -14.4579 14
      vertex 48.0115 -14.3726 6
      vertex 48.528 -14.4579 6
    endloop
  endfacet
  facet normal -0.935909 -0.352243 0
    outer loop
      vertex 42.1812 -9.58778 6
      vertex 41.9968 -9.09783 14
      vertex 41.9968 -9.09783 6
    endloop
  endfacet
  facet normal -0.935909 -0.352243 0
    outer loop
      vertex 41.9968 -9.09783 14
      vertex 42.1812 -9.58778 6
      vertex 42.1812 -9.58778 14
    endloop
  endfacet
  facet normal 0.986636 0.16294 0
    outer loop
      vertex 57.5038 -5.4821 14
      vertex 57.4185 -4.96559 0
      vertex 57.4185 -4.96559 14
    endloop
  endfacet
  facet normal 0.986636 0.16294 0
    outer loop
      vertex 57.4185 -4.96559 0
      vertex 57.5038 -5.4821 14
      vertex 57.5038 -5.4821 0
    endloop
  endfacet
  facet normal -0.683515 -0.729936 0
    outer loop
      vertex 43.9154 -12.1832 6
      vertex 44.2975 -12.541 14
      vertex 43.9154 -12.1832 14
    endloop
  endfacet
  facet normal -0.683515 -0.729936 -0
    outer loop
      vertex 44.2975 -12.541 14
      vertex 43.9154 -12.1832 6
      vertex 44.2975 -12.541 6
    endloop
  endfacet
  facet normal 0.68358 0.729875 4.34515e-07
    outer loop
      vertex 55.2291 -0.869455 14
      vertex 54.9792 -0.635401 6
      vertex 54.847 -0.511591 14
    endloop
  endfacet
  facet normal 0.683588 0.729868 -0
    outer loop
      vertex 55.2291 -0.869455 0
      vertex 54.9792 -0.635401 6
      vertex 55.2291 -0.869455 14
    endloop
  endfacet
  facet normal 0.683588 0.729868 0
    outer loop
      vertex 54.9792 -0.635401 6
      vertex 55.2291 -0.869455 0
      vertex 54.9792 -0.635401 0
    endloop
  endfacet
  facet normal 0.683566 0.729888 0
    outer loop
      vertex 54.847 -0.511591 14
      vertex 54.9792 -0.635401 6
      vertex 54.847 -0.511591 6
    endloop
  endfacet
  facet normal 0.683515 -0.729936 0
    outer loop
      vertex 54.847 -12.541 0
      vertex 55.2291 -12.1832 14
      vertex 54.847 -12.541 14
    endloop
  endfacet
  facet normal 0.683515 -0.729936 0
    outer loop
      vertex 55.2291 -12.1832 14
      vertex 54.847 -12.541 0
      vertex 55.2291 -12.1832 0
    endloop
  endfacet
  facet normal -0.973909 -0.226939 0
    outer loop
      vertex 41.8448 -8.59686 6
      vertex 41.726 -8.08703 14
      vertex 41.726 -8.08703 6
    endloop
  endfacet
  facet normal -0.973909 -0.226939 0
    outer loop
      vertex 41.726 -8.08703 14
      vertex 41.8448 -8.59686 6
      vertex 41.8448 -8.59686 14
    endloop
  endfacet
  facet normal 0.471388 0.881926 -0
    outer loop
      vertex 53.5722 0.401894 6
      vertex 53.1105 0.648672 14
      vertex 53.5722 0.401894 14
    endloop
  endfacet
  facet normal 0.471388 0.881926 0
    outer loop
      vertex 53.1105 0.648672 14
      vertex 53.5722 0.401894 6
      vertex 53.1105 0.648672 6
    endloop
  endfacet
  facet normal -0.412579 -0.910922 0
    outer loop
      vertex 46.0339 -13.7013 6
      vertex 46.5108 -13.9173 14
      vertex 46.0339 -13.7013 14
    endloop
  endfacet
  facet normal -0.412579 -0.910922 -0
    outer loop
      vertex 46.5108 -13.9173 14
      vertex 46.0339 -13.7013 6
      vertex 46.5108 -13.9173 6
    endloop
  endfacet
  facet normal -0.956923 -0.290341 0
    outer loop
      vertex 41.9968 -9.09783 6
      vertex 41.8448 -8.59686 14
      vertex 41.8448 -8.59686 6
    endloop
  endfacet
  facet normal -0.956923 -0.290341 0
    outer loop
      vertex 41.8448 -8.59686 14
      vertex 41.9968 -9.09783 6
      vertex 41.9968 -9.09783 14
    endloop
  endfacet
  facet normal 0.0326598 -0.999467 0
    outer loop
      vertex 49.5722 -14.5263 6
      vertex 50.0955 -14.5092 14
      vertex 49.5722 -14.5263 14
    endloop
  endfacet
  facet normal 0.0326598 -0.999467 0
    outer loop
      vertex 50.0955 -14.5092 14
      vertex 49.5722 -14.5263 6
      vertex 50.0955 -14.5092 6
    endloop
  endfacet
  facet normal -0.634371 0.773029 0
    outer loop
      vertex 44.7022 -0.179482 6
      vertex 44.2975 -0.511591 14
      vertex 44.7022 -0.179482 14
    endloop
  endfacet
  facet normal -0.634371 0.773029 0
    outer loop
      vertex 44.2975 -0.511591 14
      vertex 44.7022 -0.179482 6
      vertex 44.2975 -0.511591 6
    endloop
  endfacet
  facet normal 0.881904 0.471429 0
    outer loop
      vertex 56.7472 -2.988 14
      vertex 56.5004 -2.52631 0
      vertex 56.5004 -2.52631 14
    endloop
  endfacet
  facet normal 0.881904 0.471429 0
    outer loop
      vertex 56.5004 -2.52631 0
      vertex 56.7472 -2.988 14
      vertex 56.7472 -2.988 0
    endloop
  endfacet
  facet normal -0.986636 0.16294 0
    outer loop
      vertex 41.6407 -5.4821 6
      vertex 41.726 -4.96559 14
      vertex 41.726 -4.96559 6
    endloop
  endfacet
  facet normal -0.986636 0.16294 0
    outer loop
      vertex 41.726 -4.96559 14
      vertex 41.6407 -5.4821 6
      vertex 41.6407 -5.4821 14
    endloop
  endfacet
  facet normal 0.227133 -0.973864 0
    outer loop
      vertex 51.133 -14.3726 6
      vertex 51.6428 -14.2537 14
      vertex 51.133 -14.3726 14
    endloop
  endfacet
  facet normal 0.227133 -0.973864 0
    outer loop
      vertex 51.6428 -14.2537 14
      vertex 51.133 -14.3726 6
      vertex 51.6428 -14.2537 6
    endloop
  endfacet
  facet normal 0.162906 0.986642 -0
    outer loop
      vertex 51.133 1.31997 7
      vertex 50.6165 1.40525 14
      vertex 51.133 1.31997 14
    endloop
  endfacet
  facet normal 0.162906 0.986642 0
    outer loop
      vertex 50.6165 1.40525 14
      vertex 51.133 1.31997 7
      vertex 50.6165 1.40525 7
    endloop
  endfacet
  facet normal 0.999466 -0.0326648 0
    outer loop
      vertex 57.5551 -7.04953 14
      vertex 57.5722 -6.52631 0
      vertex 57.5722 -6.52631 14
    endloop
  endfacet
  facet normal 0.999466 -0.0326648 0
    outer loop
      vertex 57.5722 -6.52631 0
      vertex 57.5551 -7.04953 14
      vertex 57.5551 -7.04953 0
    endloop
  endfacet
  facet normal -0.881984 0.47128 0
    outer loop
      vertex 42.3973 -2.988 6
      vertex 42.644 -2.52631 14
      vertex 42.644 -2.52631 6
    endloop
  endfacet
  facet normal -0.881984 0.47128 0
    outer loop
      vertex 42.644 -2.52631 14
      vertex 42.3973 -2.988 6
      vertex 42.3973 -2.988 14
    endloop
  endfacet
  facet normal 0.973867 -0.22712 0
    outer loop
      vertex 57.2996 -8.59686 14
      vertex 57.4185 -8.08703 0
      vertex 57.4185 -8.08703 14
    endloop
  endfacet
  facet normal 0.973867 -0.22712 0
    outer loop
      vertex 57.4185 -8.08703 0
      vertex 57.2996 -8.59686 14
      vertex 57.2996 -8.59686 0
    endloop
  endfacet
  facet normal -0.352281 0.935894 0
    outer loop
      vertex 47.0007 1.04913 6
      vertex 46.5108 0.864726 14
      vertex 47.0007 1.04913 14
    endloop
  endfacet
  facet normal -0.352281 0.935894 0
    outer loop
      vertex 46.5108 0.864726 14
      vertex 47.0007 1.04913 6
      vertex 46.5108 0.864726 6
    endloop
  endfacet
  facet normal 0 0 1
    outer loop
      vertex 54.3722 -6.52631 14
      vertex 57.5722 -6.52631 14
      vertex 57.5551 -6.00308 14
    endloop
  endfacet
  facet normal 0 0 1
    outer loop
      vertex 54.362 -6.21237 14
      vertex 57.5551 -6.00308 14
      vertex 57.5038 -5.4821 14
    endloop
  endfacet
  facet normal 0 0 1
    outer loop
      vertex 57.5722 -6.52631 14
      vertex 54.3722 -6.52631 14
      vertex 57.5551 -7.04953 14
    endloop
  endfacet
  facet normal 0 0 1
    outer loop
      vertex 54.3312 -5.89978 14
      vertex 57.5038 -5.4821 14
      vertex 57.4185 -4.96559 14
    endloop
  endfacet
  facet normal -0 0 1
    outer loop
      vertex 54.362 -6.84024 14
      vertex 57.5551 -7.04953 14
      vertex 54.3722 -6.52631 14
    endloop
  endfacet
  facet normal 0 0 1
    outer loop
      vertex 54.28 -5.58988 14
      vertex 57.4185 -4.96559 14
      vertex 57.2996 -4.45576 14
    endloop
  endfacet
  facet normal 0 0 1
    outer loop
      vertex 57.5551 -7.04953 14
      vertex 54.362 -6.84024 14
      vertex 57.5038 -7.57052 14
    endloop
  endfacet
  facet normal 0 0 1
    outer loop
      vertex 54.2087 -5.28398 14
      vertex 57.2996 -4.45576 14
      vertex 57.1477 -3.95479 14
    endloop
  endfacet
  facet normal -0 0 1
    outer loop
      vertex 54.3312 -7.15283 14
      vertex 57.5038 -7.57052 14
      vertex 54.362 -6.84024 14
    endloop
  endfacet
  facet normal 0 0 1
    outer loop
      vertex 54.1175 -4.9834 14
      vertex 57.1477 -3.95479 14
      vertex 56.9633 -3.46484 14
    endloop
  endfacet
  facet normal 0 0 1
    outer loop
      vertex 57.5038 -7.57052 14
      vertex 54.3312 -7.15283 14
      vertex 57.4185 -8.08703 14
    endloop
  endfacet
  facet normal 0 0 1
    outer loop
      vertex 54.0069 -4.68943 14
      vertex 56.9633 -3.46484 14
      vertex 56.7472 -2.988 14
    endloop
  endfacet
  facet normal -0 0 1
    outer loop
      vertex 54.28 -7.46274 14
      vertex 57.4185 -8.08703 14
      vertex 54.3312 -7.15283 14
    endloop
  endfacet
  facet normal 0 0 1
    outer loop
      vertex 53.8772 -4.40332 14
      vertex 56.7472 -2.988 14
      vertex 56.5004 -2.52631 14
    endloop
  endfacet
  facet normal 0 0 1
    outer loop
      vertex 57.4185 -8.08703 14
      vertex 54.28 -7.46274 14
      vertex 57.2996 -8.59686 14
    endloop
  endfacet
  facet normal 0 0 1
    outer loop
      vertex 53.7292 -4.12631 14
      vertex 56.5004 -2.52631 14
      vertex 56.224 -2.08175 14
    endloop
  endfacet
  facet normal -0 0 1
    outer loop
      vertex 54.2087 -7.76864 14
      vertex 57.2996 -8.59686 14
      vertex 54.28 -7.46274 14
    endloop
  endfacet
  facet normal 0 0 1
    outer loop
      vertex 53.5633 -3.85957 14
      vertex 56.224 -2.08175 14
      vertex 55.9191 -1.65622 14
    endloop
  endfacet
  facet normal 0 0 1
    outer loop
      vertex 57.2996 -8.59686 14
      vertex 54.2087 -7.76864 14
      vertex 57.1477 -9.09783 14
    endloop
  endfacet
  facet normal 0 0 1
    outer loop
      vertex 53.3803 -3.60425 14
      vertex 55.9191 -1.65622 14
      vertex 55.587 -1.25154 14
    endloop
  endfacet
  facet normal -0 0 1
    outer loop
      vertex 54.1175 -8.06922 14
      vertex 57.1477 -9.09783 14
      vertex 54.2087 -7.76864 14
    endloop
  endfacet
  facet normal 0 0 1
    outer loop
      vertex 53.1811 -3.36145 14
      vertex 55.587 -1.25154 14
      vertex 55.2291 -0.869455 14
    endloop
  endfacet
  facet normal 0 0 1
    outer loop
      vertex 57.1477 -9.09783 14
      vertex 54.1175 -8.06922 14
      vertex 56.9633 -9.58778 14
    endloop
  endfacet
  facet normal 0 0 1
    outer loop
      vertex 52.9664 -3.1322 14
      vertex 55.2291 -0.869455 14
      vertex 54.847 -0.511591 14
    endloop
  endfacet
  facet normal -0 0 1
    outer loop
      vertex 54.0069 -8.36319 14
      vertex 56.9633 -9.58778 14
      vertex 54.1175 -8.06922 14
    endloop
  endfacet
  facet normal 0 0 1
    outer loop
      vertex 52.7371 -2.91748 14
      vertex 54.847 -0.511591 14
      vertex 54.4423 -0.179482 14
    endloop
  endfacet
  facet normal 0 0 1
    outer loop
      vertex 56.9633 -9.58778 14
      vertex 54.0069 -8.36319 14
      vertex 56.7472 -10.0646 14
    endloop
  endfacet
  facet normal -0 0 1
    outer loop
      vertex 53.8772 -8.64929 14
      vertex 56.7472 -10.0646 14
      vertex 54.0069 -8.36319 14
    endloop
  endfacet
  facet normal 0 0 1
    outer loop
      vertex 57.5551 -6.00308 14
      vertex 54.362 -6.21237 14
      vertex 54.3722 -6.52631 14
    endloop
  endfacet
  facet normal 0 0 1
    outer loop
      vertex 57.5038 -5.4821 14
      vertex 54.3312 -5.89978 14
      vertex 54.362 -6.21237 14
    endloop
  endfacet
  facet normal 0 0 1
    outer loop
      vertex 57.4185 -4.96559 14
      vertex 54.28 -5.58988 14
      vertex 54.3312 -5.89978 14
    endloop
  endfacet
  facet normal 0 0 1
    outer loop
      vertex 57.2996 -4.45576 14
      vertex 54.2087 -5.28398 14
      vertex 54.28 -5.58988 14
    endloop
  endfacet
  facet normal 0 0 1
    outer loop
      vertex 57.1477 -3.95479 14
      vertex 54.1175 -4.9834 14
      vertex 54.2087 -5.28398 14
    endloop
  endfacet
  facet normal 0 0 1
    outer loop
      vertex 52.4943 -2.71821 14
      vertex 54.4423 -0.179482 14
      vertex 54.0168 0.125447 14
    endloop
  endfacet
  facet normal 0 0 1
    outer loop
      vertex 56.9633 -3.46484 14
      vertex 54.0069 -4.68943 14
      vertex 54.1175 -4.9834 14
    endloop
  endfacet
  facet normal 0 0 1
    outer loop
      vertex 56.7472 -2.988 14
      vertex 53.8772 -4.40332 14
      vertex 54.0069 -4.68943 14
    endloop
  endfacet
  facet normal 0 0 1
    outer loop
      vertex 56.5004 -2.52631 14
      vertex 53.7292 -4.12631 14
      vertex 53.8772 -4.40332 14
    endloop
  endfacet
  facet normal 0 0 1
    outer loop
      vertex 52.239 -2.53526 14
      vertex 54.0168 0.125447 14
      vertex 53.5722 0.401894 14
    endloop
  endfacet
  facet normal 0 0 1
    outer loop
      vertex 56.224 -2.08175 14
      vertex 53.5633 -3.85957 14
      vertex 53.7292 -4.12631 14
    endloop
  endfacet
  facet normal 0 0 1
    outer loop
      vertex 55.9191 -1.65622 14
      vertex 53.3803 -3.60425 14
      vertex 53.5633 -3.85957 14
    endloop
  endfacet
  facet normal 0 0 1
    outer loop
      vertex 55.587 -1.25154 14
      vertex 53.1811 -3.36145 14
      vertex 53.3803 -3.60425 14
    endloop
  endfacet
  facet normal 0 0 1
    outer loop
      vertex 51.9722 -2.36939 14
      vertex 53.5722 0.401894 14
      vertex 53.1105 0.648672 14
    endloop
  endfacet
  facet normal 0 0 1
    outer loop
      vertex 55.2291 -0.869455 14
      vertex 52.9664 -3.1322 14
      vertex 53.1811 -3.36145 14
    endloop
  endfacet
  facet normal 0 0 1
    outer loop
      vertex 54.847 -0.511591 14
      vertex 52.7371 -2.91748 14
      vertex 52.9664 -3.1322 14
    endloop
  endfacet
  facet normal 0 0 1
    outer loop
      vertex 51.6952 -2.22132 14
      vertex 53.1105 0.648672 14
      vertex 52.6337 0.864726 14
    endloop
  endfacet
  facet normal 0 0 1
    outer loop
      vertex 54.4423 -0.179482 14
      vertex 52.4943 -2.71821 14
      vertex 52.7371 -2.91748 14
    endloop
  endfacet
  facet normal 0 0 1
    outer loop
      vertex 54.0168 0.125447 14
      vertex 52.239 -2.53526 14
      vertex 52.4943 -2.71821 14
    endloop
  endfacet
  facet normal 0 0 1
    outer loop
      vertex 51.4091 -2.09169 14
      vertex 52.6337 0.864726 14
      vertex 52.1438 1.04913 14
    endloop
  endfacet
  facet normal 0 0 1
    outer loop
      vertex 53.5722 0.401894 14
      vertex 51.9722 -2.36939 14
      vertex 52.239 -2.53526 14
    endloop
  endfacet
  facet normal 0 0 1
    outer loop
      vertex 53.1105 0.648672 14
      vertex 51.6952 -2.22132 14
      vertex 51.9722 -2.36939 14
    endloop
  endfacet
  facet normal 0 0 1
    outer loop
      vertex 51.1152 -1.98104 14
      vertex 52.1438 1.04913 14
      vertex 51.6428 1.2011 14
    endloop
  endfacet
  facet normal 0 0 1
    outer loop
      vertex 52.6337 0.864726 14
      vertex 51.4091 -2.09169 14
      vertex 51.6952 -2.22132 14
    endloop
  endfacet
  facet normal 0 0 1
    outer loop
      vertex 50.8146 -1.88986 14
      vertex 51.6428 1.2011 14
      vertex 51.133 1.31997 14
    endloop
  endfacet
  facet normal 0 0 1
    outer loop
      vertex 52.1438 1.04913 14
      vertex 51.1152 -1.98104 14
      vertex 51.4091 -2.09169 14
    endloop
  endfacet
  facet normal 0 0 1
    outer loop
      vertex 51.6428 1.2011 14
      vertex 50.8146 -1.88986 14
      vertex 51.1152 -1.98104 14
    endloop
  endfacet
  facet normal 0 0 1
    outer loop
      vertex 50.5087 -1.81854 14
      vertex 51.133 1.31997 14
      vertex 50.6165 1.40525 14
    endloop
  endfacet
  facet normal 0 0 1
    outer loop
      vertex 51.133 1.31997 14
      vertex 50.5087 -1.81854 14
      vertex 50.8146 -1.88986 14
    endloop
  endfacet
  facet normal 0 0 1
    outer loop
      vertex 50.6165 1.40525 14
      vertex 50.1988 -1.76737 14
      vertex 50.5087 -1.81854 14
    endloop
  endfacet
  facet normal 0 0 1
    outer loop
      vertex 50.0955 1.45656 14
      vertex 50.1988 -1.76737 14
      vertex 50.6165 1.40525 14
    endloop
  endfacet
  facet normal 0 0 1
    outer loop
      vertex 50.0955 1.45656 14
      vertex 49.8862 -1.73659 14
      vertex 50.1988 -1.76737 14
    endloop
  endfacet
  facet normal 0 0 1
    outer loop
      vertex 49.5722 1.47369 14
      vertex 49.8862 -1.73659 14
      vertex 50.0955 1.45656 14
    endloop
  endfacet
  facet normal 0 0 1
    outer loop
      vertex 49.5722 1.47369 14
      vertex 49.5722 -1.72631 14
      vertex 49.8862 -1.73659 14
    endloop
  endfacet
  facet normal 0 0 1
    outer loop
      vertex 49.5722 1.47369 14
      vertex 49.2583 -1.73659 14
      vertex 49.5722 -1.72631 14
    endloop
  endfacet
  facet normal -0 0 1
    outer loop
      vertex 49.049 1.45656 14
      vertex 49.2583 -1.73659 14
      vertex 49.5722 1.47369 14
    endloop
  endfacet
  facet normal 0 0 1
    outer loop
      vertex 49.049 1.45656 14
      vertex 48.9457 -1.76737 14
      vertex 49.2583 -1.73659 14
    endloop
  endfacet
  facet normal -0 0 1
    outer loop
      vertex 48.528 1.40525 14
      vertex 48.9457 -1.76737 14
      vertex 49.049 1.45656 14
    endloop
  endfacet
  facet normal 0 0 1
    outer loop
      vertex 48.9457 -1.76737 14
      vertex 48.528 1.40525 14
      vertex 48.6358 -1.81854 14
    endloop
  endfacet
  facet normal -0 0 1
    outer loop
      vertex 48.0115 1.31997 14
      vertex 48.6358 -1.81854 14
      vertex 48.528 1.40525 14
    endloop
  endfacet
  facet normal 0 0 1
    outer loop
      vertex 48.6358 -1.81854 14
      vertex 48.0115 1.31997 14
      vertex 48.3299 -1.88986 14
    endloop
  endfacet
  facet normal -0 0 1
    outer loop
      vertex 47.5017 1.2011 14
      vertex 48.3299 -1.88986 14
      vertex 48.0115 1.31997 14
    endloop
  endfacet
  facet normal 0 0 1
    outer loop
      vertex 48.3299 -1.88986 14
      vertex 47.5017 1.2011 14
      vertex 48.0293 -1.98104 14
    endloop
  endfacet
  facet normal -0 0 1
    outer loop
      vertex 47.0007 1.04913 14
      vertex 48.0293 -1.98104 14
      vertex 47.5017 1.2011 14
    endloop
  endfacet
  facet normal 0 0 1
    outer loop
      vertex 48.0293 -1.98104 14
      vertex 47.0007 1.04913 14
      vertex 47.7354 -2.09169 14
    endloop
  endfacet
  facet normal -0 0 1
    outer loop
      vertex 46.5108 0.864726 14
      vertex 47.7354 -2.09169 14
      vertex 47.0007 1.04913 14
    endloop
  endfacet
  facet normal 0 0 1
    outer loop
      vertex 47.7354 -2.09169 14
      vertex 46.5108 0.864726 14
      vertex 47.4493 -2.22132 14
    endloop
  endfacet
  facet normal -0 0 1
    outer loop
      vertex 46.0339 0.648672 14
      vertex 47.4493 -2.22132 14
      vertex 46.5108 0.864726 14
    endloop
  endfacet
  facet normal 0 0 1
    outer loop
      vertex 47.4493 -2.22132 14
      vertex 46.0339 0.648672 14
      vertex 47.1722 -2.36939 14
    endloop
  endfacet
  facet normal -0 0 1
    outer loop
      vertex 45.5722 0.401894 14
      vertex 47.1722 -2.36939 14
      vertex 46.0339 0.648672 14
    endloop
  endfacet
  facet normal 0 0 1
    outer loop
      vertex 47.1722 -2.36939 14
      vertex 45.5722 0.401894 14
      vertex 46.9055 -2.53526 14
    endloop
  endfacet
  facet normal -0 0 1
    outer loop
      vertex 45.1277 0.125447 14
      vertex 46.9055 -2.53526 14
      vertex 45.5722 0.401894 14
    endloop
  endfacet
  facet normal 0 0 1
    outer loop
      vertex 46.9055 -2.53526 14
      vertex 45.1277 0.125447 14
      vertex 46.6502 -2.71821 14
    endloop
  endfacet
  facet normal -0 0 1
    outer loop
      vertex 44.7022 -0.179482 14
      vertex 46.6502 -2.71821 14
      vertex 45.1277 0.125447 14
    endloop
  endfacet
  facet normal 0 0 1
    outer loop
      vertex 46.6502 -2.71821 14
      vertex 44.7022 -0.179482 14
      vertex 46.4074 -2.91748 14
    endloop
  endfacet
  facet normal -0 0 1
    outer loop
      vertex 44.2975 -0.511591 14
      vertex 46.4074 -2.91748 14
      vertex 44.7022 -0.179482 14
    endloop
  endfacet
  facet normal 0 0 1
    outer loop
      vertex 46.4074 -2.91748 14
      vertex 44.2975 -0.511591 14
      vertex 46.1781 -3.1322 14
    endloop
  endfacet
  facet normal -0 0 1
    outer loop
      vertex 43.9154 -0.869455 14
      vertex 46.1781 -3.1322 14
      vertex 44.2975 -0.511591 14
    endloop
  endfacet
  facet normal 0 0 1
    outer loop
      vertex 46.1781 -3.1322 14
      vertex 43.9154 -0.869455 14
      vertex 45.9634 -3.36145 14
    endloop
  endfacet
  facet normal -0 0 1
    outer loop
      vertex 43.5575 -1.25154 14
      vertex 45.9634 -3.36145 14
      vertex 43.9154 -0.869455 14
    endloop
  endfacet
  facet normal 0 0 1
    outer loop
      vertex 45.9634 -3.36145 14
      vertex 43.5575 -1.25154 14
      vertex 45.7641 -3.60425 14
    endloop
  endfacet
  facet normal -0 0 1
    outer loop
      vertex 43.2254 -1.65622 14
      vertex 45.7641 -3.60425 14
      vertex 43.5575 -1.25154 14
    endloop
  endfacet
  facet normal 0 0 1
    outer loop
      vertex 45.7641 -3.60425 14
      vertex 43.2254 -1.65622 14
      vertex 45.5812 -3.85957 14
    endloop
  endfacet
  facet normal -0 0 1
    outer loop
      vertex 42.9205 -2.08175 14
      vertex 45.5812 -3.85957 14
      vertex 43.2254 -1.65622 14
    endloop
  endfacet
  facet normal 0 0 1
    outer loop
      vertex 45.5812 -3.85957 14
      vertex 42.9205 -2.08175 14
      vertex 45.4153 -4.12631 14
    endloop
  endfacet
  facet normal -0 0 1
    outer loop
      vertex 42.644 -2.52631 14
      vertex 45.4153 -4.12631 14
      vertex 42.9205 -2.08175 14
    endloop
  endfacet
  facet normal -0 0 1
    outer loop
      vertex 42.3973 -2.988 14
      vertex 45.2673 -4.40332 14
      vertex 42.644 -2.52631 14
    endloop
  endfacet
  facet normal 0 0 1
    outer loop
      vertex 45.4153 -4.12631 14
      vertex 42.644 -2.52631 14
      vertex 45.2673 -4.40332 14
    endloop
  endfacet
  facet normal 0 0 1
    outer loop
      vertex 56.7472 -10.0646 14
      vertex 53.8772 -8.64929 14
      vertex 56.5004 -10.5263 14
    endloop
  endfacet
  facet normal -0 0 1
    outer loop
      vertex 53.7292 -8.92631 14
      vertex 56.5004 -10.5263 14
      vertex 53.8772 -8.64929 14
    endloop
  endfacet
  facet normal 0 0 1
    outer loop
      vertex 56.5004 -10.5263 14
      vertex 53.7292 -8.92631 14
      vertex 56.224 -10.9709 14
    endloop
  endfacet
  facet normal -0 0 1
    outer loop
      vertex 53.5633 -9.19305 14
      vertex 56.224 -10.9709 14
      vertex 53.7292 -8.92631 14
    endloop
  endfacet
  facet normal 0 0 1
    outer loop
      vertex 56.224 -10.9709 14
      vertex 53.5633 -9.19305 14
      vertex 55.9191 -11.3964 14
    endloop
  endfacet
  facet normal -0 0 1
    outer loop
      vertex 53.3803 -9.44836 14
      vertex 55.9191 -11.3964 14
      vertex 53.5633 -9.19305 14
    endloop
  endfacet
  facet normal 0 0 1
    outer loop
      vertex 55.9191 -11.3964 14
      vertex 53.3803 -9.44836 14
      vertex 55.587 -11.8011 14
    endloop
  endfacet
  facet normal -0 0 1
    outer loop
      vertex 53.1811 -9.69117 14
      vertex 55.587 -11.8011 14
      vertex 53.3803 -9.44836 14
    endloop
  endfacet
  facet normal 0 0 1
    outer loop
      vertex 55.587 -11.8011 14
      vertex 53.1811 -9.69117 14
      vertex 55.2291 -12.1832 14
    endloop
  endfacet
  facet normal -0 0 1
    outer loop
      vertex 52.9664 -9.92042 14
      vertex 55.2291 -12.1832 14
      vertex 53.1811 -9.69117 14
    endloop
  endfacet
  facet normal 0 0 1
    outer loop
      vertex 55.2291 -12.1832 14
      vertex 52.9664 -9.92042 14
      vertex 54.847 -12.541 14
    endloop
  endfacet
  facet normal -0 0 1
    outer loop
      vertex 52.7371 -10.1351 14
      vertex 54.847 -12.541 14
      vertex 52.9664 -9.92042 14
    endloop
  endfacet
  facet normal 0 0 1
    outer loop
      vertex 54.847 -12.541 14
      vertex 52.7371 -10.1351 14
      vertex 54.4423 -12.8731 14
    endloop
  endfacet
  facet normal -0 0 1
    outer loop
      vertex 52.4943 -10.3344 14
      vertex 54.4423 -12.8731 14
      vertex 52.7371 -10.1351 14
    endloop
  endfacet
  facet normal 0 0 1
    outer loop
      vertex 54.4423 -12.8731 14
      vertex 52.4943 -10.3344 14
      vertex 54.0168 -13.1781 14
    endloop
  endfacet
  facet normal -0 0 1
    outer loop
      vertex 52.239 -10.5174 14
      vertex 54.0168 -13.1781 14
      vertex 52.4943 -10.3344 14
    endloop
  endfacet
  facet normal 0 0 1
    outer loop
      vertex 54.0168 -13.1781 14
      vertex 52.239 -10.5174 14
      vertex 53.5722 -13.4545 14
    endloop
  endfacet
  facet normal -0 0 1
    outer loop
      vertex 51.9722 -10.6832 14
      vertex 53.5722 -13.4545 14
      vertex 52.239 -10.5174 14
    endloop
  endfacet
  facet normal 0 0 1
    outer loop
      vertex 53.5722 -13.4545 14
      vertex 51.9722 -10.6832 14
      vertex 53.1105 -13.7013 14
    endloop
  endfacet
  facet normal -0 0 1
    outer loop
      vertex 51.6952 -10.8313 14
      vertex 53.1105 -13.7013 14
      vertex 51.9722 -10.6832 14
    endloop
  endfacet
  facet normal 0 0 1
    outer loop
      vertex 53.1105 -13.7013 14
      vertex 51.6952 -10.8313 14
      vertex 52.6337 -13.9173 14
    endloop
  endfacet
  facet normal -0 0 1
    outer loop
      vertex 51.4091 -10.9609 14
      vertex 52.6337 -13.9173 14
      vertex 51.6952 -10.8313 14
    endloop
  endfacet
  facet normal 0 0 1
    outer loop
      vertex 52.6337 -13.9173 14
      vertex 51.4091 -10.9609 14
      vertex 52.1438 -14.1018 14
    endloop
  endfacet
  facet normal -0 0 1
    outer loop
      vertex 51.1152 -11.0716 14
      vertex 52.1438 -14.1018 14
      vertex 51.4091 -10.9609 14
    endloop
  endfacet
  facet normal 0 0 1
    outer loop
      vertex 52.1438 -14.1018 14
      vertex 51.1152 -11.0716 14
      vertex 51.6428 -14.2537 14
    endloop
  endfacet
  facet normal -0 0 1
    outer loop
      vertex 50.8146 -11.1628 14
      vertex 51.6428 -14.2537 14
      vertex 51.1152 -11.0716 14
    endloop
  endfacet
  facet normal 0 0 1
    outer loop
      vertex 51.6428 -14.2537 14
      vertex 50.8146 -11.1628 14
      vertex 51.133 -14.3726 14
    endloop
  endfacet
  facet normal -0 0 1
    outer loop
      vertex 50.5087 -11.2341 14
      vertex 51.133 -14.3726 14
      vertex 50.8146 -11.1628 14
    endloop
  endfacet
  facet normal 0 0 1
    outer loop
      vertex 51.133 -14.3726 14
      vertex 50.5087 -11.2341 14
      vertex 50.6165 -14.4579 14
    endloop
  endfacet
  facet normal -0 0 1
    outer loop
      vertex 50.1988 -11.2852 14
      vertex 50.6165 -14.4579 14
      vertex 50.5087 -11.2341 14
    endloop
  endfacet
  facet normal 0 0 1
    outer loop
      vertex 50.1988 -11.2852 14
      vertex 50.0955 -14.5092 14
      vertex 50.6165 -14.4579 14
    endloop
  endfacet
  facet normal -0 0 1
    outer loop
      vertex 49.8862 -11.316 14
      vertex 50.0955 -14.5092 14
      vertex 50.1988 -11.2852 14
    endloop
  endfacet
  facet normal -0 0 1
    outer loop
      vertex 49.5722 -11.3263 14
      vertex 50.0955 -14.5092 14
      vertex 49.8862 -11.316 14
    endloop
  endfacet
  facet normal 0 0 1
    outer loop
      vertex 49.5722 -11.3263 14
      vertex 49.5722 -14.5263 14
      vertex 50.0955 -14.5092 14
    endloop
  endfacet
  facet normal 0 0 1
    outer loop
      vertex 49.2583 -11.316 14
      vertex 49.5722 -14.5263 14
      vertex 49.5722 -11.3263 14
    endloop
  endfacet
  facet normal 0 0 1
    outer loop
      vertex 49.2583 -11.316 14
      vertex 49.049 -14.5092 14
      vertex 49.5722 -14.5263 14
    endloop
  endfacet
  facet normal 0 0 1
    outer loop
      vertex 48.9457 -11.2852 14
      vertex 49.049 -14.5092 14
      vertex 49.2583 -11.316 14
    endloop
  endfacet
  facet normal 0 0 1
    outer loop
      vertex 48.528 -14.4579 14
      vertex 48.9457 -11.2852 14
      vertex 48.6358 -11.2341 14
    endloop
  endfacet
  facet normal 0 0 1
    outer loop
      vertex 48.9457 -11.2852 14
      vertex 48.528 -14.4579 14
      vertex 49.049 -14.5092 14
    endloop
  endfacet
  facet normal 0 0 1
    outer loop
      vertex 48.0115 -14.3726 14
      vertex 48.6358 -11.2341 14
      vertex 48.3299 -11.1628 14
    endloop
  endfacet
  facet normal 0 0 1
    outer loop
      vertex 47.5017 -14.2537 14
      vertex 48.3299 -11.1628 14
      vertex 48.0293 -11.0716 14
    endloop
  endfacet
  facet normal 0 0 1
    outer loop
      vertex 48.6358 -11.2341 14
      vertex 48.0115 -14.3726 14
      vertex 48.528 -14.4579 14
    endloop
  endfacet
  facet normal 0 0 1
    outer loop
      vertex 47.0007 -14.1018 14
      vertex 48.0293 -11.0716 14
      vertex 47.7354 -10.9609 14
    endloop
  endfacet
  facet normal 0 0 1
    outer loop
      vertex 48.3299 -11.1628 14
      vertex 47.5017 -14.2537 14
      vertex 48.0115 -14.3726 14
    endloop
  endfacet
  facet normal 0 0 1
    outer loop
      vertex 46.5108 -13.9173 14
      vertex 47.7354 -10.9609 14
      vertex 47.4493 -10.8313 14
    endloop
  endfacet
  facet normal 0 0 1
    outer loop
      vertex 46.0339 -13.7013 14
      vertex 47.4493 -10.8313 14
      vertex 47.1722 -10.6832 14
    endloop
  endfacet
  facet normal 0 0 1
    outer loop
      vertex 48.0293 -11.0716 14
      vertex 47.0007 -14.1018 14
      vertex 47.5017 -14.2537 14
    endloop
  endfacet
  facet normal 0 0 1
    outer loop
      vertex 45.5722 -13.4545 14
      vertex 47.1722 -10.6832 14
      vertex 46.9055 -10.5174 14
    endloop
  endfacet
  facet normal 0 0 1
    outer loop
      vertex 45.1277 -13.1781 14
      vertex 46.9055 -10.5174 14
      vertex 46.6502 -10.3344 14
    endloop
  endfacet
  facet normal 0 0 1
    outer loop
      vertex 47.7354 -10.9609 14
      vertex 46.5108 -13.9173 14
      vertex 47.0007 -14.1018 14
    endloop
  endfacet
  facet normal 0 0 1
    outer loop
      vertex 44.7022 -12.8731 14
      vertex 46.6502 -10.3344 14
      vertex 46.4074 -10.1351 14
    endloop
  endfacet
  facet normal 0 0 1
    outer loop
      vertex 44.2975 -12.541 14
      vertex 46.4074 -10.1351 14
      vertex 46.1781 -9.92042 14
    endloop
  endfacet
  facet normal 0 0 1
    outer loop
      vertex 47.4493 -10.8313 14
      vertex 46.0339 -13.7013 14
      vertex 46.5108 -13.9173 14
    endloop
  endfacet
  facet normal 0 0 1
    outer loop
      vertex 43.9154 -12.1832 14
      vertex 46.1781 -9.92042 14
      vertex 45.9634 -9.69117 14
    endloop
  endfacet
  facet normal 0 0 1
    outer loop
      vertex 43.5575 -11.8011 14
      vertex 45.9634 -9.69117 14
      vertex 45.7641 -9.44836 14
    endloop
  endfacet
  facet normal 0 0 1
    outer loop
      vertex 43.2254 -11.3964 14
      vertex 45.7641 -9.44836 14
      vertex 45.5812 -9.19305 14
    endloop
  endfacet
  facet normal 0 0 1
    outer loop
      vertex 47.1722 -10.6832 14
      vertex 45.5722 -13.4545 14
      vertex 46.0339 -13.7013 14
    endloop
  endfacet
  facet normal 0 0 1
    outer loop
      vertex 42.9205 -10.9709 14
      vertex 45.5812 -9.19305 14
      vertex 45.4153 -8.92631 14
    endloop
  endfacet
  facet normal 0 0 1
    outer loop
      vertex 42.644 -10.5263 14
      vertex 45.4153 -8.92631 14
      vertex 45.2673 -8.64929 14
    endloop
  endfacet
  facet normal 0 0 1
    outer loop
      vertex 42.3973 -10.0646 14
      vertex 45.2673 -8.64929 14
      vertex 45.1376 -8.36319 14
    endloop
  endfacet
  facet normal 0 0 1
    outer loop
      vertex 46.9055 -10.5174 14
      vertex 45.1277 -13.1781 14
      vertex 45.5722 -13.4545 14
    endloop
  endfacet
  facet normal 0 0 1
    outer loop
      vertex 42.1812 -9.58778 14
      vertex 45.1376 -8.36319 14
      vertex 45.027 -8.06922 14
    endloop
  endfacet
  facet normal 0 0 1
    outer loop
      vertex 41.9968 -9.09783 14
      vertex 45.027 -8.06922 14
      vertex 44.9358 -7.76864 14
    endloop
  endfacet
  facet normal 0 0 1
    outer loop
      vertex 41.8448 -8.59686 14
      vertex 44.9358 -7.76864 14
      vertex 44.8645 -7.46274 14
    endloop
  endfacet
  facet normal 0 0 1
    outer loop
      vertex 41.726 -8.08703 14
      vertex 44.8645 -7.46274 14
      vertex 44.8133 -7.15283 14
    endloop
  endfacet
  facet normal 0 0 1
    outer loop
      vertex 41.6407 -7.57052 14
      vertex 44.8133 -7.15283 14
      vertex 44.7825 -6.84024 14
    endloop
  endfacet
  facet normal 0 0 1
    outer loop
      vertex 46.6502 -10.3344 14
      vertex 44.7022 -12.8731 14
      vertex 45.1277 -13.1781 14
    endloop
  endfacet
  facet normal 0 0 1
    outer loop
      vertex 41.5894 -7.04953 14
      vertex 44.7825 -6.84024 14
      vertex 44.7722 -6.52631 14
    endloop
  endfacet
  facet normal 0 0 1
    outer loop
      vertex 45.2673 -4.40332 14
      vertex 42.3973 -2.988 14
      vertex 45.1376 -4.68943 14
    endloop
  endfacet
  facet normal -0 0 1
    outer loop
      vertex 42.1812 -3.46484 14
      vertex 45.1376 -4.68943 14
      vertex 42.3973 -2.988 14
    endloop
  endfacet
  facet normal 0 0 1
    outer loop
      vertex 46.4074 -10.1351 14
      vertex 44.2975 -12.541 14
      vertex 44.7022 -12.8731 14
    endloop
  endfacet
  facet normal 0 0 1
    outer loop
      vertex 45.1376 -4.68943 14
      vertex 42.1812 -3.46484 14
      vertex 45.027 -4.9834 14
    endloop
  endfacet
  facet normal 0 0 1
    outer loop
      vertex 46.1781 -9.92042 14
      vertex 43.9154 -12.1832 14
      vertex 44.2975 -12.541 14
    endloop
  endfacet
  facet normal -0 0 1
    outer loop
      vertex 41.9968 -3.95479 14
      vertex 45.027 -4.9834 14
      vertex 42.1812 -3.46484 14
    endloop
  endfacet
  facet normal 0 0 1
    outer loop
      vertex 45.9634 -9.69117 14
      vertex 43.5575 -11.8011 14
      vertex 43.9154 -12.1832 14
    endloop
  endfacet
  facet normal 0 0 1
    outer loop
      vertex 45.027 -4.9834 14
      vertex 41.9968 -3.95479 14
      vertex 44.9358 -5.28398 14
    endloop
  endfacet
  facet normal 0 0 1
    outer loop
      vertex 45.7641 -9.44836 14
      vertex 43.2254 -11.3964 14
      vertex 43.5575 -11.8011 14
    endloop
  endfacet
  facet normal -0 0 1
    outer loop
      vertex 41.8448 -4.45576 14
      vertex 44.9358 -5.28398 14
      vertex 41.9968 -3.95479 14
    endloop
  endfacet
  facet normal 0 0 1
    outer loop
      vertex 45.5812 -9.19305 14
      vertex 42.9205 -10.9709 14
      vertex 43.2254 -11.3964 14
    endloop
  endfacet
  facet normal 0 0 1
    outer loop
      vertex 44.9358 -5.28398 14
      vertex 41.8448 -4.45576 14
      vertex 44.8645 -5.58988 14
    endloop
  endfacet
  facet normal 0 0 1
    outer loop
      vertex 45.4153 -8.92631 14
      vertex 42.644 -10.5263 14
      vertex 42.9205 -10.9709 14
    endloop
  endfacet
  facet normal -0 0 1
    outer loop
      vertex 41.726 -4.96559 14
      vertex 44.8645 -5.58988 14
      vertex 41.8448 -4.45576 14
    endloop
  endfacet
  facet normal 0 0 1
    outer loop
      vertex 45.2673 -8.64929 14
      vertex 42.3973 -10.0646 14
      vertex 42.644 -10.5263 14
    endloop
  endfacet
  facet normal 0 0 1
    outer loop
      vertex 44.8645 -5.58988 14
      vertex 41.726 -4.96559 14
      vertex 44.8133 -5.89978 14
    endloop
  endfacet
  facet normal 0 0 1
    outer loop
      vertex 45.1376 -8.36319 14
      vertex 42.1812 -9.58778 14
      vertex 42.3973 -10.0646 14
    endloop
  endfacet
  facet normal -0 0 1
    outer loop
      vertex 41.6407 -5.4821 14
      vertex 44.8133 -5.89978 14
      vertex 41.726 -4.96559 14
    endloop
  endfacet
  facet normal 0 0 1
    outer loop
      vertex 45.027 -8.06922 14
      vertex 41.9968 -9.09783 14
      vertex 42.1812 -9.58778 14
    endloop
  endfacet
  facet normal 0 0 1
    outer loop
      vertex 44.8133 -5.89978 14
      vertex 41.6407 -5.4821 14
      vertex 44.7825 -6.21237 14
    endloop
  endfacet
  facet normal 0 0 1
    outer loop
      vertex 44.9358 -7.76864 14
      vertex 41.8448 -8.59686 14
      vertex 41.9968 -9.09783 14
    endloop
  endfacet
  facet normal -0 0 1
    outer loop
      vertex 41.5894 -6.00308 14
      vertex 44.7825 -6.21237 14
      vertex 41.6407 -5.4821 14
    endloop
  endfacet
  facet normal 0 0 1
    outer loop
      vertex 44.8645 -7.46274 14
      vertex 41.726 -8.08703 14
      vertex 41.8448 -8.59686 14
    endloop
  endfacet
  facet normal 0 0 1
    outer loop
      vertex 44.7825 -6.21237 14
      vertex 41.5894 -6.00308 14
      vertex 44.7722 -6.52631 14
    endloop
  endfacet
  facet normal 0 0 1
    outer loop
      vertex 44.8133 -7.15283 14
      vertex 41.6407 -7.57052 14
      vertex 41.726 -8.08703 14
    endloop
  endfacet
  facet normal 0 0 1
    outer loop
      vertex 41.5722 -6.52631 14
      vertex 44.7722 -6.52631 14
      vertex 41.5894 -6.00308 14
    endloop
  endfacet
  facet normal 0 0 1
    outer loop
      vertex 44.7825 -6.84024 14
      vertex 41.5894 -7.04953 14
      vertex 41.6407 -7.57052 14
    endloop
  endfacet
  facet normal 0 0 1
    outer loop
      vertex 44.7722 -6.52631 14
      vertex 41.5722 -6.52631 14
      vertex 41.5894 -7.04953 14
    endloop
  endfacet
  facet normal -0.812874 0.582439 0
    outer loop
      vertex 42.9205 -2.08175 6
      vertex 43.2254 -1.65622 14
      vertex 43.2254 -1.65622 6
    endloop
  endfacet
  facet normal -0.812874 0.582439 0
    outer loop
      vertex 43.2254 -1.65622 14
      vertex 42.9205 -2.08175 6
      vertex 42.9205 -2.08175 14
    endloop
  endfacet
  facet normal -0.849177 -0.528109 0
    outer loop
      vertex 42.9205 -10.9709 6
      vertex 42.644 -10.5263 14
      vertex 42.644 -10.5263 6
    endloop
  endfacet
  facet normal -0.849177 -0.528109 0
    outer loop
      vertex 42.644 -10.5263 14
      vertex 42.9205 -10.9709 6
      vertex 42.9205 -10.9709 14
    endloop
  endfacet
  facet normal 0.582503 0.812829 -0
    outer loop
      vertex 54.4423 -0.179482 6
      vertex 54.0168 0.125447 14
      vertex 54.4423 -0.179482 14
    endloop
  endfacet
  facet normal 0.582503 0.812829 0
    outer loop
      vertex 54.0168 0.125447 14
      vertex 54.4423 -0.179482 6
      vertex 54.0168 0.125447 6
    endloop
  endfacet
  facet normal 0.986636 -0.16294 0
    outer loop
      vertex 57.4185 -8.08703 14
      vertex 57.5038 -7.57052 0
      vertex 57.5038 -7.57052 14
    endloop
  endfacet
  facet normal 0.986636 -0.16294 0
    outer loop
      vertex 57.5038 -7.57052 0
      vertex 57.4185 -8.08703 14
      vertex 57.4185 -8.08703 0
    endloop
  endfacet
  facet normal 0.910824 -0.412795 0
    outer loop
      vertex 56.7472 -10.0646 14
      vertex 56.9633 -9.58778 0
      vertex 56.9633 -9.58778 14
    endloop
  endfacet
  facet normal 0.910824 -0.412795 0
    outer loop
      vertex 56.9633 -9.58778 0
      vertex 56.7472 -10.0646 14
      vertex 56.7472 -10.0646 0
    endloop
  endfacet
  facet normal -0.91083 0.412781 0
    outer loop
      vertex 42.1812 -3.46484 6
      vertex 42.3973 -2.988 14
      vertex 42.3973 -2.988 6
    endloop
  endfacet
  facet normal -0.91083 0.412781 0
    outer loop
      vertex 42.3973 -2.988 14
      vertex 42.1812 -3.46484 6
      vertex 42.1812 -3.46484 14
    endloop
  endfacet
  facet normal -0.849155 0.528143 0
    outer loop
      vertex 42.644 -2.52631 6
      vertex 42.9205 -2.08175 14
      vertex 42.9205 -2.08175 6
    endloop
  endfacet
  facet normal -0.849155 0.528143 0
    outer loop
      vertex 42.9205 -2.08175 14
      vertex 42.644 -2.52631 6
      vertex 42.644 -2.52631 14
    endloop
  endfacet
  facet normal -0.68358 0.729875 0
    outer loop
      vertex 44.2975 -0.511591 6
      vertex 43.9154 -0.869455 14
      vertex 44.2975 -0.511591 14
    endloop
  endfacet
  facet normal -0.68358 0.729875 0
    outer loop
      vertex 43.9154 -0.869455 14
      vertex 44.2975 -0.511591 6
      vertex 43.9154 -0.869455 6
    endloop
  endfacet
  facet normal 0.849241 0.528006 0
    outer loop
      vertex 56.5004 -2.52631 14
      vertex 56.224 -2.08175 0
      vertex 56.224 -2.08175 14
    endloop
  endfacet
  facet normal 0.849241 0.528006 0
    outer loop
      vertex 56.224 -2.08175 0
      vertex 56.5004 -2.52631 14
      vertex 56.5004 -2.52631 0
    endloop
  endfacet
  facet normal 0.227079 0.973876 -9.26228e-07
    outer loop
      vertex 51.6428 1.2011 14
      vertex 51.5 1.23439 7
      vertex 51.133 1.31997 14
    endloop
  endfacet
  facet normal 0.227036 0.973886 -0
    outer loop
      vertex 51.6428 1.2011 6
      vertex 51.5 1.23439 7
      vertex 51.6428 1.2011 14
    endloop
  endfacet
  facet normal 0.227036 0.973886 0
    outer loop
      vertex 51.5 1.23439 7
      vertex 51.6428 1.2011 6
      vertex 51.5 1.23439 6
    endloop
  endfacet
  facet normal 0.227095 0.973873 0
    outer loop
      vertex 51.133 1.31997 14
      vertex 51.5 1.23439 7
      vertex 51.133 1.31997 7
    endloop
  endfacet
  facet normal 0.634371 0.773029 -0
    outer loop
      vertex 54.847 -0.511591 6
      vertex 54.4423 -0.179482 14
      vertex 54.847 -0.511591 14
    endloop
  endfacet
  facet normal 0.634371 0.773029 0
    outer loop
      vertex 54.4423 -0.179482 14
      vertex 54.847 -0.511591 6
      vertex 54.4423 -0.179482 6
    endloop
  endfacet
  facet normal 0 0 1
    outer loop
      vertex -26.3092 42.6557 6
      vertex -33.3754 39.4566 6
      vertex -31.2541 37.3352 6
    endloop
  endfacet
  facet normal 0 0 1
    outer loop
      vertex -26.5252 43.1325 6
      vertex -33.4819 43.6344 6
      vertex -33.3754 39.4566 6
    endloop
  endfacet
  facet normal -0 0 1
    outer loop
      vertex -36.264 41.3512 6
      vertex -33.3754 39.4566 6
      vertex -33.4819 43.6344 6
    endloop
  endfacet
  facet normal 0 0 1
    outer loop
      vertex -38.8909 38.8909 6
      vertex -33.3754 39.4566 6
      vertex -36.264 41.3512 6
    endloop
  endfacet
  facet normal -0 0 1
    outer loop
      vertex -38.8909 38.8909 6
      vertex -39.4566 33.3754 6
      vertex -33.3754 39.4566 6
    endloop
  endfacet
  facet normal 0 0 1
    outer loop
      vertex -37.2323 15.4221 6
      vertex -50.8134 21.0476 6
      vertex -38.1613 12.954 6
    endloop
  endfacet
  facet normal -0 0 1
    outer loop
      vertex -52.0812 17.6792 6
      vertex -38.1613 12.954 6
      vertex -50.8134 21.0476 6
    endloop
  endfacet
  facet normal -0 0 1
    outer loop
      vertex -53.1259 14.235 6
      vertex -38.9268 10.4304 6
      vertex -52.0812 17.6792 6
    endloop
  endfacet
  facet normal -0 0 1
    outer loop
      vertex -43.6344 33.4819 6
      vertex -39.4566 33.3754 6
      vertex -41.3512 36.264 6
    endloop
  endfacet
  facet normal -0 0 1
    outer loop
      vertex -41.3512 36.264 6
      vertex -39.4566 33.3754 6
      vertex -38.8909 38.8909 6
    endloop
  endfacet
  facet normal 0 0 1
    outer loop
      vertex -27.117 46.7172 6
      vertex -27.5 47.6314 6
      vertex -27.1342 46.194 6
    endloop
  endfacet
  facet normal 0 0 1
    outer loop
      vertex -27.0657 47.2382 6
      vertex -27.5 47.6314 6
      vertex -27.117 46.7172 6
    endloop
  endfacet
  facet normal 0 0 1
    outer loop
      vertex -26.9805 47.7547 6
      vertex -27.5 47.6314 6
      vertex -27.0657 47.2382 6
    endloop
  endfacet
  facet normal 0 0 1
    outer loop
      vertex -27.5 47.6314 6
      vertex -26.9805 47.7547 6
      vertex -26.9393 47.9311 6
    endloop
  endfacet
  facet normal -0 0 1
    outer loop
      vertex 54.0168 0.125447 6
      vertex 55 0 6
      vertex 54.8822 3.59717 6
    endloop
  endfacet
  facet normal 0 0 1
    outer loop
      vertex 55 0 6
      vertex 54.847 -0.511591 6
      vertex 54.9792 -0.635401 6
    endloop
  endfacet
  facet normal -0 0 1
    outer loop
      vertex 51.5 4.3 6
      vertex 54.8822 3.59717 6
      vertex 54.5295 7.17894 6
    endloop
  endfacet
  facet normal 0 0 1
    outer loop
      vertex 55 0 6
      vertex 54.4423 -0.179482 6
      vertex 54.847 -0.511591 6
    endloop
  endfacet
  facet normal 0 0 1
    outer loop
      vertex 55 0 6
      vertex 54.0168 0.125447 6
      vertex 54.4423 -0.179482 6
    endloop
  endfacet
  facet normal 0 0 1
    outer loop
      vertex 51.5 4.3 6
      vertex 54.5295 7.17894 6
      vertex 53.9432 10.73 6
    endloop
  endfacet
  facet normal 0 -0 1
    outer loop
      vertex 52.1438 1.04913 6
      vertex 54.8822 3.59717 6
      vertex 51.5 4.3 6
    endloop
  endfacet
  facet normal 0 0 1
    outer loop
      vertex 48.5 4.3 6
      vertex 53.9432 10.73 6
      vertex 53.1259 14.235 6
    endloop
  endfacet
  facet normal 0 0 1
    outer loop
      vertex 54.8822 3.59717 6
      vertex 53.5722 0.401894 6
      vertex 54.0168 0.125447 6
    endloop
  endfacet
  facet normal 0 0 1
    outer loop
      vertex 54.8822 3.59717 6
      vertex 53.1105 0.648672 6
      vertex 53.5722 0.401894 6
    endloop
  endfacet
  facet normal 0 0 1
    outer loop
      vertex 54.8822 3.59717 6
      vertex 52.6337 0.864726 6
      vertex 53.1105 0.648672 6
    endloop
  endfacet
  facet normal 0 0 1
    outer loop
      vertex 48.5 4.3 6
      vertex 53.1259 14.235 6
      vertex 52.0812 17.6792 6
    endloop
  endfacet
  facet normal 0 0 1
    outer loop
      vertex 54.8822 3.59717 6
      vertex 52.1438 1.04913 6
      vertex 52.6337 0.864726 6
    endloop
  endfacet
  facet normal 0 0 1
    outer loop
      vertex 52.1438 1.04913 6
      vertex 51.5 4.3 6
      vertex 51.6428 1.2011 6
    endloop
  endfacet
  facet normal 0 0 1
    outer loop
      vertex 40.2137 2.63575 6
      vertex 52.0812 17.6792 6
      vertex 50.8134 21.0476 6
    endloop
  endfacet
  facet normal 0 0 1
    outer loop
      vertex 40.2137 2.63575 6
      vertex 50.8134 21.0476 6
      vertex 49.328 24.3259 6
    endloop
  endfacet
  facet normal 0 0 1
    outer loop
      vertex 53.9432 10.73 6
      vertex 48.5 4.3 6
      vertex 51.5 4.3 6
    endloop
  endfacet
  facet normal 0 0 1
    outer loop
      vertex 48.5 4.3 6
      vertex 48.0115 1.31997 6
      vertex 48.5 1.40062 6
    endloop
  endfacet
  facet normal 0 0 1
    outer loop
      vertex 52.0812 17.6792 6
      vertex 40.2137 2.63575 6
      vertex 48.5 4.3 6
    endloop
  endfacet
  facet normal 0 0 1
    outer loop
      vertex 40.2137 2.63575 6
      vertex 49.328 24.3259 6
      vertex 47.6314 27.5 6
    endloop
  endfacet
  facet normal 0 -0 1
    outer loop
      vertex 46.0339 0.648672 6
      vertex 48.5 4.3 6
      vertex 40.2137 2.63575 6
    endloop
  endfacet
  facet normal 0 0 1
    outer loop
      vertex 48.5 4.3 6
      vertex 47.5017 1.2011 6
      vertex 48.0115 1.31997 6
    endloop
  endfacet
  facet normal 0 0 1
    outer loop
      vertex 48.5 4.3 6
      vertex 47.0007 1.04913 6
      vertex 47.5017 1.2011 6
    endloop
  endfacet
  facet normal 0 0 1
    outer loop
      vertex 48.5 4.3 6
      vertex 46.5108 0.864726 6
      vertex 47.0007 1.04913 6
    endloop
  endfacet
  facet normal 0 0 1
    outer loop
      vertex 40.2137 2.63575 6
      vertex 47.6314 27.5 6
      vertex 45.7308 30.5564 6
    endloop
  endfacet
  facet normal 0 0 1
    outer loop
      vertex 48.5 4.3 6
      vertex 46.0339 0.648672 6
      vertex 46.5108 0.864726 6
    endloop
  endfacet
  facet normal 0 0 1
    outer loop
      vertex 46.0339 0.648672 6
      vertex 40.2137 2.63575 6
      vertex 45.5722 0.401894 6
    endloop
  endfacet
  facet normal 0 0 1
    outer loop
      vertex 45.5722 0.401894 6
      vertex 40.2137 2.63575 6
      vertex 45.1277 0.125447 6
    endloop
  endfacet
  facet normal 0 0 1
    outer loop
      vertex 45.1277 0.125447 6
      vertex 40.2137 2.63575 6
      vertex 44.7022 -0.179482 6
    endloop
  endfacet
  facet normal 0 0 1
    outer loop
      vertex 44.7022 -0.179482 6
      vertex 40.2137 2.63575 6
      vertex 44.2975 -0.511591 6
    endloop
  endfacet
  facet normal 0 0 1
    outer loop
      vertex 40.2137 2.63575 6
      vertex 45.7308 30.5564 6
      vertex 43.6344 33.4819 6
    endloop
  endfacet
  facet normal -0 -0 1
    outer loop
      vertex 40.3 0 6
      vertex 44.2975 -0.511591 6
      vertex 40.2137 2.63575 6
    endloop
  endfacet
  facet normal 0 0 1
    outer loop
      vertex 44.2975 -0.511591 6
      vertex 40.3 0 6
      vertex 43.9154 -0.869455 6
    endloop
  endfacet
  facet normal 0 0 1
    outer loop
      vertex 43.9154 -0.869455 6
      vertex 40.3 0 6
      vertex 43.5575 -1.25154 6
    endloop
  endfacet
  facet normal 0 0 1
    outer loop
      vertex 43.5575 -1.25154 6
      vertex 40.3 0 6
      vertex 43.2254 -1.65622 6
    endloop
  endfacet
  facet normal 0 0 1
    outer loop
      vertex 43.2254 -1.65622 6
      vertex 40.3 0 6
      vertex 42.9205 -2.08175 6
    endloop
  endfacet
  facet normal 0 0 1
    outer loop
      vertex 40.2137 -2.63575 6
      vertex 42.9205 -2.08175 6
      vertex 40.3 0 6
    endloop
  endfacet
  facet normal 0 0 1
    outer loop
      vertex 42.9205 -2.08175 6
      vertex 40.2137 -2.63575 6
      vertex 42.644 -2.52631 6
    endloop
  endfacet
  facet normal 0 0 1
    outer loop
      vertex 42.644 -2.52631 6
      vertex 40.2137 -2.63575 6
      vertex 42.3973 -2.988 6
    endloop
  endfacet
  facet normal 0 0 1
    outer loop
      vertex 42.3973 -2.988 6
      vertex 40.2137 -2.63575 6
      vertex 42.1812 -3.46484 6
    endloop
  endfacet
  facet normal 0 0 1
    outer loop
      vertex 42.1812 -3.46484 6
      vertex 40.2137 -2.63575 6
      vertex 41.9968 -3.95479 6
    endloop
  endfacet
  facet normal 0 0 1
    outer loop
      vertex 41.9968 -3.95479 6
      vertex 40.2137 -2.63575 6
      vertex 41.8448 -4.45576 6
    endloop
  endfacet
  facet normal 0 0 1
    outer loop
      vertex 39.9552 -5.26021 6
      vertex 41.8448 -4.45576 6
      vertex 40.2137 -2.63575 6
    endloop
  endfacet
  facet normal 0 0 1
    outer loop
      vertex 40.2137 2.63575 6
      vertex 43.6344 33.4819 6
      vertex 41.3512 36.264 6
    endloop
  endfacet
  facet normal 0 0 1
    outer loop
      vertex 51.6428 1.2011 6
      vertex 51.5 4.3 6
      vertex 51.5 1.23439 6
    endloop
  endfacet
  facet normal -0 0 1
    outer loop
      vertex 53.1105 -13.7013 6
      vertex 53.1259 -14.235 6
      vertex 53.2703 -13.6159 6
    endloop
  endfacet
  facet normal -0 0 1
    outer loop
      vertex 52.6337 -13.9173 6
      vertex 53.1259 -14.235 6
      vertex 53.1105 -13.7013 6
    endloop
  endfacet
  facet normal -0 0 1
    outer loop
      vertex 52.1438 -14.1018 6
      vertex 53.1259 -14.235 6
      vertex 52.6337 -13.9173 6
    endloop
  endfacet
  facet normal 0 0 1
    outer loop
      vertex 52.1438 -14.1018 6
      vertex 52.0812 -17.6792 6
      vertex 53.1259 -14.235 6
    endloop
  endfacet
  facet normal -0 0 1
    outer loop
      vertex 51.6428 -14.2537 6
      vertex 52.0812 -17.6792 6
      vertex 52.1438 -14.1018 6
    endloop
  endfacet
  facet normal -0 0 1
    outer loop
      vertex 51.133 -14.3726 6
      vertex 52.0812 -17.6792 6
      vertex 51.6428 -14.2537 6
    endloop
  endfacet
  facet normal -0 0 1
    outer loop
      vertex 50.6165 -14.4579 6
      vertex 52.0812 -17.6792 6
      vertex 51.133 -14.3726 6
    endloop
  endfacet
  facet normal -0 0 1
    outer loop
      vertex 50.0955 -14.5092 6
      vertex 52.0812 -17.6792 6
      vertex 50.6165 -14.4579 6
    endloop
  endfacet
  facet normal -0 0 1
    outer loop
      vertex 49.5722 -14.5263 6
      vertex 52.0812 -17.6792 6
      vertex 50.0955 -14.5092 6
    endloop
  endfacet
  facet normal 0 0 1
    outer loop
      vertex 49.049 -14.5092 6
      vertex 52.0812 -17.6792 6
      vertex 49.5722 -14.5263 6
    endloop
  endfacet
  facet normal 0 0 1
    outer loop
      vertex 48.528 -14.4579 6
      vertex 52.0812 -17.6792 6
      vertex 49.049 -14.5092 6
    endloop
  endfacet
  facet normal 0 0 1
    outer loop
      vertex 52.0812 -17.6792 6
      vertex 48.528 -14.4579 6
      vertex 50.8134 -21.0476 6
    endloop
  endfacet
  facet normal 0 0 1
    outer loop
      vertex 48.0115 -14.3726 6
      vertex 50.8134 -21.0476 6
      vertex 48.528 -14.4579 6
    endloop
  endfacet
  facet normal 0 0 1
    outer loop
      vertex 47.5017 -14.2537 6
      vertex 50.8134 -21.0476 6
      vertex 48.0115 -14.3726 6
    endloop
  endfacet
  facet normal 0 0 1
    outer loop
      vertex 47.0007 -14.1018 6
      vertex 50.8134 -21.0476 6
      vertex 47.5017 -14.2537 6
    endloop
  endfacet
  facet normal 0 0 1
    outer loop
      vertex 46.5108 -13.9173 6
      vertex 50.8134 -21.0476 6
      vertex 47.0007 -14.1018 6
    endloop
  endfacet
  facet normal 0 0 1
    outer loop
      vertex 50.8134 -21.0476 6
      vertex 46.5108 -13.9173 6
      vertex 49.328 -24.3259 6
    endloop
  endfacet
  facet normal 0 0 1
    outer loop
      vertex 46.0339 -13.7013 6
      vertex 49.328 -24.3259 6
      vertex 46.5108 -13.9173 6
    endloop
  endfacet
  facet normal 0 0 1
    outer loop
      vertex 49.328 -24.3259 6
      vertex 46.0339 -13.7013 6
      vertex 36.144 -17.8242 6
    endloop
  endfacet
  facet normal 0 0 1
    outer loop
      vertex 49.328 -24.3259 6
      vertex 36.144 -17.8242 6
      vertex 47.6314 -27.5 6
    endloop
  endfacet
  facet normal 0 0 1
    outer loop
      vertex 36.144 -17.8242 6
      vertex 46.0339 -13.7013 6
      vertex 45.5722 -13.4545 6
    endloop
  endfacet
  facet normal 0 0 1
    outer loop
      vertex 37.2323 -15.4221 6
      vertex 45.5722 -13.4545 6
      vertex 45.1277 -13.1781 6
    endloop
  endfacet
  facet normal 0 0 1
    outer loop
      vertex 37.2323 -15.4221 6
      vertex 45.1277 -13.1781 6
      vertex 44.7022 -12.8731 6
    endloop
  endfacet
  facet normal 0 0 1
    outer loop
      vertex 37.2323 -15.4221 6
      vertex 44.7022 -12.8731 6
      vertex 44.2975 -12.541 6
    endloop
  endfacet
  facet normal 0 0 1
    outer loop
      vertex 38.1613 -12.954 6
      vertex 44.2975 -12.541 6
      vertex 43.9154 -12.1832 6
    endloop
  endfacet
  facet normal -0 0 1
    outer loop
      vertex 34.9008 -20.15 6
      vertex 47.6314 -27.5 6
      vertex 36.144 -17.8242 6
    endloop
  endfacet
  facet normal 0 0 1
    outer loop
      vertex 38.1613 -12.954 6
      vertex 43.9154 -12.1832 6
      vertex 43.5575 -11.8011 6
    endloop
  endfacet
  facet normal 0 0 1
    outer loop
      vertex 38.1613 -12.954 6
      vertex 43.5575 -11.8011 6
      vertex 43.2254 -11.3964 6
    endloop
  endfacet
  facet normal 0 0 1
    outer loop
      vertex 38.1613 -12.954 6
      vertex 43.2254 -11.3964 6
      vertex 42.9205 -10.9709 6
    endloop
  endfacet
  facet normal 0 0 1
    outer loop
      vertex 38.9268 -10.4304 6
      vertex 42.9205 -10.9709 6
      vertex 42.644 -10.5263 6
    endloop
  endfacet
  facet normal -0 0 1
    outer loop
      vertex 38.9268 -10.4304 6
      vertex 42.644 -10.5263 6
      vertex 42.3973 -10.0646 6
    endloop
  endfacet
  facet normal 0 0 1
    outer loop
      vertex 38.9268 -10.4304 6
      vertex 42.3973 -10.0646 6
      vertex 42.1812 -9.58778 6
    endloop
  endfacet
  facet normal 0 0 1
    outer loop
      vertex 38.9268 -10.4304 6
      vertex 42.1812 -9.58778 6
      vertex 41.9968 -9.09783 6
    endloop
  endfacet
  facet normal 0 0 1
    outer loop
      vertex 39.5256 -7.86214 6
      vertex 41.9968 -9.09783 6
      vertex 41.8448 -8.59686 6
    endloop
  endfacet
  facet normal 0 0 1
    outer loop
      vertex 39.5256 -7.86214 6
      vertex 41.8448 -8.59686 6
      vertex 41.726 -8.08703 6
    endloop
  endfacet
  facet normal -0 0 1
    outer loop
      vertex 39.5256 -7.86214 6
      vertex 41.726 -8.08703 6
      vertex 41.6407 -7.57052 6
    endloop
  endfacet
  facet normal 0 0 1
    outer loop
      vertex 39.5256 -7.86214 6
      vertex 41.6407 -7.57052 6
      vertex 41.5894 -7.04953 6
    endloop
  endfacet
  facet normal 0 0 1
    outer loop
      vertex 44.2975 -12.541 6
      vertex 38.1613 -12.954 6
      vertex 37.2323 -15.4221 6
    endloop
  endfacet
  facet normal 0 0 1
    outer loop
      vertex 39.5256 -7.86214 6
      vertex 41.5894 -7.04953 6
      vertex 41.5722 -6.52631 6
    endloop
  endfacet
  facet normal 0 0 1
    outer loop
      vertex 41.8448 -4.45576 6
      vertex 39.9552 -5.26021 6
      vertex 41.726 -4.96559 6
    endloop
  endfacet
  facet normal 0 0 1
    outer loop
      vertex 41.6407 -5.4821 6
      vertex 39.9552 -5.26021 6
      vertex 41.5894 -6.00308 6
    endloop
  endfacet
  facet normal 0 0 1
    outer loop
      vertex 41.726 -4.96559 6
      vertex 39.9552 -5.26021 6
      vertex 41.6407 -5.4821 6
    endloop
  endfacet
  facet normal 0 0 1
    outer loop
      vertex 41.3512 36.264 6
      vertex 39.9552 5.26021 6
      vertex 40.2137 2.63575 6
    endloop
  endfacet
  facet normal 0 0 1
    outer loop
      vertex 41.3512 36.264 6
      vertex 39.5256 7.86214 6
      vertex 39.9552 5.26021 6
    endloop
  endfacet
  facet normal 0 0 1
    outer loop
      vertex 38.1613 12.954 6
      vertex 41.3512 36.264 6
      vertex 39.4566 33.3754 6
    endloop
  endfacet
  facet normal 0 0 1
    outer loop
      vertex 38.8909 38.8909 6
      vertex 39.4566 33.3754 6
      vertex 41.3512 36.264 6
    endloop
  endfacet
  facet normal -0 0 1
    outer loop
      vertex 33.3754 39.4566 6
      vertex 38.8909 38.8909 6
      vertex 36.264 41.3512 6
    endloop
  endfacet
  facet normal 0 0 1
    outer loop
      vertex 33.3754 39.4566 6
      vertex 36.264 41.3512 6
      vertex 33.4819 43.6344 6
    endloop
  endfacet
  facet normal 0 0 1
    outer loop
      vertex 38.8909 38.8909 6
      vertex 33.3754 39.4566 6
      vertex 39.4566 33.3754 6
    endloop
  endfacet
  facet normal 0 0 1
    outer loop
      vertex 30.5564 45.7308 6
      vertex 33.3754 39.4566 6
      vertex 33.4819 43.6344 6
    endloop
  endfacet
  facet normal 0 0 1
    outer loop
      vertex 33.3754 39.4566 6
      vertex 30.5564 45.7308 6
      vertex 31.2541 37.3352 6
    endloop
  endfacet
  facet normal 0 0 1
    outer loop
      vertex -17.8242 -36.144 6
      vertex -22.4552 -39.1444 6
      vertex -22.4381 -39.6677 6
    endloop
  endfacet
  facet normal 0 0 1
    outer loop
      vertex -20.15 -34.9008 6
      vertex -22.5065 -38.6235 6
      vertex -22.4552 -39.1444 6
    endloop
  endfacet
  facet normal 0 0 1
    outer loop
      vertex -20.15 -34.9008 6
      vertex -22.5918 -38.1069 6
      vertex -22.5065 -38.6235 6
    endloop
  endfacet
  facet normal 0 0 1
    outer loop
      vertex -20.15 -34.9008 6
      vertex -22.7107 -37.5971 6
      vertex -22.5918 -38.1069 6
    endloop
  endfacet
  facet normal 0 0 1
    outer loop
      vertex -20.15 -34.9008 6
      vertex -22.8626 -37.0961 6
      vertex -22.7107 -37.5971 6
    endloop
  endfacet
  facet normal 0 0 1
    outer loop
      vertex -20.15 -34.9008 6
      vertex -23.047 -36.6062 6
      vertex -22.8626 -37.0961 6
    endloop
  endfacet
  facet normal 0 0 1
    outer loop
      vertex -20.15 -34.9008 6
      vertex -23.2631 -36.1294 6
      vertex -23.047 -36.6062 6
    endloop
  endfacet
  facet normal 0 0 1
    outer loop
      vertex -22.3895 -33.5082 6
      vertex -23.5099 -35.6677 6
      vertex -23.2631 -36.1294 6
    endloop
  endfacet
  facet normal 0 0 1
    outer loop
      vertex -22.3895 -33.5082 6
      vertex -23.7863 -35.2231 6
      vertex -23.5099 -35.6677 6
    endloop
  endfacet
  facet normal 0 0 1
    outer loop
      vertex -22.3895 -33.5082 6
      vertex -24.0912 -34.7976 6
      vertex -23.7863 -35.2231 6
    endloop
  endfacet
  facet normal 0 0 1
    outer loop
      vertex -22.3895 -33.5082 6
      vertex -24.4234 -34.3929 6
      vertex -24.0912 -34.7976 6
    endloop
  endfacet
  facet normal 0 0 1
    outer loop
      vertex -24.7812 -34.0108 6
      vertex -22.3895 -33.5082 6
      vertex -24.5331 -31.9721 6
    endloop
  endfacet
  facet normal 0 0 1
    outer loop
      vertex -22.3895 -33.5082 6
      vertex -24.7812 -34.0108 6
      vertex -24.4234 -34.3929 6
    endloop
  endfacet
  facet normal 0 0 1
    outer loop
      vertex -24.5331 -31.9721 6
      vertex -25.1633 -33.6529 6
      vertex -24.7812 -34.0108 6
    endloop
  endfacet
  facet normal 0 0 1
    outer loop
      vertex -24.5331 -31.9721 6
      vertex -25.568 -33.3208 6
      vertex -25.1633 -33.6529 6
    endloop
  endfacet
  facet normal 0 0 1
    outer loop
      vertex -24.5331 -31.9721 6
      vertex -25.9935 -33.0159 6
      vertex -25.568 -33.3208 6
    endloop
  endfacet
  facet normal 0 0 1
    outer loop
      vertex -24.5331 -31.9721 6
      vertex -26.4381 -32.7395 6
      vertex -25.9935 -33.0159 6
    endloop
  endfacet
  facet normal 0 0 1
    outer loop
      vertex -26.5716 -30.2991 6
      vertex -26.4381 -32.7395 6
      vertex -24.5331 -31.9721 6
    endloop
  endfacet
  facet normal 0 0 1
    outer loop
      vertex -26.5716 -30.2991 6
      vertex -26.8998 -32.4927 6
      vertex -26.4381 -32.7395 6
    endloop
  endfacet
  facet normal 0 0 1
    outer loop
      vertex -26.5716 -30.2991 6
      vertex -27.3766 -32.2766 6
      vertex -26.8998 -32.4927 6
    endloop
  endfacet
  facet normal 0 0 1
    outer loop
      vertex -26.5716 -30.2991 6
      vertex -27.8666 -32.0922 6
      vertex -27.3766 -32.2766 6
    endloop
  endfacet
  facet normal 0 0 1
    outer loop
      vertex -26.5716 -30.2991 6
      vertex -28.3675 -31.9403 6
      vertex -27.8666 -32.0922 6
    endloop
  endfacet
  facet normal 0 0 1
    outer loop
      vertex -28.8773 -31.8214 6
      vertex -26.5716 -30.2991 6
      vertex -28.4964 -28.4964 6
    endloop
  endfacet
  facet normal 0 0 1
    outer loop
      vertex -26.5716 -30.2991 6
      vertex -28.8773 -31.8214 6
      vertex -28.3675 -31.9403 6
    endloop
  endfacet
  facet normal 0 0 1
    outer loop
      vertex -28.4964 -28.4964 6
      vertex -29.3939 -31.7361 6
      vertex -28.8773 -31.8214 6
    endloop
  endfacet
  facet normal 0 0 1
    outer loop
      vertex -28.4964 -28.4964 6
      vertex -29.9148 -31.6848 6
      vertex -29.3939 -31.7361 6
    endloop
  endfacet
  facet normal 0 0 1
    outer loop
      vertex -30.9613 -31.6848 6
      vertex -28.4964 -28.4964 6
      vertex -30.2991 -26.5716 6
    endloop
  endfacet
  facet normal 0 0 1
    outer loop
      vertex -28.4964 -28.4964 6
      vertex -30.4381 -31.6677 6
      vertex -29.9148 -31.6848 6
    endloop
  endfacet
  facet normal 0 0 1
    outer loop
      vertex -28.4964 -28.4964 6
      vertex -30.9613 -31.6848 6
      vertex -30.4381 -31.6677 6
    endloop
  endfacet
  facet normal 0 0 1
    outer loop
      vertex -30.2991 -26.5716 6
      vertex -31.4823 -31.7361 6
      vertex -30.9613 -31.6848 6
    endloop
  endfacet
  facet normal 0 0 1
    outer loop
      vertex -33.0096 -32.0922 6
      vertex -30.2991 -26.5716 6
      vertex -31.9721 -24.5331 6
    endloop
  endfacet
  facet normal 0 0 1
    outer loop
      vertex -30.2991 -26.5716 6
      vertex -31.9988 -31.8214 6
      vertex -31.4823 -31.7361 6
    endloop
  endfacet
  facet normal 0 0 1
    outer loop
      vertex -30.2991 -26.5716 6
      vertex -32.5086 -31.9403 6
      vertex -31.9988 -31.8214 6
    endloop
  endfacet
  facet normal 0 0 1
    outer loop
      vertex -30.2991 -26.5716 6
      vertex -33.0096 -32.0922 6
      vertex -32.5086 -31.9403 6
    endloop
  endfacet
  facet normal -0 0 1
    outer loop
      vertex -37.3352 -31.2541 6
      vertex -33.0096 -32.0922 6
      vertex -31.9721 -24.5331 6
    endloop
  endfacet
  facet normal 0 0 1
    outer loop
      vertex -37.3352 -31.2541 6
      vertex -31.9721 -24.5331 6
      vertex -33.5082 -22.3895 6
    endloop
  endfacet
  facet normal 0 0 1
    outer loop
      vertex -33.0096 -32.0922 6
      vertex -37.3352 -31.2541 6
      vertex -33.4995 -32.2766 6
    endloop
  endfacet
  facet normal 0 0 1
    outer loop
      vertex -33.4995 -32.2766 6
      vertex -37.3352 -31.2541 6
      vertex -33.9764 -32.4927 6
    endloop
  endfacet
  facet normal 0 0 1
    outer loop
      vertex -33.9764 -32.4927 6
      vertex -37.3352 -31.2541 6
      vertex -34.4381 -32.7395 6
    endloop
  endfacet
  facet normal 0 0 1
    outer loop
      vertex -37.3352 -31.2541 6
      vertex -33.5082 -22.3895 6
      vertex -34.9008 -20.15 6
    endloop
  endfacet
  facet normal 0 0 1
    outer loop
      vertex -34.4381 -32.7395 6
      vertex -37.3352 -31.2541 6
      vertex -34.8826 -33.0159 6
    endloop
  endfacet
  facet normal 0 0 1
    outer loop
      vertex -47.6314 -27.5 6
      vertex -34.9008 -20.15 6
      vertex -36.144 -17.8242 6
    endloop
  endfacet
  facet normal 0 0 1
    outer loop
      vertex -49.328 -24.3259 6
      vertex -36.144 -17.8242 6
      vertex -37.2323 -15.4221 6
    endloop
  endfacet
  facet normal 0 0 1
    outer loop
      vertex -34.8826 -33.0159 6
      vertex -37.3352 -31.2541 6
      vertex -35.2851 -33.3043 6
    endloop
  endfacet
  facet normal 0 0 1
    outer loop
      vertex -50.8134 -21.0476 6
      vertex -37.2323 -15.4221 6
      vertex -38.1613 -12.954 6
    endloop
  endfacet
  facet normal 0 0 1
    outer loop
      vertex -52.0812 -17.6792 6
      vertex -38.1613 -12.954 6
      vertex -38.9268 -10.4304 6
    endloop
  endfacet
  facet normal 0 0 1
    outer loop
      vertex -36.144 -17.8242 6
      vertex -49.328 -24.3259 6
      vertex -47.6314 -27.5 6
    endloop
  endfacet
  facet normal 0 0 1
    outer loop
      vertex -48.5 -4.3 6
      vertex -38.9268 -10.4304 6
      vertex -39.5256 -7.86214 6
    endloop
  endfacet
  facet normal 0 0 1
    outer loop
      vertex -4.3 48.5 6
      vertex -11.1513 46.7172 6
      vertex -11.1342 46.194 6
    endloop
  endfacet
  facet normal 0 0 1
    outer loop
      vertex -4.3 51.5 6
      vertex -11.2026 47.2382 6
      vertex -11.1513 46.7172 6
    endloop
  endfacet
  facet normal 0 0 1
    outer loop
      vertex -4.3 51.5 6
      vertex -11.2879 47.7547 6
      vertex -11.2026 47.2382 6
    endloop
  endfacet
  facet normal 0 0 1
    outer loop
      vertex -4.3 51.5 6
      vertex -11.4068 48.2645 6
      vertex -11.2879 47.7547 6
    endloop
  endfacet
  facet normal 0 0 1
    outer loop
      vertex -4.3 51.5 6
      vertex -11.5587 48.7655 6
      vertex -11.4068 48.2645 6
    endloop
  endfacet
  facet normal 0 0 1
    outer loop
      vertex -4.3 51.5 6
      vertex -11.7431 49.2554 6
      vertex -11.5587 48.7655 6
    endloop
  endfacet
  facet normal 0 0 1
    outer loop
      vertex -10.73 53.9432 6
      vertex -11.9592 49.7323 6
      vertex -11.7431 49.2554 6
    endloop
  endfacet
  facet normal 0 0 1
    outer loop
      vertex -10.73 53.9432 6
      vertex -12.206 50.194 6
      vertex -11.9592 49.7323 6
    endloop
  endfacet
  facet normal 0 0 1
    outer loop
      vertex -10.73 53.9432 6
      vertex -12.4824 50.6385 6
      vertex -12.206 50.194 6
    endloop
  endfacet
  facet normal 0 0 1
    outer loop
      vertex -10.73 53.9432 6
      vertex -12.7873 51.0641 6
      vertex -12.4824 50.6385 6
    endloop
  endfacet
  facet normal 0 0 1
    outer loop
      vertex -10.73 53.9432 6
      vertex -13.1195 51.4687 6
      vertex -12.7873 51.0641 6
    endloop
  endfacet
  facet normal 0 0 1
    outer loop
      vertex -10.73 53.9432 6
      vertex -13.4773 51.8508 6
      vertex -13.1195 51.4687 6
    endloop
  endfacet
  facet normal 0 0 1
    outer loop
      vertex -10.73 53.9432 6
      vertex -13.8594 52.2087 6
      vertex -13.4773 51.8508 6
    endloop
  endfacet
  facet normal -0 0 1
    outer loop
      vertex -14.235 53.1259 6
      vertex -13.8594 52.2087 6
      vertex -10.73 53.9432 6
    endloop
  endfacet
  facet normal 0 0 1
    outer loop
      vertex -14.235 53.1259 6
      vertex -14.2641 52.5408 6
      vertex -13.8594 52.2087 6
    endloop
  endfacet
  facet normal 0 0 1
    outer loop
      vertex -14.235 53.1259 6
      vertex -14.6896 52.8457 6
      vertex -14.2641 52.5408 6
    endloop
  endfacet
  facet normal 0 -0 1
    outer loop
      vertex -14.6896 52.8457 6
      vertex -14.235 53.1259 6
      vertex -14.8434 52.9414 6
    endloop
  endfacet
  facet normal 0 0 1
    outer loop
      vertex -38.4209 -39.1444 6
      vertex -38.8909 -38.8909 6
      vertex -38.4269 -39.3255 6
    endloop
  endfacet
  facet normal 0 0 1
    outer loop
      vertex -38.3696 -38.6235 6
      vertex -38.8909 -38.8909 6
      vertex -38.4209 -39.1444 6
    endloop
  endfacet
  facet normal 0 0 1
    outer loop
      vertex -38.2844 -38.1069 6
      vertex -38.8909 -38.8909 6
      vertex -38.3696 -38.6235 6
    endloop
  endfacet
  facet normal 0 0 1
    outer loop
      vertex -38.1655 -37.5971 6
      vertex -38.8909 -38.8909 6
      vertex -38.2844 -38.1069 6
    endloop
  endfacet
  facet normal 0 0 1
    outer loop
      vertex -41.3512 -36.264 6
      vertex -38.1655 -37.5971 6
      vertex -38.0135 -37.0961 6
    endloop
  endfacet
  facet normal 0 0 1
    outer loop
      vertex -41.3512 -36.264 6
      vertex -38.0135 -37.0961 6
      vertex -37.8291 -36.6062 6
    endloop
  endfacet
  facet normal -0 0 1
    outer loop
      vertex -41.3512 -36.264 6
      vertex -37.8291 -36.6062 6
      vertex -37.6131 -36.1294 6
    endloop
  endfacet
  facet normal 0 0 1
    outer loop
      vertex -39.4566 -33.3754 6
      vertex -37.3663 -35.6677 6
      vertex -37.2888 -35.5432 6
    endloop
  endfacet
  facet normal 0 0 1
    outer loop
      vertex -39.4566 -33.3754 6
      vertex -37.6131 -36.1294 6
      vertex -37.3663 -35.6677 6
    endloop
  endfacet
  facet normal 0 0 1
    outer loop
      vertex -41.3512 -36.264 6
      vertex -37.6131 -36.1294 6
      vertex -39.4566 -33.3754 6
    endloop
  endfacet
  facet normal 0 0 1
    outer loop
      vertex -48.5 -4.3 6
      vertex -39.5256 -7.86214 6
      vertex -39.9552 -5.26021 6
    endloop
  endfacet
  facet normal -0 0 1
    outer loop
      vertex -48.5 -4.3 6
      vertex -39.9552 -5.26021 6
      vertex -40.2137 -2.63575 6
    endloop
  endfacet
  facet normal 0 0 1
    outer loop
      vertex -48.5 -4.3 6
      vertex -40.2137 -2.63575 6
      vertex -40.3 0 6
    endloop
  endfacet
  facet normal 0 0 1
    outer loop
      vertex -45.7308 30.5564 6
      vertex -39.4566 33.3754 6
      vertex -43.6344 33.4819 6
    endloop
  endfacet
  facet normal 0 0 1
    outer loop
      vertex -38.1655 -37.5971 6
      vertex -41.3512 -36.264 6
      vertex -38.8909 -38.8909 6
    endloop
  endfacet
  facet normal 0 0 1
    outer loop
      vertex -48.5 -4.3 6
      vertex -40.3 0 6
      vertex -48.5 4.3 6
    endloop
  endfacet
  facet normal 0 0 1
    outer loop
      vertex -47.6314 27.5 6
      vertex -39.4566 33.3754 6
      vertex -45.7308 30.5564 6
    endloop
  endfacet
  facet normal 0 0 1
    outer loop
      vertex -38.9268 -10.4304 6
      vertex -48.5 -4.3 6
      vertex -53.1259 -14.235 6
    endloop
  endfacet
  facet normal 0 0 1
    outer loop
      vertex -38.1613 12.954 6
      vertex -52.0812 17.6792 6
      vertex -38.9268 10.4304 6
    endloop
  endfacet
  facet normal 0 0 1
    outer loop
      vertex -34.9008 -20.15 6
      vertex -47.6314 -27.5 6
      vertex -37.3352 -31.2541 6
    endloop
  endfacet
  facet normal 0 -0 1
    outer loop
      vertex -48.5 4.3 6
      vertex -38.9268 10.4304 6
      vertex -53.1259 14.235 6
    endloop
  endfacet
  facet normal 0 0 1
    outer loop
      vertex -39.4566 -33.3754 6
      vertex -43.6344 -33.4819 6
      vertex -41.3512 -36.264 6
    endloop
  endfacet
  facet normal 0 0 1
    outer loop
      vertex -39.4566 -33.3754 6
      vertex -45.7308 -30.5564 6
      vertex -43.6344 -33.4819 6
    endloop
  endfacet
  facet normal 0 0 1
    outer loop
      vertex -38.9268 10.4304 6
      vertex -48.5 4.3 6
      vertex -39.5256 7.86214 6
    endloop
  endfacet
  facet normal 0 0 1
    outer loop
      vertex -40.2137 2.63575 6
      vertex -48.5 4.3 6
      vertex -40.3 0 6
    endloop
  endfacet
  facet normal 0 0 1
    outer loop
      vertex -39.9552 5.26021 6
      vertex -48.5 4.3 6
      vertex -40.2137 2.63575 6
    endloop
  endfacet
  facet normal -0 0 1
    outer loop
      vertex -53.9432 10.73 6
      vertex -48.5 4.3 6
      vertex -53.1259 14.235 6
    endloop
  endfacet
  facet normal 0 0 1
    outer loop
      vertex -39.5256 7.86214 6
      vertex -48.5 4.3 6
      vertex -39.9552 5.26021 6
    endloop
  endfacet
  facet normal 0 0 1
    outer loop
      vertex -37.3352 -31.2541 6
      vertex -45.7308 -30.5564 6
      vertex -39.4566 -33.3754 6
    endloop
  endfacet
  facet normal -0 -0 1
    outer loop
      vertex -45.7308 -30.5564 6
      vertex -37.3352 -31.2541 6
      vertex -47.6314 -27.5 6
    endloop
  endfacet
  facet normal 0 0 1
    outer loop
      vertex -37.2323 -15.4221 6
      vertex -50.8134 -21.0476 6
      vertex -49.328 -24.3259 6
    endloop
  endfacet
  facet normal 0 0 1
    outer loop
      vertex -53.9432 -10.73 6
      vertex -48.5 -4.3 6
      vertex -51.5 -4.3 6
    endloop
  endfacet
  facet normal 0 0 1
    outer loop
      vertex -38.1613 -12.954 6
      vertex -52.0812 -17.6792 6
      vertex -50.8134 -21.0476 6
    endloop
  endfacet
  facet normal 0 0 1
    outer loop
      vertex -48.5 4.3 6
      vertex -53.9432 10.73 6
      vertex -51.5 4.3 6
    endloop
  endfacet
  facet normal -0 0 1
    outer loop
      vertex -54.5295 7.17894 6
      vertex -51.5 4.3 6
      vertex -53.9432 10.73 6
    endloop
  endfacet
  facet normal 0 0 1
    outer loop
      vertex -38.9268 -10.4304 6
      vertex -53.1259 -14.235 6
      vertex -52.0812 -17.6792 6
    endloop
  endfacet
  facet normal 0 0 1
    outer loop
      vertex -54.8822 3.59717 6
      vertex -51.5 4.3 6
      vertex -54.5295 7.17894 6
    endloop
  endfacet
  facet normal 0 0 1
    outer loop
      vertex -48.5 -4.3 6
      vertex -53.9432 -10.73 6
      vertex -53.1259 -14.235 6
    endloop
  endfacet
  facet normal 0 0 1
    outer loop
      vertex -55 0 6
      vertex -51.5 4.3 6
      vertex -54.8822 3.59717 6
    endloop
  endfacet
  facet normal 0 0 1
    outer loop
      vertex -51.5 -4.3 6
      vertex -54.5295 -7.17894 6
      vertex -53.9432 -10.73 6
    endloop
  endfacet
  facet normal 0 0 1
    outer loop
      vertex -51.5 4.3 6
      vertex -55 0 6
      vertex -51.5 -4.3 6
    endloop
  endfacet
  facet normal 0 0 1
    outer loop
      vertex -51.5 -4.3 6
      vertex -54.8822 -3.59717 6
      vertex -54.5295 -7.17894 6
    endloop
  endfacet
  facet normal 0 0 1
    outer loop
      vertex -51.5 -4.3 6
      vertex -55 0 6
      vertex -54.8822 -3.59717 6
    endloop
  endfacet
  facet normal -0 0 1
    outer loop
      vertex 2.63575 -40.2137 6
      vertex 4.3 -48.5 6
      vertex 5.26021 -39.9552 6
    endloop
  endfacet
  facet normal -0 0 1
    outer loop
      vertex 0 -40.3 6
      vertex 4.3 -48.5 6
      vertex 2.63575 -40.2137 6
    endloop
  endfacet
  facet normal 0 0 1
    outer loop
      vertex -4.3 -48.5 6
      vertex 0 -40.3 6
      vertex -2.63575 -40.2137 6
    endloop
  endfacet
  facet normal 0 0 1
    outer loop
      vertex 0 -40.3 6
      vertex -4.3 -48.5 6
      vertex 4.3 -48.5 6
    endloop
  endfacet
  facet normal 0 0 1
    outer loop
      vertex -7.86214 -39.5256 6
      vertex -4.3 -48.5 6
      vertex -5.26021 -39.9552 6
    endloop
  endfacet
  facet normal 0 0 1
    outer loop
      vertex -5.26021 -39.9552 6
      vertex -4.3 -48.5 6
      vertex -2.63575 -40.2137 6
    endloop
  endfacet
  facet normal 0 0 1
    outer loop
      vertex 7.86214 39.5256 6
      vertex 4.3 48.5 6
      vertex 5.26021 39.9552 6
    endloop
  endfacet
  facet normal 0 0 1
    outer loop
      vertex 4.3 48.5 6
      vertex 2.63575 40.2137 6
      vertex 5.26021 39.9552 6
    endloop
  endfacet
  facet normal 0 0 1
    outer loop
      vertex 4.3 48.5 6
      vertex 0 40.3 6
      vertex 2.63575 40.2137 6
    endloop
  endfacet
  facet normal -0 0 1
    outer loop
      vertex -4.3 48.5 6
      vertex 0 40.3 6
      vertex 4.3 48.5 6
    endloop
  endfacet
  facet normal 0 0 1
    outer loop
      vertex 0 40.3 6
      vertex -4.3 48.5 6
      vertex -2.63575 40.2137 6
    endloop
  endfacet
  facet normal 0 0 1
    outer loop
      vertex -2.63575 40.2137 6
      vertex -4.3 48.5 6
      vertex -5.26021 39.9552 6
    endloop
  endfacet
  facet normal 0 0 1
    outer loop
      vertex 45.5722 -13.4545 6
      vertex 37.2323 -15.4221 6
      vertex 36.144 -17.8242 6
    endloop
  endfacet
  facet normal 0 0 1
    outer loop
      vertex 43.6344 -33.4819 6
      vertex 39.4566 -33.3754 6
      vertex 41.3512 -36.264 6
    endloop
  endfacet
  facet normal 0 -0 1
    outer loop
      vertex 37.3352 -31.2541 6
      vertex 47.6314 -27.5 6
      vertex 34.9008 -20.15 6
    endloop
  endfacet
  facet normal 0 0 1
    outer loop
      vertex 47.6314 -27.5 6
      vertex 37.3352 -31.2541 6
      vertex 45.7308 -30.5564 6
    endloop
  endfacet
  facet normal 0 0 1
    outer loop
      vertex 45.7308 -30.5564 6
      vertex 39.4566 -33.3754 6
      vertex 43.6344 -33.4819 6
    endloop
  endfacet
  facet normal 0 -0 1
    outer loop
      vertex 39.4566 -33.3754 6
      vertex 45.7308 -30.5564 6
      vertex 37.3352 -31.2541 6
    endloop
  endfacet
  facet normal -0 0 1
    outer loop
      vertex 33.5082 -22.3895 6
      vertex 37.3352 -31.2541 6
      vertex 34.9008 -20.15 6
    endloop
  endfacet
  facet normal -0 0 1
    outer loop
      vertex 31.9721 -24.5331 6
      vertex 37.3352 -31.2541 6
      vertex 33.5082 -22.3895 6
    endloop
  endfacet
  facet normal -0 0 1
    outer loop
      vertex 30.2991 -26.5716 6
      vertex 37.3352 -31.2541 6
      vertex 31.9721 -24.5331 6
    endloop
  endfacet
  facet normal -0 0 1
    outer loop
      vertex 28.4964 -28.4964 6
      vertex 37.3352 -31.2541 6
      vertex 30.2991 -26.5716 6
    endloop
  endfacet
  facet normal 0 0 1
    outer loop
      vertex 37.3352 -31.2541 6
      vertex 28.4964 -28.4964 6
      vertex 31.2541 -37.3352 6
    endloop
  endfacet
  facet normal -0 0 1
    outer loop
      vertex 26.5716 -30.2991 6
      vertex 31.2541 -37.3352 6
      vertex 28.4964 -28.4964 6
    endloop
  endfacet
  facet normal -0 0 1
    outer loop
      vertex 24.5331 -31.9721 6
      vertex 31.2541 -37.3352 6
      vertex 26.5716 -30.2991 6
    endloop
  endfacet
  facet normal -0 0 1
    outer loop
      vertex 22.3895 -33.5082 6
      vertex 31.2541 -37.3352 6
      vertex 24.5331 -31.9721 6
    endloop
  endfacet
  facet normal -0 0 1
    outer loop
      vertex 20.15 -34.9008 6
      vertex 31.2541 -37.3352 6
      vertex 22.3895 -33.5082 6
    endloop
  endfacet
  facet normal 0 0 1
    outer loop
      vertex 31.2541 -37.3352 6
      vertex 27.5 -47.6314 6
      vertex 30.5564 -45.7308 6
    endloop
  endfacet
  facet normal 0 0 1
    outer loop
      vertex 31.2541 -37.3352 6
      vertex 20.15 -34.9008 6
      vertex 27.5 -47.6314 6
    endloop
  endfacet
  facet normal 0 0 1
    outer loop
      vertex 27.5 -47.6314 6
      vertex 20.15 -34.9008 6
      vertex 24.3259 -49.328 6
    endloop
  endfacet
  facet normal -0 0 1
    outer loop
      vertex 17.8242 -36.144 6
      vertex 24.3259 -49.328 6
      vertex 20.15 -34.9008 6
    endloop
  endfacet
  facet normal 0 0 1
    outer loop
      vertex 24.3259 -49.328 6
      vertex 17.8242 -36.144 6
      vertex 21.0476 -50.8134 6
    endloop
  endfacet
  facet normal -0 0 1
    outer loop
      vertex 15.4221 -37.2323 6
      vertex 21.0476 -50.8134 6
      vertex 17.8242 -36.144 6
    endloop
  endfacet
  facet normal 0 0 1
    outer loop
      vertex 21.0476 -50.8134 6
      vertex 15.4221 -37.2323 6
      vertex 17.6792 -52.0812 6
    endloop
  endfacet
  facet normal -0 0 1
    outer loop
      vertex 12.954 -38.1613 6
      vertex 17.6792 -52.0812 6
      vertex 15.4221 -37.2323 6
    endloop
  endfacet
  facet normal 0 0 1
    outer loop
      vertex 17.6792 -52.0812 6
      vertex 12.954 -38.1613 6
      vertex 14.235 -53.1259 6
    endloop
  endfacet
  facet normal -0 0 1
    outer loop
      vertex 10.4304 -38.9268 6
      vertex 14.235 -53.1259 6
      vertex 12.954 -38.1613 6
    endloop
  endfacet
  facet normal -0 0 1
    outer loop
      vertex 4.3 -48.5 6
      vertex 14.235 -53.1259 6
      vertex 10.4304 -38.9268 6
    endloop
  endfacet
  facet normal 0 0 1
    outer loop
      vertex 4.3 -48.5 6
      vertex 10.4304 -38.9268 6
      vertex 7.86214 -39.5256 6
    endloop
  endfacet
  facet normal 0 0 1
    outer loop
      vertex 14.235 -53.1259 6
      vertex 4.3 -48.5 6
      vertex 10.73 -53.9432 6
    endloop
  endfacet
  facet normal 0 0 1
    outer loop
      vertex 4.3 -48.5 6
      vertex 7.86214 -39.5256 6
      vertex 5.26021 -39.9552 6
    endloop
  endfacet
  facet normal -0 0 1
    outer loop
      vertex 4.3 -51.5 6
      vertex 10.73 -53.9432 6
      vertex 4.3 -48.5 6
    endloop
  endfacet
  facet normal 0 0 1
    outer loop
      vertex 10.73 -53.9432 6
      vertex 4.3 -51.5 6
      vertex 7.17894 -54.5295 6
    endloop
  endfacet
  facet normal 0 0 1
    outer loop
      vertex 4.3 -51.5 6
      vertex 3.59717 -54.8822 6
      vertex 7.17894 -54.5295 6
    endloop
  endfacet
  facet normal 0 0 1
    outer loop
      vertex 4.3 -51.5 6
      vertex 0 -55 6
      vertex 3.59717 -54.8822 6
    endloop
  endfacet
  facet normal -0 0 1
    outer loop
      vertex -4.3 -51.5 6
      vertex 0 -55 6
      vertex 4.3 -51.5 6
    endloop
  endfacet
  facet normal 0 0 1
    outer loop
      vertex 0 -55 6
      vertex -4.3 -51.5 6
      vertex -3.59717 -54.8822 6
    endloop
  endfacet
  facet normal 0 0 1
    outer loop
      vertex -4.3 -51.5 6
      vertex -7.17894 -54.5295 6
      vertex -3.59717 -54.8822 6
    endloop
  endfacet
  facet normal 0 0 1
    outer loop
      vertex -10.4304 -38.9268 6
      vertex -4.3 -48.5 6
      vertex -7.86214 -39.5256 6
    endloop
  endfacet
  facet normal 0 0 1
    outer loop
      vertex -4.3 -48.5 6
      vertex -10.73 -53.9432 6
      vertex -4.3 -51.5 6
    endloop
  endfacet
  facet normal 0 0 1
    outer loop
      vertex -14.235 -53.1259 6
      vertex -4.3 -48.5 6
      vertex -10.4304 -38.9268 6
    endloop
  endfacet
  facet normal 0 0 1
    outer loop
      vertex -4.3 -51.5 6
      vertex -10.73 -53.9432 6
      vertex -7.17894 -54.5295 6
    endloop
  endfacet
  facet normal 0 0 1
    outer loop
      vertex -14.235 -53.1259 6
      vertex -10.4304 -38.9268 6
      vertex -12.954 -38.1613 6
    endloop
  endfacet
  facet normal 0 0 1
    outer loop
      vertex -4.3 -48.5 6
      vertex -14.235 -53.1259 6
      vertex -10.73 -53.9432 6
    endloop
  endfacet
  facet normal 0 0 1
    outer loop
      vertex -22.7107 -41.7382 6
      vertex -12.954 -38.1613 6
      vertex -15.4221 -37.2323 6
    endloop
  endfacet
  facet normal 0 0 1
    outer loop
      vertex -12.954 -38.1613 6
      vertex -17.6792 -52.0812 6
      vertex -14.235 -53.1259 6
    endloop
  endfacet
  facet normal 0 0 1
    outer loop
      vertex -22.4552 -40.1909 6
      vertex -15.4221 -37.2323 6
      vertex -17.8242 -36.144 6
    endloop
  endfacet
  facet normal 0 0 1
    outer loop
      vertex -22.4552 -39.1444 6
      vertex -17.8242 -36.144 6
      vertex -20.15 -34.9008 6
    endloop
  endfacet
  facet normal 0 0 1
    outer loop
      vertex -15.4221 -37.2323 6
      vertex -22.5065 -40.7119 6
      vertex -22.5918 -41.2284 6
    endloop
  endfacet
  facet normal 0 0 1
    outer loop
      vertex -23.2631 -36.1294 6
      vertex -20.15 -34.9008 6
      vertex -22.3895 -33.5082 6
    endloop
  endfacet
  facet normal 0 0 1
    outer loop
      vertex -17.8242 -36.144 6
      vertex -22.4381 -39.6677 6
      vertex -22.4552 -40.1909 6
    endloop
  endfacet
  facet normal 0 0 1
    outer loop
      vertex -15.4221 -37.2323 6
      vertex -22.4552 -40.1909 6
      vertex -22.5065 -40.7119 6
    endloop
  endfacet
  facet normal 0 0 1
    outer loop
      vertex -15.4221 -37.2323 6
      vertex -22.5918 -41.2284 6
      vertex -22.7107 -41.7382 6
    endloop
  endfacet
  facet normal 0 0 1
    outer loop
      vertex -12.954 -38.1613 6
      vertex -22.7107 -41.7382 6
      vertex -22.8626 -42.2392 6
    endloop
  endfacet
  facet normal 0 0 1
    outer loop
      vertex -12.954 -38.1613 6
      vertex -22.8626 -42.2392 6
      vertex -17.6792 -52.0812 6
    endloop
  endfacet
  facet normal -0 0 1
    outer loop
      vertex -23.047 -42.7291 6
      vertex -17.6792 -52.0812 6
      vertex -22.8626 -42.2392 6
    endloop
  endfacet
  facet normal 0 0 1
    outer loop
      vertex -17.6792 -52.0812 6
      vertex -23.047 -42.7291 6
      vertex -21.0476 -50.8134 6
    endloop
  endfacet
  facet normal -0 0 1
    outer loop
      vertex -23.2631 -43.206 6
      vertex -21.0476 -50.8134 6
      vertex -23.047 -42.7291 6
    endloop
  endfacet
  facet normal -0 0 1
    outer loop
      vertex -23.5099 -43.6677 6
      vertex -21.0476 -50.8134 6
      vertex -23.2631 -43.206 6
    endloop
  endfacet
  facet normal -0 0 1
    outer loop
      vertex -23.7863 -44.1122 6
      vertex -21.0476 -50.8134 6
      vertex -23.5099 -43.6677 6
    endloop
  endfacet
  facet normal -0 0 1
    outer loop
      vertex -24.0912 -44.5378 6
      vertex -21.0476 -50.8134 6
      vertex -23.7863 -44.1122 6
    endloop
  endfacet
  facet normal 0 0 1
    outer loop
      vertex -24.0912 -44.5378 6
      vertex -24.3259 -49.328 6
      vertex -21.0476 -50.8134 6
    endloop
  endfacet
  facet normal -0 0 1
    outer loop
      vertex -24.4234 -44.9424 6
      vertex -24.3259 -49.328 6
      vertex -24.0912 -44.5378 6
    endloop
  endfacet
  facet normal -0 0 1
    outer loop
      vertex -24.7812 -45.3245 6
      vertex -24.3259 -49.328 6
      vertex -24.4234 -44.9424 6
    endloop
  endfacet
  facet normal -0 0 1
    outer loop
      vertex -25.1633 -45.6824 6
      vertex -24.3259 -49.328 6
      vertex -24.7812 -45.3245 6
    endloop
  endfacet
  facet normal -0 0 1
    outer loop
      vertex -25.568 -46.0145 6
      vertex -24.3259 -49.328 6
      vertex -25.1633 -45.6824 6
    endloop
  endfacet
  facet normal -0 0 1
    outer loop
      vertex -25.9935 -46.3194 6
      vertex -24.3259 -49.328 6
      vertex -25.568 -46.0145 6
    endloop
  endfacet
  facet normal -0 0 1
    outer loop
      vertex -26.4381 -46.5959 6
      vertex -24.3259 -49.328 6
      vertex -25.9935 -46.3194 6
    endloop
  endfacet
  facet normal -0 0 1
    outer loop
      vertex -26.8998 -46.8426 6
      vertex -24.3259 -49.328 6
      vertex -26.4381 -46.5959 6
    endloop
  endfacet
  facet normal 0 0 1
    outer loop
      vertex -27.5 -47.6314 6
      vertex -26.8998 -46.8426 6
      vertex -27.3766 -47.0587 6
    endloop
  endfacet
  facet normal 0 0 1
    outer loop
      vertex -26.8998 -46.8426 6
      vertex -27.5 -47.6314 6
      vertex -24.3259 -49.328 6
    endloop
  endfacet
  facet normal -0 0 1
    outer loop
      vertex -27.8666 -47.2431 6
      vertex -27.5 -47.6314 6
      vertex -27.3766 -47.0587 6
    endloop
  endfacet
  facet normal 0 0 1
    outer loop
      vertex -27.5 -47.6314 6
      vertex -27.8666 -47.2431 6
      vertex -28.0399 -47.2957 6
    endloop
  endfacet
  facet normal 0 0 1
    outer loop
      vertex 41.5894 -6.00308 6
      vertex 39.9552 -5.26021 6
      vertex 41.5722 -6.52631 6
    endloop
  endfacet
  facet normal 0 0 1
    outer loop
      vertex 39.5256 -7.86214 6
      vertex 41.5722 -6.52631 6
      vertex 39.9552 -5.26021 6
    endloop
  endfacet
  facet normal 0 0 1
    outer loop
      vertex 41.9968 -9.09783 6
      vertex 39.5256 -7.86214 6
      vertex 38.9268 -10.4304 6
    endloop
  endfacet
  facet normal 0 0 1
    outer loop
      vertex 42.9205 -10.9709 6
      vertex 38.9268 -10.4304 6
      vertex 38.1613 -12.954 6
    endloop
  endfacet
  facet normal 0 0 1
    outer loop
      vertex 39.4566 -33.3754 6
      vertex 38.8909 -38.8909 6
      vertex 41.3512 -36.264 6
    endloop
  endfacet
  facet normal 0 0 1
    outer loop
      vertex 33.3754 -39.4566 6
      vertex 38.8909 -38.8909 6
      vertex 39.4566 -33.3754 6
    endloop
  endfacet
  facet normal 0 0 1
    outer loop
      vertex 38.8909 -38.8909 6
      vertex 33.3754 -39.4566 6
      vertex 36.264 -41.3512 6
    endloop
  endfacet
  facet normal 0 0 1
    outer loop
      vertex 36.264 -41.3512 6
      vertex 33.3754 -39.4566 6
      vertex 33.4819 -43.6344 6
    endloop
  endfacet
  facet normal 0 0 1
    outer loop
      vertex 30.5564 -45.7308 6
      vertex 33.3754 -39.4566 6
      vertex 31.2541 -37.3352 6
    endloop
  endfacet
  facet normal 0 0 1
    outer loop
      vertex 33.3754 -39.4566 6
      vertex 30.5564 -45.7308 6
      vertex 33.4819 -43.6344 6
    endloop
  endfacet
  facet normal 0 0 1
    outer loop
      vertex 41.3512 36.264 6
      vertex 38.9268 10.4304 6
      vertex 39.5256 7.86214 6
    endloop
  endfacet
  facet normal 0 0 1
    outer loop
      vertex 41.3512 36.264 6
      vertex 38.1613 12.954 6
      vertex 38.9268 10.4304 6
    endloop
  endfacet
  facet normal 0 0 1
    outer loop
      vertex 36.144 17.8242 6
      vertex 39.4566 33.3754 6
      vertex 37.3352 31.2541 6
    endloop
  endfacet
  facet normal 0 0 1
    outer loop
      vertex 39.4566 33.3754 6
      vertex 37.2323 15.4221 6
      vertex 38.1613 12.954 6
    endloop
  endfacet
  facet normal 0 0 1
    outer loop
      vertex 39.4566 33.3754 6
      vertex 36.144 17.8242 6
      vertex 37.2323 15.4221 6
    endloop
  endfacet
  facet normal 0 0 1
    outer loop
      vertex 37.3352 31.2541 6
      vertex 34.9008 20.15 6
      vertex 36.144 17.8242 6
    endloop
  endfacet
  facet normal 0 0 1
    outer loop
      vertex 37.3352 31.2541 6
      vertex 33.5082 22.3895 6
      vertex 34.9008 20.15 6
    endloop
  endfacet
  facet normal 0 0 1
    outer loop
      vertex 37.3352 31.2541 6
      vertex 31.9721 24.5331 6
      vertex 33.5082 22.3895 6
    endloop
  endfacet
  facet normal 0 0 1
    outer loop
      vertex 28.4964 28.4964 6
      vertex 37.3352 31.2541 6
      vertex 31.2541 37.3352 6
    endloop
  endfacet
  facet normal 0 0 1
    outer loop
      vertex 27.5 47.6314 6
      vertex 31.2541 37.3352 6
      vertex 30.5564 45.7308 6
    endloop
  endfacet
  facet normal 0 0 1
    outer loop
      vertex 37.3352 31.2541 6
      vertex 30.2991 26.5716 6
      vertex 31.9721 24.5331 6
    endloop
  endfacet
  facet normal 0 0 1
    outer loop
      vertex 37.3352 31.2541 6
      vertex 28.4964 28.4964 6
      vertex 30.2991 26.5716 6
    endloop
  endfacet
  facet normal 0 0 1
    outer loop
      vertex 20.15 34.9008 6
      vertex 31.2541 37.3352 6
      vertex 27.5 47.6314 6
    endloop
  endfacet
  facet normal 0 0 1
    outer loop
      vertex 31.2541 37.3352 6
      vertex 26.5716 30.2991 6
      vertex 28.4964 28.4964 6
    endloop
  endfacet
  facet normal 0 0 1
    outer loop
      vertex 31.2541 37.3352 6
      vertex 24.5331 31.9721 6
      vertex 26.5716 30.2991 6
    endloop
  endfacet
  facet normal 0 0 1
    outer loop
      vertex 20.15 34.9008 6
      vertex 27.5 47.6314 6
      vertex 24.3259 49.328 6
    endloop
  endfacet
  facet normal 0 0 1
    outer loop
      vertex 31.2541 37.3352 6
      vertex 22.3895 33.5082 6
      vertex 24.5331 31.9721 6
    endloop
  endfacet
  facet normal 0 0 1
    outer loop
      vertex 17.8242 36.144 6
      vertex 24.3259 49.328 6
      vertex 21.0476 50.8134 6
    endloop
  endfacet
  facet normal 0 0 1
    outer loop
      vertex 31.2541 37.3352 6
      vertex 20.15 34.9008 6
      vertex 22.3895 33.5082 6
    endloop
  endfacet
  facet normal 0 0 1
    outer loop
      vertex 24.3259 49.328 6
      vertex 17.8242 36.144 6
      vertex 20.15 34.9008 6
    endloop
  endfacet
  facet normal 0 0 1
    outer loop
      vertex 15.4221 37.2323 6
      vertex 21.0476 50.8134 6
      vertex 17.6792 52.0812 6
    endloop
  endfacet
  facet normal 0 0 1
    outer loop
      vertex 21.0476 50.8134 6
      vertex 15.4221 37.2323 6
      vertex 17.8242 36.144 6
    endloop
  endfacet
  facet normal 0 0 1
    outer loop
      vertex 12.954 38.1613 6
      vertex 17.6792 52.0812 6
      vertex 14.235 53.1259 6
    endloop
  endfacet
  facet normal 0 0 1
    outer loop
      vertex 17.6792 52.0812 6
      vertex 12.954 38.1613 6
      vertex 15.4221 37.2323 6
    endloop
  endfacet
  facet normal 0 0 1
    outer loop
      vertex 4.3 48.5 6
      vertex 14.235 53.1259 6
      vertex 10.73 53.9432 6
    endloop
  endfacet
  facet normal 0 0 1
    outer loop
      vertex 14.235 53.1259 6
      vertex 10.4304 38.9268 6
      vertex 12.954 38.1613 6
    endloop
  endfacet
  facet normal 0 0 1
    outer loop
      vertex 14.235 53.1259 6
      vertex 4.3 48.5 6
      vertex 10.4304 38.9268 6
    endloop
  endfacet
  facet normal 0 0 1
    outer loop
      vertex 4.3 51.5 6
      vertex 10.73 53.9432 6
      vertex 7.17894 54.5295 6
    endloop
  endfacet
  facet normal 0 0 1
    outer loop
      vertex 4.3 48.5 6
      vertex 10.73 53.9432 6
      vertex 4.3 51.5 6
    endloop
  endfacet
  facet normal 0 0 1
    outer loop
      vertex 10.4304 38.9268 6
      vertex 4.3 48.5 6
      vertex 7.86214 39.5256 6
    endloop
  endfacet
  facet normal 0 0 1
    outer loop
      vertex 3.59717 54.8822 6
      vertex 4.3 51.5 6
      vertex 7.17894 54.5295 6
    endloop
  endfacet
  facet normal 0 0 1
    outer loop
      vertex 0 55 6
      vertex 4.3 51.5 6
      vertex 3.59717 54.8822 6
    endloop
  endfacet
  facet normal 0 0 1
    outer loop
      vertex -4.3 51.5 6
      vertex 0 55 6
      vertex -3.59717 54.8822 6
    endloop
  endfacet
  facet normal 0 0 1
    outer loop
      vertex 0 55 6
      vertex -4.3 51.5 6
      vertex 4.3 51.5 6
    endloop
  endfacet
  facet normal 0 0 1
    outer loop
      vertex -7.17894 54.5295 6
      vertex -11.7431 49.2554 6
      vertex -4.3 51.5 6
    endloop
  endfacet
  facet normal -0 0 1
    outer loop
      vertex -7.17894 54.5295 6
      vertex -4.3 51.5 6
      vertex -3.59717 54.8822 6
    endloop
  endfacet
  facet normal 0 0 1
    outer loop
      vertex -11.7431 49.2554 6
      vertex -7.17894 54.5295 6
      vertex -10.73 53.9432 6
    endloop
  endfacet
  facet normal 0 0 1
    outer loop
      vertex -11.1513 45.6708 6
      vertex -4.3 48.5 6
      vertex -11.1342 46.194 6
    endloop
  endfacet
  facet normal 0 0 1
    outer loop
      vertex -11.2026 45.1498 6
      vertex -4.3 48.5 6
      vertex -11.1513 45.6708 6
    endloop
  endfacet
  facet normal 0 0 1
    outer loop
      vertex -4.3 51.5 6
      vertex -11.1513 46.7172 6
      vertex -4.3 48.5 6
    endloop
  endfacet
  facet normal 0 0 1
    outer loop
      vertex -4.3 48.5 6
      vertex -11.2026 45.1498 6
      vertex -5.26021 39.9552 6
    endloop
  endfacet
  facet normal -0 0 1
    outer loop
      vertex -11.2879 44.6333 6
      vertex -5.26021 39.9552 6
      vertex -11.2026 45.1498 6
    endloop
  endfacet
  facet normal 0 0 1
    outer loop
      vertex -5.26021 39.9552 6
      vertex -11.2879 44.6333 6
      vertex -7.86214 39.5256 6
    endloop
  endfacet
  facet normal -0 0 1
    outer loop
      vertex -11.4068 44.1234 6
      vertex -7.86214 39.5256 6
      vertex -11.2879 44.6333 6
    endloop
  endfacet
  facet normal -0 0 1
    outer loop
      vertex -11.5587 43.6225 6
      vertex -7.86214 39.5256 6
      vertex -11.4068 44.1234 6
    endloop
  endfacet
  facet normal -0 0 1
    outer loop
      vertex -11.7431 43.1325 6
      vertex -7.86214 39.5256 6
      vertex -11.5587 43.6225 6
    endloop
  endfacet
  facet normal -0 0 1
    outer loop
      vertex -11.9592 42.6557 6
      vertex -7.86214 39.5256 6
      vertex -11.7431 43.1325 6
    endloop
  endfacet
  facet normal 0 0 1
    outer loop
      vertex -7.86214 39.5256 6
      vertex -11.9592 42.6557 6
      vertex -10.4304 38.9268 6
    endloop
  endfacet
  facet normal -0 0 1
    outer loop
      vertex -12.206 42.194 6
      vertex -10.4304 38.9268 6
      vertex -11.9592 42.6557 6
    endloop
  endfacet
  facet normal -0 0 1
    outer loop
      vertex -12.4824 41.7494 6
      vertex -10.4304 38.9268 6
      vertex -12.206 42.194 6
    endloop
  endfacet
  facet normal -0 0 1
    outer loop
      vertex -12.7873 41.3239 6
      vertex -10.4304 38.9268 6
      vertex -12.4824 41.7494 6
    endloop
  endfacet
  facet normal -0 0 1
    outer loop
      vertex -13.1195 40.9192 6
      vertex -10.4304 38.9268 6
      vertex -12.7873 41.3239 6
    endloop
  endfacet
  facet normal 0 0 1
    outer loop
      vertex -10.4304 38.9268 6
      vertex -13.1195 40.9192 6
      vertex -12.954 38.1613 6
    endloop
  endfacet
  facet normal -0 0 1
    outer loop
      vertex -13.4773 40.5371 6
      vertex -12.954 38.1613 6
      vertex -13.1195 40.9192 6
    endloop
  endfacet
  facet normal -0 0 1
    outer loop
      vertex -13.8594 40.1793 6
      vertex -12.954 38.1613 6
      vertex -13.4773 40.5371 6
    endloop
  endfacet
  facet normal -0 0 1
    outer loop
      vertex -14.2641 39.8471 6
      vertex -12.954 38.1613 6
      vertex -13.8594 40.1793 6
    endloop
  endfacet
  facet normal -0 0 1
    outer loop
      vertex -14.6896 39.5422 6
      vertex -12.954 38.1613 6
      vertex -14.2641 39.8471 6
    endloop
  endfacet
  facet normal -0 0 1
    outer loop
      vertex -15.1342 39.2658 6
      vertex -12.954 38.1613 6
      vertex -14.6896 39.5422 6
    endloop
  endfacet
  facet normal 0 0 1
    outer loop
      vertex -15.1342 39.2658 6
      vertex -15.4221 37.2323 6
      vertex -12.954 38.1613 6
    endloop
  endfacet
  facet normal -0 0 1
    outer loop
      vertex -15.5959 39.019 6
      vertex -15.4221 37.2323 6
      vertex -15.1342 39.2658 6
    endloop
  endfacet
  facet normal -0 0 1
    outer loop
      vertex -16.0727 38.8029 6
      vertex -15.4221 37.2323 6
      vertex -15.5959 39.019 6
    endloop
  endfacet
  facet normal -0 0 1
    outer loop
      vertex -16.5627 38.6185 6
      vertex -15.4221 37.2323 6
      vertex -16.0727 38.8029 6
    endloop
  endfacet
  facet normal -0 0 1
    outer loop
      vertex -17.0636 38.4666 6
      vertex -15.4221 37.2323 6
      vertex -16.5627 38.6185 6
    endloop
  endfacet
  facet normal 0 0 1
    outer loop
      vertex -17.8242 36.144 6
      vertex -17.0636 38.4666 6
      vertex -17.5734 38.3477 6
    endloop
  endfacet
  facet normal 0 0 1
    outer loop
      vertex -17.0636 38.4666 6
      vertex -17.8242 36.144 6
      vertex -15.4221 37.2323 6
    endloop
  endfacet
  facet normal -0 0 1
    outer loop
      vertex -18.09 38.2624 6
      vertex -17.8242 36.144 6
      vertex -17.5734 38.3477 6
    endloop
  endfacet
  facet normal -0 0 1
    outer loop
      vertex -18.6109 38.2111 6
      vertex -17.8242 36.144 6
      vertex -18.09 38.2624 6
    endloop
  endfacet
  facet normal -0 0 1
    outer loop
      vertex -19.1342 38.194 6
      vertex -17.8242 36.144 6
      vertex -18.6109 38.2111 6
    endloop
  endfacet
  facet normal 0 0 1
    outer loop
      vertex -19.6574 38.2111 6
      vertex -17.8242 36.144 6
      vertex -19.1342 38.194 6
    endloop
  endfacet
  facet normal 0 0 1
    outer loop
      vertex -19.6574 38.2111 6
      vertex -20.15 34.9008 6
      vertex -17.8242 36.144 6
    endloop
  endfacet
  facet normal 0 0 1
    outer loop
      vertex -20.1784 38.2624 6
      vertex -20.15 34.9008 6
      vertex -19.6574 38.2111 6
    endloop
  endfacet
  facet normal 0 0 1
    outer loop
      vertex -20.6949 38.3477 6
      vertex -20.15 34.9008 6
      vertex -20.1784 38.2624 6
    endloop
  endfacet
  facet normal 0 0 1
    outer loop
      vertex -21.2047 38.4666 6
      vertex -20.15 34.9008 6
      vertex -20.6949 38.3477 6
    endloop
  endfacet
  facet normal 0 0 1
    outer loop
      vertex -21.7057 38.6185 6
      vertex -20.15 34.9008 6
      vertex -21.2047 38.4666 6
    endloop
  endfacet
  facet normal 0 0 1
    outer loop
      vertex -22.3895 33.5082 6
      vertex -21.7057 38.6185 6
      vertex -22.1956 38.8029 6
    endloop
  endfacet
  facet normal 0 0 1
    outer loop
      vertex -21.7057 38.6185 6
      vertex -22.3895 33.5082 6
      vertex -20.15 34.9008 6
    endloop
  endfacet
  facet normal 0 0 1
    outer loop
      vertex -22.6725 39.019 6
      vertex -22.3895 33.5082 6
      vertex -22.1956 38.8029 6
    endloop
  endfacet
  facet normal 0 0 1
    outer loop
      vertex -23.1342 39.2658 6
      vertex -22.3895 33.5082 6
      vertex -22.6725 39.019 6
    endloop
  endfacet
  facet normal 0 0 1
    outer loop
      vertex -23.5787 39.5422 6
      vertex -22.3895 33.5082 6
      vertex -23.1342 39.2658 6
    endloop
  endfacet
  facet normal 0 0 1
    outer loop
      vertex -24.5331 31.9721 6
      vertex -23.5787 39.5422 6
      vertex -24.0043 39.8471 6
    endloop
  endfacet
  facet normal 0 0 1
    outer loop
      vertex -31.2541 37.3352 6
      vertex -24.0043 39.8471 6
      vertex -24.4089 40.1793 6
    endloop
  endfacet
  facet normal 0 0 1
    outer loop
      vertex -23.5787 39.5422 6
      vertex -24.5331 31.9721 6
      vertex -22.3895 33.5082 6
    endloop
  endfacet
  facet normal 0 0 1
    outer loop
      vertex -31.2541 37.3352 6
      vertex -24.4089 40.1793 6
      vertex -24.791 40.5371 6
    endloop
  endfacet
  facet normal 0 0 1
    outer loop
      vertex -31.2541 37.3352 6
      vertex -24.791 40.5371 6
      vertex -25.1489 40.9192 6
    endloop
  endfacet
  facet normal 0 0 1
    outer loop
      vertex -31.2541 37.3352 6
      vertex -25.1489 40.9192 6
      vertex -25.481 41.3239 6
    endloop
  endfacet
  facet normal 0 0 1
    outer loop
      vertex -31.2541 37.3352 6
      vertex -25.481 41.3239 6
      vertex -25.7859 41.7494 6
    endloop
  endfacet
  facet normal 0 0 1
    outer loop
      vertex -31.2541 37.3352 6
      vertex -25.7859 41.7494 6
      vertex -26.0624 42.194 6
    endloop
  endfacet
  facet normal 0 0 1
    outer loop
      vertex -31.2541 37.3352 6
      vertex -26.0624 42.194 6
      vertex -26.3092 42.6557 6
    endloop
  endfacet
  facet normal 0 0 1
    outer loop
      vertex -33.3754 39.4566 6
      vertex -26.3092 42.6557 6
      vertex -26.5252 43.1325 6
    endloop
  endfacet
  facet normal 0 0 1
    outer loop
      vertex -24.0043 39.8471 6
      vertex -31.2541 37.3352 6
      vertex -24.5331 31.9721 6
    endloop
  endfacet
  facet normal 0 0 1
    outer loop
      vertex -30.5564 45.7308 6
      vertex -26.5252 43.1325 6
      vertex -26.7096 43.6225 6
    endloop
  endfacet
  facet normal 0 0 1
    outer loop
      vertex -30.5564 45.7308 6
      vertex -26.7096 43.6225 6
      vertex -26.8616 44.1234 6
    endloop
  endfacet
  facet normal 0 0 1
    outer loop
      vertex -30.5564 45.7308 6
      vertex -26.8616 44.1234 6
      vertex -26.9805 44.6333 6
    endloop
  endfacet
  facet normal 0 0 1
    outer loop
      vertex -30.5564 45.7308 6
      vertex -26.9805 44.6333 6
      vertex -27.0657 45.1498 6
    endloop
  endfacet
  facet normal 0 0 1
    outer loop
      vertex -30.5564 45.7308 6
      vertex -27.0657 45.1498 6
      vertex -27.117 45.6708 6
    endloop
  endfacet
  facet normal 0 0 1
    outer loop
      vertex -30.5564 45.7308 6
      vertex -27.1342 46.194 6
      vertex -27.5 47.6314 6
    endloop
  endfacet
  facet normal 0 0 1
    outer loop
      vertex -27.1342 46.194 6
      vertex -30.5564 45.7308 6
      vertex -27.117 45.6708 6
    endloop
  endfacet
  facet normal 0 0 1
    outer loop
      vertex -24.5331 31.9721 6
      vertex -31.2541 37.3352 6
      vertex -26.5716 30.2991 6
    endloop
  endfacet
  facet normal 0 0 1
    outer loop
      vertex -26.5716 30.2991 6
      vertex -31.2541 37.3352 6
      vertex -28.4964 28.4964 6
    endloop
  endfacet
  facet normal -0 0 1
    outer loop
      vertex -33.4819 43.6344 6
      vertex -26.5252 43.1325 6
      vertex -30.5564 45.7308 6
    endloop
  endfacet
  facet normal -0 0 1
    outer loop
      vertex -37.3352 31.2541 6
      vertex -28.4964 28.4964 6
      vertex -31.2541 37.3352 6
    endloop
  endfacet
  facet normal 0 0 1
    outer loop
      vertex -28.4964 28.4964 6
      vertex -37.3352 31.2541 6
      vertex -30.2991 26.5716 6
    endloop
  endfacet
  facet normal 0 0 1
    outer loop
      vertex -30.2991 26.5716 6
      vertex -37.3352 31.2541 6
      vertex -31.9721 24.5331 6
    endloop
  endfacet
  facet normal 0 0 1
    outer loop
      vertex -31.9721 24.5331 6
      vertex -37.3352 31.2541 6
      vertex -33.5082 22.3895 6
    endloop
  endfacet
  facet normal 0 0 1
    outer loop
      vertex -33.5082 22.3895 6
      vertex -37.3352 31.2541 6
      vertex -34.9008 20.15 6
    endloop
  endfacet
  facet normal -0 0 1
    outer loop
      vertex -47.6314 27.5 6
      vertex -34.9008 20.15 6
      vertex -37.3352 31.2541 6
    endloop
  endfacet
  facet normal 0 0 1
    outer loop
      vertex -47.6314 27.5 6
      vertex -37.3352 31.2541 6
      vertex -39.4566 33.3754 6
    endloop
  endfacet
  facet normal 0 0 1
    outer loop
      vertex -34.9008 20.15 6
      vertex -47.6314 27.5 6
      vertex -36.144 17.8242 6
    endloop
  endfacet
  facet normal -0 0 1
    outer loop
      vertex -49.328 24.3259 6
      vertex -36.144 17.8242 6
      vertex -47.6314 27.5 6
    endloop
  endfacet
  facet normal 0 0 1
    outer loop
      vertex -36.144 17.8242 6
      vertex -49.328 24.3259 6
      vertex -37.2323 15.4221 6
    endloop
  endfacet
  facet normal -0 0 1
    outer loop
      vertex -50.8134 21.0476 6
      vertex -37.2323 15.4221 6
      vertex -49.328 24.3259 6
    endloop
  endfacet
  facet normal 0.995187 0.0979969 0
    outer loop
      vertex 54.8822 3.59717 6
      vertex 54.5295 7.17894 0
      vertex 54.5295 7.17894 6
    endloop
  endfacet
  facet normal 0.995187 0.0979969 0
    outer loop
      vertex 54.5295 7.17894 0
      vertex 54.8822 3.59717 6
      vertex 54.8822 3.59717 0
    endloop
  endfacet
  facet normal 0.999464 0.0327304 0
    outer loop
      vertex 55 0 6
      vertex 54.8822 3.59717 0
      vertex 54.8822 3.59717 6
    endloop
  endfacet
  facet normal 0.999464 0.0327304 0
    outer loop
      vertex 54.8822 3.59717 0
      vertex 55 0 6
      vertex 55 0 0
    endloop
  endfacet
  facet normal 0.999465 -0.0327177 0
    outer loop
      vertex 54.9792 -0.635401 6
      vertex 55 0 0
      vertex 55 0 6
    endloop
  endfacet
  facet normal 0.999465 -0.0327177 0
    outer loop
      vertex 55 0 0
      vertex 54.9792 -0.635401 6
      vertex 54.9792 -0.635401 0
    endloop
  endfacet
  facet normal -0.227089 0.973874 0
    outer loop
      vertex -10.73 53.9432 0
      vertex -14.235 53.1259 6
      vertex -10.73 53.9432 6
    endloop
  endfacet
  facet normal -0.227089 0.973874 0
    outer loop
      vertex -14.235 53.1259 6
      vertex -10.73 53.9432 0
      vertex -14.235 53.1259 0
    endloop
  endfacet
  facet normal 0.773012 0.634392 0
    outer loop
      vertex 43.6344 33.4819 6
      vertex 41.3512 36.264 0
      vertex 41.3512 36.264 6
    endloop
  endfacet
  facet normal 0.773012 0.634392 0
    outer loop
      vertex 41.3512 36.264 0
      vertex 43.6344 33.4819 6
      vertex 43.6344 33.4819 0
    endloop
  endfacet
  facet normal 0.412712 -0.910862 0
    outer loop
      vertex 21.0476 -50.8134 0
      vertex 24.3259 -49.328 6
      vertex 21.0476 -50.8134 6
    endloop
  endfacet
  facet normal 0.412712 -0.910862 0
    outer loop
      vertex 24.3259 -49.328 6
      vertex 21.0476 -50.8134 0
      vertex 24.3259 -49.328 0
    endloop
  endfacet
  facet normal 0.227089 -0.973874 0
    outer loop
      vertex 10.73 -53.9432 0
      vertex 14.235 -53.1259 6
      vertex 10.73 -53.9432 6
    endloop
  endfacet
  facet normal 0.227089 -0.973874 0
    outer loop
      vertex 14.235 -53.1259 6
      vertex 10.73 -53.9432 0
      vertex 14.235 -53.1259 0
    endloop
  endfacet
  facet normal -0.1629 -0.986643 0
    outer loop
      vertex -10.73 -53.9432 0
      vertex -7.17894 -54.5295 6
      vertex -10.73 -53.9432 6
    endloop
  endfacet
  facet normal -0.1629 -0.986643 -0
    outer loop
      vertex -7.17894 -54.5295 6
      vertex -10.73 -53.9432 0
      vertex -7.17894 -54.5295 0
    endloop
  endfacet
  facet normal -0.995187 -0.0979969 0
    outer loop
      vertex -54.5295 -7.17894 0
      vertex -54.8822 -3.59717 6
      vertex -54.8822 -3.59717 0
    endloop
  endfacet
  facet normal -0.995187 -0.0979969 0
    outer loop
      vertex -54.8822 -3.59717 6
      vertex -54.5295 -7.17894 0
      vertex -54.5295 -7.17894 6
    endloop
  endfacet
  facet normal 0.88192 -0.471399 0
    outer loop
      vertex 47.6314 -27.5 6
      vertex 49.328 -24.3259 0
      vertex 49.328 -24.3259 6
    endloop
  endfacet
  facet normal 0.88192 -0.471399 0
    outer loop
      vertex 49.328 -24.3259 0
      vertex 47.6314 -27.5 6
      vertex 47.6314 -27.5 0
    endloop
  endfacet
  facet normal 0.973874 0.227089 0
    outer loop
      vertex 53.9432 10.73 6
      vertex 53.1259 14.235 0
      vertex 53.1259 14.235 6
    endloop
  endfacet
  facet normal 0.973874 0.227089 0
    outer loop
      vertex 53.1259 14.235 0
      vertex 53.9432 10.73 6
      vertex 53.9432 10.73 0
    endloop
  endfacet
  facet normal 0.471399 0.88192 -0
    outer loop
      vertex 27.5 47.6314 0
      vertex 24.3259 49.328 6
      vertex 27.5 47.6314 6
    endloop
  endfacet
  facet normal 0.471399 0.88192 0
    outer loop
      vertex 24.3259 49.328 6
      vertex 27.5 47.6314 0
      vertex 24.3259 49.328 0
    endloop
  endfacet
  facet normal -0.1629 0.986643 0
    outer loop
      vertex -7.17894 54.5295 0
      vertex -10.73 53.9432 6
      vertex -7.17894 54.5295 6
    endloop
  endfacet
  facet normal -0.1629 0.986643 0
    outer loop
      vertex -10.73 53.9432 6
      vertex -7.17894 54.5295 0
      vertex -10.73 53.9432 0
    endloop
  endfacet
  facet normal -0.290263 -0.956947 0
    outer loop
      vertex -17.6792 -52.0812 0
      vertex -14.235 -53.1259 6
      vertex -17.6792 -52.0812 6
    endloop
  endfacet
  facet normal -0.290263 -0.956947 -0
    outer loop
      vertex -14.235 -53.1259 6
      vertex -17.6792 -52.0812 0
      vertex -14.235 -53.1259 0
    endloop
  endfacet
  facet normal -0.973874 -0.227089 0
    outer loop
      vertex -53.1259 -14.235 0
      vertex -53.9432 -10.73 6
      vertex -53.9432 -10.73 0
    endloop
  endfacet
  facet normal -0.973874 -0.227089 0
    outer loop
      vertex -53.9432 -10.73 6
      vertex -53.1259 -14.235 0
      vertex -53.1259 -14.235 6
    endloop
  endfacet
  facet normal 0.812845 0.582481 0
    outer loop
      vertex 45.7308 30.5564 6
      vertex 43.6344 33.4819 0
      vertex 43.6344 33.4819 6
    endloop
  endfacet
  facet normal 0.812845 0.582481 0
    outer loop
      vertex 43.6344 33.4819 0
      vertex 45.7308 30.5564 6
      vertex 45.7308 30.5564 0
    endloop
  endfacet
  facet normal 0.0327304 0.999464 -0
    outer loop
      vertex 3.59717 54.8822 0
      vertex 0 55 6
      vertex 3.59717 54.8822 6
    endloop
  endfacet
  facet normal 0.0327304 0.999464 0
    outer loop
      vertex 0 55 6
      vertex 3.59717 54.8822 0
      vertex 0 55 0
    endloop
  endfacet
  facet normal 0.956947 0.290263 0
    outer loop
      vertex 53.1259 14.235 6
      vertex 52.0812 17.6792 0
      vertex 52.0812 17.6792 6
    endloop
  endfacet
  facet normal 0.956947 0.290263 0
    outer loop
      vertex 52.0812 17.6792 0
      vertex 53.1259 14.235 6
      vertex 53.1259 14.235 0
    endloop
  endfacet
  facet normal -0.995187 0.0979969 0
    outer loop
      vertex -54.8822 3.59717 0
      vertex -54.5295 7.17894 6
      vertex -54.5295 7.17894 0
    endloop
  endfacet
  facet normal -0.995187 0.0979969 0
    outer loop
      vertex -54.5295 7.17894 6
      vertex -54.8822 3.59717 0
      vertex -54.8822 3.59717 6
    endloop
  endfacet
  facet normal 0.227089 0.973874 -0
    outer loop
      vertex 14.235 53.1259 0
      vertex 10.73 53.9432 6
      vertex 14.235 53.1259 6
    endloop
  endfacet
  facet normal 0.227089 0.973874 0
    outer loop
      vertex 10.73 53.9432 6
      vertex 14.235 53.1259 0
      vertex 10.73 53.9432 0
    endloop
  endfacet
  facet normal -0.935904 -0.352256 0
    outer loop
      vertex -50.8134 -21.0476 0
      vertex -52.0812 -17.6792 6
      vertex -52.0812 -17.6792 0
    endloop
  endfacet
  facet normal -0.935904 -0.352256 0
    outer loop
      vertex -52.0812 -17.6792 6
      vertex -50.8134 -21.0476 0
      vertex -50.8134 -21.0476 6
    endloop
  endfacet
  facet normal 0.849201 0.52807 0
    outer loop
      vertex 47.6314 27.5 6
      vertex 45.7308 30.5564 0
      vertex 45.7308 30.5564 6
    endloop
  endfacet
  facet normal 0.849201 0.52807 0
    outer loop
      vertex 45.7308 30.5564 0
      vertex 47.6314 27.5 6
      vertex 47.6314 27.5 0
    endloop
  endfacet
  facet normal 0.956947 -0.290263 0
    outer loop
      vertex 52.0812 -17.6792 6
      vertex 53.1259 -14.235 0
      vertex 53.1259 -14.235 6
    endloop
  endfacet
  facet normal 0.956947 -0.290263 0
    outer loop
      vertex 53.1259 -14.235 0
      vertex 52.0812 -17.6792 6
      vertex 52.0812 -17.6792 0
    endloop
  endfacet
  facet normal -0.471396 0.881922 0
    outer loop
      vertex -26.9393 47.9311 0
      vertex -27.5 47.6314 6
      vertex -26.9393 47.9311 6
    endloop
  endfacet
  facet normal -0.471396 0.881922 0
    outer loop
      vertex -27.5 47.6314 6
      vertex -26.9393 47.9311 0
      vertex -27.5 47.6314 0
    endloop
  endfacet
  facet normal 0.910862 -0.412712 0
    outer loop
      vertex 49.328 -24.3259 6
      vertex 50.8134 -21.0476 0
      vertex 50.8134 -21.0476 6
    endloop
  endfacet
  facet normal 0.910862 -0.412712 0
    outer loop
      vertex 50.8134 -21.0476 0
      vertex 49.328 -24.3259 6
      vertex 49.328 -24.3259 0
    endloop
  endfacet
  facet normal -0.812845 0.582481 0
    outer loop
      vertex -45.7308 30.5564 0
      vertex -43.6344 33.4819 6
      vertex -43.6344 33.4819 0
    endloop
  endfacet
  facet normal -0.812845 0.582481 0
    outer loop
      vertex -43.6344 33.4819 6
      vertex -45.7308 30.5564 0
      vertex -45.7308 30.5564 6
    endloop
  endfacet
  facet normal 0.352256 -0.935904 0
    outer loop
      vertex 17.6792 -52.0812 0
      vertex 21.0476 -50.8134 6
      vertex 17.6792 -52.0812 6
    endloop
  endfacet
  facet normal 0.352256 -0.935904 0
    outer loop
      vertex 21.0476 -50.8134 6
      vertex 17.6792 -52.0812 0
      vertex 21.0476 -50.8134 0
    endloop
  endfacet
  facet normal -0.0327304 -0.999464 0
    outer loop
      vertex -3.59717 -54.8822 0
      vertex 0 -55 6
      vertex -3.59717 -54.8822 6
    endloop
  endfacet
  facet normal -0.0327304 -0.999464 -0
    outer loop
      vertex 0 -55 6
      vertex -3.59717 -54.8822 0
      vertex 0 -55 0
    endloop
  endfacet
  facet normal 0.683583 -0.729872 0
    outer loop
      vertex 36.264 -41.3512 0
      vertex 38.8909 -38.8909 6
      vertex 36.264 -41.3512 6
    endloop
  endfacet
  facet normal 0.683583 -0.729872 0
    outer loop
      vertex 38.8909 -38.8909 6
      vertex 36.264 -41.3512 0
      vertex 38.8909 -38.8909 0
    endloop
  endfacet
  facet normal -0.582481 0.812845 0
    outer loop
      vertex -30.5564 45.7308 0
      vertex -33.4819 43.6344 6
      vertex -30.5564 45.7308 6
    endloop
  endfacet
  facet normal -0.582481 0.812845 0
    outer loop
      vertex -33.4819 43.6344 6
      vertex -30.5564 45.7308 0
      vertex -33.4819 43.6344 0
    endloop
  endfacet
  facet normal -0.290204 0.956965 0
    outer loop
      vertex -14.235 53.1259 0
      vertex -14.8434 52.9414 6
      vertex -14.235 53.1259 6
    endloop
  endfacet
  facet normal -0.290204 0.956965 0
    outer loop
      vertex -14.8434 52.9414 6
      vertex -14.235 53.1259 0
      vertex -14.8434 52.9414 0
    endloop
  endfacet
  facet normal -0.986643 -0.1629 0
    outer loop
      vertex -53.9432 -10.73 0
      vertex -54.5295 -7.17894 6
      vertex -54.5295 -7.17894 0
    endloop
  endfacet
  facet normal -0.986643 -0.1629 0
    outer loop
      vertex -54.5295 -7.17894 6
      vertex -53.9432 -10.73 0
      vertex -53.9432 -10.73 6
    endloop
  endfacet
  facet normal 0.582481 0.812845 -0
    outer loop
      vertex 33.4819 43.6344 0
      vertex 30.5564 45.7308 6
      vertex 33.4819 43.6344 6
    endloop
  endfacet
  facet normal 0.582481 0.812845 0
    outer loop
      vertex 30.5564 45.7308 6
      vertex 33.4819 43.6344 0
      vertex 30.5564 45.7308 0
    endloop
  endfacet
  facet normal 0.52807 0.849201 -0
    outer loop
      vertex 30.5564 45.7308 0
      vertex 27.5 47.6314 6
      vertex 30.5564 45.7308 6
    endloop
  endfacet
  facet normal 0.52807 0.849201 0
    outer loop
      vertex 27.5 47.6314 6
      vertex 30.5564 45.7308 0
      vertex 27.5 47.6314 0
    endloop
  endfacet
  facet normal 0.0327304 -0.999464 0
    outer loop
      vertex 0 -55 0
      vertex 3.59717 -54.8822 6
      vertex 0 -55 6
    endloop
  endfacet
  facet normal 0.0327304 -0.999464 0
    outer loop
      vertex 3.59717 -54.8822 6
      vertex 0 -55 0
      vertex 3.59717 -54.8822 0
    endloop
  endfacet
  facet normal 0.729872 0.683583 0
    outer loop
      vertex 41.3512 36.264 6
      vertex 38.8909 38.8909 0
      vertex 38.8909 38.8909 6
    endloop
  endfacet
  facet normal 0.729872 0.683583 0
    outer loop
      vertex 38.8909 38.8909 0
      vertex 41.3512 36.264 6
      vertex 41.3512 36.264 0
    endloop
  endfacet
  facet normal 0.582481 -0.812845 0
    outer loop
      vertex 30.5564 -45.7308 0
      vertex 33.4819 -43.6344 6
      vertex 30.5564 -45.7308 6
    endloop
  endfacet
  facet normal 0.582481 -0.812845 0
    outer loop
      vertex 33.4819 -43.6344 6
      vertex 30.5564 -45.7308 0
      vertex 33.4819 -43.6344 0
    endloop
  endfacet
  facet normal 0.0979969 -0.995187 0
    outer loop
      vertex 3.59717 -54.8822 0
      vertex 7.17894 -54.5295 6
      vertex 3.59717 -54.8822 6
    endloop
  endfacet
  facet normal 0.0979969 -0.995187 0
    outer loop
      vertex 7.17894 -54.5295 6
      vertex 3.59717 -54.8822 0
      vertex 7.17894 -54.5295 0
    endloop
  endfacet
  facet normal -0.412712 -0.910862 0
    outer loop
      vertex -24.3259 -49.328 0
      vertex -21.0476 -50.8134 6
      vertex -24.3259 -49.328 6
    endloop
  endfacet
  facet normal -0.412712 -0.910862 -0
    outer loop
      vertex -21.0476 -50.8134 6
      vertex -24.3259 -49.328 0
      vertex -21.0476 -50.8134 0
    endloop
  endfacet
  facet normal 0.935904 0.352256 0
    outer loop
      vertex 52.0812 17.6792 6
      vertex 50.8134 21.0476 0
      vertex 50.8134 21.0476 6
    endloop
  endfacet
  facet normal 0.935904 0.352256 0
    outer loop
      vertex 50.8134 21.0476 0
      vertex 52.0812 17.6792 6
      vertex 52.0812 17.6792 0
    endloop
  endfacet
  facet normal 0.52807 -0.849201 0
    outer loop
      vertex 27.5 -47.6314 0
      vertex 30.5564 -45.7308 6
      vertex 27.5 -47.6314 6
    endloop
  endfacet
  facet normal 0.52807 -0.849201 0
    outer loop
      vertex 30.5564 -45.7308 6
      vertex 27.5 -47.6314 0
      vertex 30.5564 -45.7308 0
    endloop
  endfacet
  facet normal 0.352256 0.935904 -0
    outer loop
      vertex 21.0476 50.8134 0
      vertex 17.6792 52.0812 6
      vertex 21.0476 50.8134 6
    endloop
  endfacet
  facet normal 0.352256 0.935904 0
    outer loop
      vertex 17.6792 52.0812 6
      vertex 21.0476 50.8134 0
      vertex 17.6792 52.0812 0
    endloop
  endfacet
  facet normal -0.973874 0.227089 0
    outer loop
      vertex -53.9432 10.73 0
      vertex -53.1259 14.235 6
      vertex -53.1259 14.235 0
    endloop
  endfacet
  facet normal -0.973874 0.227089 0
    outer loop
      vertex -53.1259 14.235 6
      vertex -53.9432 10.73 0
      vertex -53.9432 10.73 6
    endloop
  endfacet
  facet normal -0.52807 0.849201 0
    outer loop
      vertex -27.5 47.6314 0
      vertex -30.5564 45.7308 6
      vertex -27.5 47.6314 6
    endloop
  endfacet
  facet normal -0.52807 0.849201 0
    outer loop
      vertex -30.5564 45.7308 6
      vertex -27.5 47.6314 0
      vertex -30.5564 45.7308 0
    endloop
  endfacet
  facet normal 0.773012 -0.634392 0
    outer loop
      vertex 41.3512 -36.264 6
      vertex 43.6344 -33.4819 0
      vertex 43.6344 -33.4819 6
    endloop
  endfacet
  facet normal 0.773012 -0.634392 0
    outer loop
      vertex 43.6344 -33.4819 0
      vertex 41.3512 -36.264 6
      vertex 41.3512 -36.264 0
    endloop
  endfacet
  facet normal -0.352256 -0.935904 0
    outer loop
      vertex -21.0476 -50.8134 0
      vertex -17.6792 -52.0812 6
      vertex -21.0476 -50.8134 6
    endloop
  endfacet
  facet normal -0.352256 -0.935904 -0
    outer loop
      vertex -17.6792 -52.0812 6
      vertex -21.0476 -50.8134 0
      vertex -17.6792 -52.0812 0
    endloop
  endfacet
  facet normal -0.812845 -0.582481 0
    outer loop
      vertex -43.6344 -33.4819 0
      vertex -45.7308 -30.5564 6
      vertex -45.7308 -30.5564 0
    endloop
  endfacet
  facet normal -0.812845 -0.582481 0
    outer loop
      vertex -45.7308 -30.5564 6
      vertex -43.6344 -33.4819 0
      vertex -43.6344 -33.4819 6
    endloop
  endfacet
  facet normal -0.0327304 0.999464 0
    outer loop
      vertex 0 55 0
      vertex -3.59717 54.8822 6
      vertex 0 55 6
    endloop
  endfacet
  facet normal -0.0327304 0.999464 0
    outer loop
      vertex -3.59717 54.8822 6
      vertex 0 55 0
      vertex -3.59717 54.8822 0
    endloop
  endfacet
  facet normal -0.849201 -0.52807 0
    outer loop
      vertex -45.7308 -30.5564 0
      vertex -47.6314 -27.5 6
      vertex -47.6314 -27.5 0
    endloop
  endfacet
  facet normal -0.849201 -0.52807 0
    outer loop
      vertex -47.6314 -27.5 6
      vertex -45.7308 -30.5564 0
      vertex -45.7308 -30.5564 6
    endloop
  endfacet
  facet normal 0.973861 -0.227145 0
    outer loop
      vertex 53.1259 -14.235 6
      vertex 53.2703 -13.6159 0
      vertex 53.2703 -13.6159 6
    endloop
  endfacet
  facet normal 0.973861 -0.227145 0
    outer loop
      vertex 53.2703 -13.6159 0
      vertex 53.1259 -14.235 6
      vertex 53.1259 -14.235 0
    endloop
  endfacet
  facet normal -0.634392 0.773012 0
    outer loop
      vertex -33.4819 43.6344 0
      vertex -36.264 41.3512 6
      vertex -33.4819 43.6344 6
    endloop
  endfacet
  facet normal -0.634392 0.773012 0
    outer loop
      vertex -36.264 41.3512 6
      vertex -33.4819 43.6344 0
      vertex -36.264 41.3512 0
    endloop
  endfacet
  facet normal 0.0979969 0.995187 -0
    outer loop
      vertex 7.17894 54.5295 0
      vertex 3.59717 54.8822 6
      vertex 7.17894 54.5295 6
    endloop
  endfacet
  facet normal 0.0979969 0.995187 0
    outer loop
      vertex 3.59717 54.8822 6
      vertex 7.17894 54.5295 0
      vertex 3.59717 54.8822 0
    endloop
  endfacet
  facet normal -0.999464 -0.0327304 0
    outer loop
      vertex -54.8822 -3.59717 0
      vertex -55 0 6
      vertex -55 0 0
    endloop
  endfacet
  facet normal -0.999464 -0.0327304 0
    outer loop
      vertex -55 0 6
      vertex -54.8822 -3.59717 0
      vertex -54.8822 -3.59717 6
    endloop
  endfacet
  facet normal -0.956947 0.290263 0
    outer loop
      vertex -53.1259 14.235 0
      vertex -52.0812 17.6792 6
      vertex -52.0812 17.6792 0
    endloop
  endfacet
  facet normal -0.956947 0.290263 0
    outer loop
      vertex -52.0812 17.6792 6
      vertex -53.1259 14.235 0
      vertex -53.1259 14.235 6
    endloop
  endfacet
  facet normal -0.935904 0.352256 0
    outer loop
      vertex -52.0812 17.6792 0
      vertex -50.8134 21.0476 6
      vertex -50.8134 21.0476 0
    endloop
  endfacet
  facet normal -0.935904 0.352256 0
    outer loop
      vertex -50.8134 21.0476 6
      vertex -52.0812 17.6792 0
      vertex -52.0812 17.6792 6
    endloop
  endfacet
  facet normal -0.729872 -0.683583 0
    outer loop
      vertex -38.8909 -38.8909 0
      vertex -41.3512 -36.264 6
      vertex -41.3512 -36.264 0
    endloop
  endfacet
  facet normal -0.729872 -0.683583 0
    outer loop
      vertex -41.3512 -36.264 6
      vertex -38.8909 -38.8909 0
      vertex -38.8909 -38.8909 6
    endloop
  endfacet
  facet normal -0.88192 0.471399 0
    outer loop
      vertex -49.328 24.3259 0
      vertex -47.6314 27.5 6
      vertex -47.6314 27.5 0
    endloop
  endfacet
  facet normal -0.88192 0.471399 0
    outer loop
      vertex -47.6314 27.5 6
      vertex -49.328 24.3259 0
      vertex -49.328 24.3259 6
    endloop
  endfacet
  facet normal 0.1629 -0.986643 0
    outer loop
      vertex 7.17894 -54.5295 0
      vertex 10.73 -53.9432 6
      vertex 7.17894 -54.5295 6
    endloop
  endfacet
  facet normal 0.1629 -0.986643 0
    outer loop
      vertex 10.73 -53.9432 6
      vertex 7.17894 -54.5295 0
      vertex 10.73 -53.9432 0
    endloop
  endfacet
  facet normal -0.729872 0.683583 0
    outer loop
      vertex -41.3512 36.264 0
      vertex -38.8909 38.8909 6
      vertex -38.8909 38.8909 0
    endloop
  endfacet
  facet normal -0.729872 0.683583 0
    outer loop
      vertex -38.8909 38.8909 6
      vertex -41.3512 36.264 0
      vertex -41.3512 36.264 6
    endloop
  endfacet
  facet normal 0.683583 0.729872 -0
    outer loop
      vertex 38.8909 38.8909 0
      vertex 36.264 41.3512 6
      vertex 38.8909 38.8909 6
    endloop
  endfacet
  facet normal 0.683583 0.729872 0
    outer loop
      vertex 36.264 41.3512 6
      vertex 38.8909 38.8909 0
      vertex 36.264 41.3512 0
    endloop
  endfacet
  facet normal 0.910862 0.412712 0
    outer loop
      vertex 50.8134 21.0476 6
      vertex 49.328 24.3259 0
      vertex 49.328 24.3259 6
    endloop
  endfacet
  facet normal 0.910862 0.412712 0
    outer loop
      vertex 49.328 24.3259 0
      vertex 50.8134 21.0476 6
      vertex 50.8134 21.0476 0
    endloop
  endfacet
  facet normal 0.88192 0.471399 0
    outer loop
      vertex 49.328 24.3259 6
      vertex 47.6314 27.5 0
      vertex 47.6314 27.5 6
    endloop
  endfacet
  facet normal 0.88192 0.471399 0
    outer loop
      vertex 47.6314 27.5 0
      vertex 49.328 24.3259 6
      vertex 49.328 24.3259 0
    endloop
  endfacet
  facet normal 0.634392 0.773012 -0
    outer loop
      vertex 36.264 41.3512 0
      vertex 33.4819 43.6344 6
      vertex 36.264 41.3512 6
    endloop
  endfacet
  facet normal 0.634392 0.773012 0
    outer loop
      vertex 33.4819 43.6344 6
      vertex 36.264 41.3512 0
      vertex 33.4819 43.6344 0
    endloop
  endfacet
  facet normal 0.935904 -0.352256 0
    outer loop
      vertex 50.8134 -21.0476 6
      vertex 52.0812 -17.6792 0
      vertex 52.0812 -17.6792 6
    endloop
  endfacet
  facet normal 0.935904 -0.352256 0
    outer loop
      vertex 52.0812 -17.6792 0
      vertex 50.8134 -21.0476 6
      vertex 50.8134 -21.0476 0
    endloop
  endfacet
  facet normal 0.729872 -0.683583 0
    outer loop
      vertex 38.8909 -38.8909 6
      vertex 41.3512 -36.264 0
      vertex 41.3512 -36.264 6
    endloop
  endfacet
  facet normal 0.729872 -0.683583 0
    outer loop
      vertex 41.3512 -36.264 0
      vertex 38.8909 -38.8909 6
      vertex 38.8909 -38.8909 0
    endloop
  endfacet
  facet normal 0.412712 0.910862 -0
    outer loop
      vertex 24.3259 49.328 0
      vertex 21.0476 50.8134 6
      vertex 24.3259 49.328 6
    endloop
  endfacet
  facet normal 0.412712 0.910862 0
    outer loop
      vertex 21.0476 50.8134 6
      vertex 24.3259 49.328 0
      vertex 21.0476 50.8134 0
    endloop
  endfacet
  facet normal -0.683606 -0.729851 0
    outer loop
      vertex -38.8909 -38.8909 0
      vertex -38.4269 -39.3255 6
      vertex -38.8909 -38.8909 6
    endloop
  endfacet
  facet normal -0.683606 -0.729851 -0
    outer loop
      vertex -38.4269 -39.3255 6
      vertex -38.8909 -38.8909 0
      vertex -38.4269 -39.3255 0
    endloop
  endfacet
  facet normal -0.999464 0.0327304 0
    outer loop
      vertex -55 0 0
      vertex -54.8822 3.59717 6
      vertex -54.8822 3.59717 0
    endloop
  endfacet
  facet normal -0.999464 0.0327304 0
    outer loop
      vertex -54.8822 3.59717 6
      vertex -55 0 0
      vertex -55 0 6
    endloop
  endfacet
  facet normal -0.0979969 0.995187 0
    outer loop
      vertex -3.59717 54.8822 0
      vertex -7.17894 54.5295 6
      vertex -3.59717 54.8822 6
    endloop
  endfacet
  facet normal -0.0979969 0.995187 0
    outer loop
      vertex -7.17894 54.5295 6
      vertex -3.59717 54.8822 0
      vertex -7.17894 54.5295 0
    endloop
  endfacet
  facet normal 0.1629 0.986643 -0
    outer loop
      vertex 10.73 53.9432 0
      vertex 7.17894 54.5295 6
      vertex 10.73 53.9432 6
    endloop
  endfacet
  facet normal 0.1629 0.986643 0
    outer loop
      vertex 7.17894 54.5295 6
      vertex 10.73 53.9432 0
      vertex 7.17894 54.5295 0
    endloop
  endfacet
  facet normal -0.986643 0.1629 0
    outer loop
      vertex -54.5295 7.17894 0
      vertex -53.9432 10.73 6
      vertex -53.9432 10.73 0
    endloop
  endfacet
  facet normal -0.986643 0.1629 0
    outer loop
      vertex -53.9432 10.73 6
      vertex -54.5295 7.17894 0
      vertex -54.5295 7.17894 6
    endloop
  endfacet
  facet normal 0.986643 0.1629 0
    outer loop
      vertex 54.5295 7.17894 6
      vertex 53.9432 10.73 0
      vertex 53.9432 10.73 6
    endloop
  endfacet
  facet normal 0.986643 0.1629 0
    outer loop
      vertex 53.9432 10.73 0
      vertex 54.5295 7.17894 6
      vertex 54.5295 7.17894 0
    endloop
  endfacet
  facet normal 0.290263 -0.956947 0
    outer loop
      vertex 14.235 -53.1259 0
      vertex 17.6792 -52.0812 6
      vertex 14.235 -53.1259 6
    endloop
  endfacet
  facet normal 0.290263 -0.956947 0
    outer loop
      vertex 17.6792 -52.0812 6
      vertex 14.235 -53.1259 0
      vertex 17.6792 -52.0812 0
    endloop
  endfacet
  facet normal 0.634392 -0.773012 0
    outer loop
      vertex 33.4819 -43.6344 0
      vertex 36.264 -41.3512 6
      vertex 33.4819 -43.6344 6
    endloop
  endfacet
  facet normal 0.634392 -0.773012 0
    outer loop
      vertex 36.264 -41.3512 6
      vertex 33.4819 -43.6344 0
      vertex 36.264 -41.3512 0
    endloop
  endfacet
  facet normal -0.683583 0.729872 0
    outer loop
      vertex -36.264 41.3512 0
      vertex -38.8909 38.8909 6
      vertex -36.264 41.3512 6
    endloop
  endfacet
  facet normal -0.683583 0.729872 0
    outer loop
      vertex -38.8909 38.8909 6
      vertex -36.264 41.3512 0
      vertex -38.8909 38.8909 0
    endloop
  endfacet
  facet normal -0.956947 -0.290263 0
    outer loop
      vertex -52.0812 -17.6792 0
      vertex -53.1259 -14.235 6
      vertex -53.1259 -14.235 0
    endloop
  endfacet
  facet normal -0.956947 -0.290263 0
    outer loop
      vertex -53.1259 -14.235 6
      vertex -52.0812 -17.6792 0
      vertex -52.0812 -17.6792 6
    endloop
  endfacet
  facet normal 0.849201 -0.52807 0
    outer loop
      vertex 45.7308 -30.5564 6
      vertex 47.6314 -27.5 0
      vertex 47.6314 -27.5 6
    endloop
  endfacet
  facet normal 0.849201 -0.52807 0
    outer loop
      vertex 47.6314 -27.5 0
      vertex 45.7308 -30.5564 6
      vertex 45.7308 -30.5564 0
    endloop
  endfacet
  facet normal -0.528032 -0.849224 0
    outer loop
      vertex -28.0399 -47.2957 0
      vertex -27.5 -47.6314 6
      vertex -28.0399 -47.2957 6
    endloop
  endfacet
  facet normal -0.528032 -0.849224 -0
    outer loop
      vertex -27.5 -47.6314 6
      vertex -28.0399 -47.2957 0
      vertex -27.5 -47.6314 0
    endloop
  endfacet
  facet normal 0.471399 -0.88192 0
    outer loop
      vertex 24.3259 -49.328 0
      vertex 27.5 -47.6314 6
      vertex 24.3259 -49.328 6
    endloop
  endfacet
  facet normal 0.471399 -0.88192 0
    outer loop
      vertex 27.5 -47.6314 6
      vertex 24.3259 -49.328 0
      vertex 27.5 -47.6314 0
    endloop
  endfacet
  facet normal -0.227089 -0.973874 0
    outer loop
      vertex -14.235 -53.1259 0
      vertex -10.73 -53.9432 6
      vertex -14.235 -53.1259 6
    endloop
  endfacet
  facet normal -0.227089 -0.973874 -0
    outer loop
      vertex -10.73 -53.9432 6
      vertex -14.235 -53.1259 0
      vertex -10.73 -53.9432 0
    endloop
  endfacet
  facet normal 0.812845 -0.582481 0
    outer loop
      vertex 43.6344 -33.4819 6
      vertex 45.7308 -30.5564 0
      vertex 45.7308 -30.5564 6
    endloop
  endfacet
  facet normal 0.812845 -0.582481 0
    outer loop
      vertex 45.7308 -30.5564 0
      vertex 43.6344 -33.4819 6
      vertex 43.6344 -33.4819 0
    endloop
  endfacet
  facet normal -0.773012 -0.634392 0
    outer loop
      vertex -41.3512 -36.264 0
      vertex -43.6344 -33.4819 6
      vertex -43.6344 -33.4819 0
    endloop
  endfacet
  facet normal -0.773012 -0.634392 0
    outer loop
      vertex -43.6344 -33.4819 6
      vertex -41.3512 -36.264 0
      vertex -41.3512 -36.264 6
    endloop
  endfacet
  facet normal -0.773012 0.634392 0
    outer loop
      vertex -43.6344 33.4819 0
      vertex -41.3512 36.264 6
      vertex -41.3512 36.264 0
    endloop
  endfacet
  facet normal -0.773012 0.634392 0
    outer loop
      vertex -41.3512 36.264 6
      vertex -43.6344 33.4819 0
      vertex -43.6344 33.4819 6
    endloop
  endfacet
  facet normal -0.0979969 -0.995187 0
    outer loop
      vertex -7.17894 -54.5295 0
      vertex -3.59717 -54.8822 6
      vertex -7.17894 -54.5295 6
    endloop
  endfacet
  facet normal -0.0979969 -0.995187 -0
    outer loop
      vertex -3.59717 -54.8822 6
      vertex -7.17894 -54.5295 0
      vertex -3.59717 -54.8822 0
    endloop
  endfacet
  facet normal -0.910862 -0.412712 0
    outer loop
      vertex -49.328 -24.3259 0
      vertex -50.8134 -21.0476 6
      vertex -50.8134 -21.0476 0
    endloop
  endfacet
  facet normal -0.910862 -0.412712 0
    outer loop
      vertex -50.8134 -21.0476 6
      vertex -49.328 -24.3259 0
      vertex -49.328 -24.3259 6
    endloop
  endfacet
  facet normal 0.290263 0.956947 -0
    outer loop
      vertex 17.6792 52.0812 0
      vertex 14.235 53.1259 6
      vertex 17.6792 52.0812 6
    endloop
  endfacet
  facet normal 0.290263 0.956947 0
    outer loop
      vertex 14.235 53.1259 6
      vertex 17.6792 52.0812 0
      vertex 14.235 53.1259 0
    endloop
  endfacet
  facet normal -0.88192 -0.471399 0
    outer loop
      vertex -47.6314 -27.5 0
      vertex -49.328 -24.3259 6
      vertex -49.328 -24.3259 0
    endloop
  endfacet
  facet normal -0.88192 -0.471399 0
    outer loop
      vertex -49.328 -24.3259 6
      vertex -47.6314 -27.5 0
      vertex -47.6314 -27.5 6
    endloop
  endfacet
  facet normal -0.910862 0.412712 0
    outer loop
      vertex -50.8134 21.0476 0
      vertex -49.328 24.3259 6
      vertex -49.328 24.3259 0
    endloop
  endfacet
  facet normal -0.910862 0.412712 0
    outer loop
      vertex -49.328 24.3259 6
      vertex -50.8134 21.0476 0
      vertex -50.8134 21.0476 6
    endloop
  endfacet
  facet normal -0.471399 -0.88192 0
    outer loop
      vertex -27.5 -47.6314 0
      vertex -24.3259 -49.328 6
      vertex -27.5 -47.6314 6
    endloop
  endfacet
  facet normal -0.471399 -0.88192 -0
    outer loop
      vertex -24.3259 -49.328 6
      vertex -27.5 -47.6314 0
      vertex -24.3259 -49.328 0
    endloop
  endfacet
  facet normal -0.849201 0.52807 0
    outer loop
      vertex -47.6314 27.5 0
      vertex -45.7308 30.5564 6
      vertex -45.7308 30.5564 0
    endloop
  endfacet
  facet normal -0.849201 0.52807 0
    outer loop
      vertex -45.7308 30.5564 6
      vertex -47.6314 27.5 0
      vertex -47.6314 27.5 6
    endloop
  endfacet
  facet normal -0.882 -0.471249 0
    outer loop
      vertex -14.8292 48.317 0
      vertex -14.9772 48.594 14
      vertex -14.9772 48.594 0
    endloop
  endfacet
  facet normal -0.882 -0.471249 0
    outer loop
      vertex -14.9772 48.594 14
      vertex -14.8292 48.317 0
      vertex -14.8292 48.317 14
    endloop
  endfacet
  facet normal 0.471497 0.881868 -0
    outer loop
      vertex -21.2572 41.889 0
      vertex -21.5342 42.0371 14
      vertex -21.2572 41.889 14
    endloop
  endfacet
  facet normal 0.471497 0.881868 0
    outer loop
      vertex -21.5342 42.0371 14
      vertex -21.2572 41.889 0
      vertex -21.5342 42.0371 0
    endloop
  endfacet
  facet normal 0.528195 -0.849123 0
    outer loop
      vertex -21.8009 50.185 0
      vertex -21.5342 50.3509 14
      vertex -21.8009 50.185 14
    endloop
  endfacet
  facet normal 0.528195 -0.849123 0
    outer loop
      vertex -21.5342 50.3509 14
      vertex -21.8009 50.185 0
      vertex -21.5342 50.3509 0
    endloop
  endfacet
  facet normal 0.849212 0.528052 0
    outer loop
      vertex -23.1252 43.5272 14
      vertex -23.2911 43.794 0
      vertex -23.2911 43.794 14
    endloop
  endfacet
  facet normal 0.849212 0.528052 0
    outer loop
      vertex -23.2911 43.794 0
      vertex -23.1252 43.5272 14
      vertex -23.1252 43.5272 0
    endloop
  endfacet
  facet normal -0.683814 0.729656 0
    outer loop
      vertex -15.7401 42.7999 0
      vertex -15.9693 42.5851 14
      vertex -15.7401 42.7999 14
    endloop
  endfacet
  facet normal -0.683814 0.729656 0
    outer loop
      vertex -15.9693 42.5851 14
      vertex -15.7401 42.7999 0
      vertex -15.9693 42.5851 0
    endloop
  endfacet
  facet normal -0.290414 -0.956901 0
    outer loop
      vertex -17.8918 50.8304 0
      vertex -17.5913 50.7392 14
      vertex -17.8918 50.8304 14
    endloop
  endfacet
  facet normal -0.290414 -0.956901 -0
    outer loop
      vertex -17.5913 50.7392 14
      vertex -17.8918 50.8304 0
      vertex -17.5913 50.7392 0
    endloop
  endfacet
  facet normal -0.729656 0.683814 0
    outer loop
      vertex -15.7401 42.7999 0
      vertex -15.5253 43.0291 14
      vertex -15.5253 43.0291 0
    endloop
  endfacet
  facet normal -0.729656 0.683814 0
    outer loop
      vertex -15.5253 43.0291 14
      vertex -15.7401 42.7999 0
      vertex -15.7401 42.7999 14
    endloop
  endfacet
  facet normal 0.956928 -0.290325 0
    outer loop
      vertex -23.7706 47.4363 14
      vertex -23.6794 47.7369 0
      vertex -23.6794 47.7369 14
    endloop
  endfacet
  facet normal 0.956928 -0.290325 0
    outer loop
      vertex -23.6794 47.7369 0
      vertex -23.7706 47.4363 14
      vertex -23.7706 47.4363 0
    endloop
  endfacet
  facet normal -0.0327849 0.999462 0
    outer loop
      vertex -18.8202 41.4043 0
      vertex -19.1342 41.394 14
      vertex -18.8202 41.4043 14
    endloop
  endfacet
  facet normal -0.0327849 0.999462 0
    outer loop
      vertex -19.1342 41.394 14
      vertex -18.8202 41.4043 0
      vertex -19.1342 41.394 0
    endloop
  endfacet
  facet normal 0.935962 0.3521 0
    outer loop
      vertex -23.5688 44.3571 14
      vertex -23.6794 44.6511 0
      vertex -23.6794 44.6511 14
    endloop
  endfacet
  facet normal 0.935962 0.3521 0
    outer loop
      vertex -23.6794 44.6511 0
      vertex -23.5688 44.3571 14
      vertex -23.5688 44.3571 0
    endloop
  endfacet
  facet normal -0.986625 -0.163005 0
    outer loop
      vertex -14.3752 46.8205 0
      vertex -14.4264 47.1304 14
      vertex -14.4264 47.1304 0
    endloop
  endfacet
  facet normal -0.986625 -0.163005 0
    outer loop
      vertex -14.4264 47.1304 14
      vertex -14.3752 46.8205 0
      vertex -14.3752 46.8205 14
    endloop
  endfacet
  facet normal -0.849123 -0.528195 0
    outer loop
      vertex -14.9772 48.594 0
      vertex -15.1431 48.8607 14
      vertex -15.1431 48.8607 0
    endloop
  endfacet
  facet normal -0.849123 -0.528195 0
    outer loop
      vertex -15.1431 48.8607 14
      vertex -14.9772 48.594 0
      vertex -14.9772 48.594 14
    endloop
  endfacet
  facet normal -0.412627 0.9109 0
    outer loop
      vertex -17.0112 41.889 0
      vertex -17.2973 41.7594 14
      vertex -17.0112 41.889 14
    endloop
  endfacet
  facet normal -0.412627 0.9109 0
    outer loop
      vertex -17.2973 41.7594 14
      vertex -17.0112 41.889 0
      vertex -17.2973 41.7594 0
    endloop
  endfacet
  facet normal -0.956928 -0.290325 0
    outer loop
      vertex -14.4977 47.4363 0
      vertex -14.5889 47.7369 14
      vertex -14.5889 47.7369 0
    endloop
  endfacet
  facet normal -0.956928 -0.290325 0
    outer loop
      vertex -14.5889 47.7369 14
      vertex -14.4977 47.4363 0
      vertex -14.4977 47.4363 14
    endloop
  endfacet
  facet normal -0.935962 -0.3521 0
    outer loop
      vertex -14.5889 47.7369 0
      vertex -14.6995 48.0309 14
      vertex -14.6995 48.0309 0
    endloop
  endfacet
  facet normal -0.935962 -0.3521 0
    outer loop
      vertex -14.6995 48.0309 14
      vertex -14.5889 47.7369 0
      vertex -14.5889 47.7369 14
    endloop
  endfacet
  facet normal -0.527822 0.849355 0
    outer loop
      vertex -16.4674 42.2029 0
      vertex -16.7342 42.0371 14
      vertex -16.4674 42.2029 14
    endloop
  endfacet
  facet normal -0.527822 0.849355 0
    outer loop
      vertex -16.7342 42.0371 14
      vertex -16.4674 42.2029 0
      vertex -16.7342 42.0371 0
    endloop
  endfacet
  facet normal 0.973895 0.226998 0
    outer loop
      vertex -23.7706 44.9516 14
      vertex -23.8419 45.2575 0
      vertex -23.8419 45.2575 14
    endloop
  endfacet
  facet normal 0.973895 0.226998 0
    outer loop
      vertex -23.8419 45.2575 0
      vertex -23.7706 44.9516 14
      vertex -23.7706 44.9516 0
    endloop
  endfacet
  facet normal 0.527965 0.849266 -0
    outer loop
      vertex -21.5342 42.0371 0
      vertex -21.8009 42.2029 14
      vertex -21.5342 42.0371 14
    endloop
  endfacet
  facet normal 0.527965 0.849266 0
    outer loop
      vertex -21.8009 42.2029 14
      vertex -21.5342 42.0371 0
      vertex -21.8009 42.2029 0
    endloop
  endfacet
  facet normal -0.995181 -0.0980537 0
    outer loop
      vertex -14.3444 46.5079 0
      vertex -14.3752 46.8205 14
      vertex -14.3752 46.8205 0
    endloop
  endfacet
  facet normal -0.995181 -0.0980537 0
    outer loop
      vertex -14.3752 46.8205 14
      vertex -14.3444 46.5079 0
      vertex -14.3444 46.5079 14
    endloop
  endfacet
  facet normal 0.163005 -0.986625 0
    outer loop
      vertex -20.0706 50.9017 0
      vertex -19.7607 50.9529 14
      vertex -20.0706 50.9017 14
    endloop
  endfacet
  facet normal 0.163005 -0.986625 0
    outer loop
      vertex -19.7607 50.9529 14
      vertex -20.0706 50.9017 0
      vertex -19.7607 50.9529 0
    endloop
  endfacet
  facet normal 0.812915 0.582382 0
    outer loop
      vertex -22.9423 43.2719 14
      vertex -23.1252 43.5272 0
      vertex -23.1252 43.5272 14
    endloop
  endfacet
  facet normal 0.812915 0.582382 0
    outer loop
      vertex -23.1252 43.5272 0
      vertex -22.9423 43.2719 14
      vertex -22.9423 43.2719 0
    endloop
  endfacet
  facet normal 0.683486 -0.729964 0
    outer loop
      vertex -22.5283 49.5881 0
      vertex -22.299 49.8028 14
      vertex -22.5283 49.5881 14
    endloop
  endfacet
  facet normal 0.683486 -0.729964 0
    outer loop
      vertex -22.299 49.8028 14
      vertex -22.5283 49.5881 0
      vertex -22.299 49.8028 0
    endloop
  endfacet
  facet normal -0.986634 0.162954 0
    outer loop
      vertex -14.4264 45.2575 0
      vertex -14.3752 45.5675 14
      vertex -14.3752 45.5675 0
    endloop
  endfacet
  facet normal -0.986634 0.162954 0
    outer loop
      vertex -14.3752 45.5675 14
      vertex -14.4264 45.2575 0
      vertex -14.4264 45.2575 14
    endloop
  endfacet
  facet normal -0.91078 0.412891 0
    outer loop
      vertex -14.8292 44.071 0
      vertex -14.6995 44.3571 14
      vertex -14.6995 44.3571 0
    endloop
  endfacet
  facet normal -0.91078 0.412891 0
    outer loop
      vertex -14.6995 44.3571 14
      vertex -14.8292 44.071 0
      vertex -14.8292 44.071 14
    endloop
  endfacet
  facet normal 0.634278 0.773105 -0
    outer loop
      vertex -22.0562 42.3859 0
      vertex -22.299 42.5851 14
      vertex -22.0562 42.3859 14
    endloop
  endfacet
  facet normal 0.634278 0.773105 0
    outer loop
      vertex -22.299 42.5851 14
      vertex -22.0562 42.3859 0
      vertex -22.299 42.5851 0
    endloop
  endfacet
  facet normal -0.956901 0.290414 0
    outer loop
      vertex -14.5889 44.6511 0
      vertex -14.4977 44.9516 14
      vertex -14.4977 44.9516 0
    endloop
  endfacet
  facet normal -0.956901 0.290414 0
    outer loop
      vertex -14.4977 44.9516 14
      vertex -14.5889 44.6511 0
      vertex -14.5889 44.6511 14
    endloop
  endfacet
  facet normal 0.471497 -0.881868 0
    outer loop
      vertex -21.5342 50.3509 0
      vertex -21.2572 50.499 14
      vertex -21.5342 50.3509 14
    endloop
  endfacet
  facet normal 0.471497 -0.881868 0
    outer loop
      vertex -21.2572 50.499 14
      vertex -21.5342 50.3509 0
      vertex -21.2572 50.499 0
    endloop
  endfacet
  facet normal -0.226998 -0.973895 0
    outer loop
      vertex -18.1977 50.9017 0
      vertex -17.8918 50.8304 14
      vertex -18.1977 50.9017 14
    endloop
  endfacet
  facet normal -0.226998 -0.973895 -0
    outer loop
      vertex -17.8918 50.8304 14
      vertex -18.1977 50.9017 0
      vertex -17.8918 50.8304 0
    endloop
  endfacet
  facet normal -0.812764 -0.582593 0
    outer loop
      vertex -15.1431 48.8607 0
      vertex -15.3261 49.116 14
      vertex -15.3261 49.116 0
    endloop
  endfacet
  facet normal -0.812764 -0.582593 0
    outer loop
      vertex -15.3261 49.116 14
      vertex -15.1431 48.8607 0
      vertex -15.1431 48.8607 14
    endloop
  endfacet
  facet normal 0.9109 0.412627 0
    outer loop
      vertex -23.4392 44.071 14
      vertex -23.5688 44.3571 0
      vertex -23.5688 44.3571 14
    endloop
  endfacet
  facet normal 0.9109 0.412627 0
    outer loop
      vertex -23.5688 44.3571 0
      vertex -23.4392 44.071 14
      vertex -23.4392 44.071 0
    endloop
  endfacet
  facet normal -0.935962 0.3521 0
    outer loop
      vertex -14.6995 44.3571 0
      vertex -14.5889 44.6511 14
      vertex -14.5889 44.6511 0
    endloop
  endfacet
  facet normal -0.935962 0.3521 0
    outer loop
      vertex -14.5889 44.6511 14
      vertex -14.6995 44.3571 0
      vertex -14.6995 44.3571 14
    endloop
  endfacet
  facet normal 0.352379 0.935857 -0
    outer loop
      vertex -20.6771 41.6487 0
      vertex -20.9711 41.7594 14
      vertex -20.6771 41.6487 14
    endloop
  endfacet
  facet normal 0.352379 0.935857 0
    outer loop
      vertex -20.9711 41.7594 14
      vertex -20.6771 41.6487 0
      vertex -20.9711 41.7594 0
    endloop
  endfacet
  facet normal -0.91078 -0.412891 0
    outer loop
      vertex -14.6995 48.0309 0
      vertex -14.8292 48.317 14
      vertex -14.8292 48.317 0
    endloop
  endfacet
  facet normal -0.91078 -0.412891 0
    outer loop
      vertex -14.8292 48.317 14
      vertex -14.6995 48.0309 0
      vertex -14.6995 48.0309 14
    endloop
  endfacet
  facet normal -0.582382 -0.812915 0
    outer loop
      vertex -16.4674 50.185 0
      vertex -16.2121 50.0021 14
      vertex -16.4674 50.185 14
    endloop
  endfacet
  facet normal -0.582382 -0.812915 -0
    outer loop
      vertex -16.2121 50.0021 14
      vertex -16.4674 50.185 0
      vertex -16.2121 50.0021 0
    endloop
  endfacet
  facet normal -0.849212 0.528052 0
    outer loop
      vertex -15.1431 43.5272 0
      vertex -14.9772 43.794 14
      vertex -14.9772 43.794 0
    endloop
  endfacet
  facet normal -0.849212 0.528052 0
    outer loop
      vertex -14.9772 43.794 14
      vertex -15.1431 43.5272 0
      vertex -15.1431 43.5272 14
    endloop
  endfacet
  facet normal -0.0977384 0.995212 0
    outer loop
      vertex -18.5076 41.435 0
      vertex -18.8202 41.4043 14
      vertex -18.5076 41.435 14
    endloop
  endfacet
  facet normal -0.0977384 0.995212 0
    outer loop
      vertex -18.8202 41.4043 14
      vertex -18.5076 41.435 0
      vertex -18.8202 41.4043 0
    endloop
  endfacet
  facet normal -0.995178 0.0980848 0
    outer loop
      vertex -14.3752 45.5675 0
      vertex -14.3444 45.88 14
      vertex -14.3444 45.88 0
    endloop
  endfacet
  facet normal -0.995178 0.0980848 0
    outer loop
      vertex -14.3444 45.88 14
      vertex -14.3752 45.5675 0
      vertex -14.3752 45.5675 14
    endloop
  endfacet
  facet normal -0.634468 -0.772949 0
    outer loop
      vertex -16.2121 50.0021 0
      vertex -15.9693 49.8028 14
      vertex -16.2121 50.0021 14
    endloop
  endfacet
  facet normal -0.634468 -0.772949 -0
    outer loop
      vertex -15.9693 49.8028 14
      vertex -16.2121 50.0021 0
      vertex -15.9693 49.8028 0
    endloop
  endfacet
  facet normal -0.3521 -0.935962 0
    outer loop
      vertex -17.5913 50.7392 0
      vertex -17.2973 50.6286 14
      vertex -17.5913 50.7392 14
    endloop
  endfacet
  facet normal -0.3521 -0.935962 -0
    outer loop
      vertex -17.2973 50.6286 14
      vertex -17.5913 50.7392 0
      vertex -17.2973 50.6286 0
    endloop
  endfacet
  facet normal 0.729815 0.683644 0
    outer loop
      vertex -22.5283 42.7999 14
      vertex -22.743 43.0291 0
      vertex -22.743 43.0291 14
    endloop
  endfacet
  facet normal 0.729815 0.683644 0
    outer loop
      vertex -22.743 43.0291 0
      vertex -22.5283 42.7999 14
      vertex -22.5283 42.7999 0
    endloop
  endfacet
  facet normal 0.729964 -0.683486 0
    outer loop
      vertex -22.743 49.3588 14
      vertex -22.5283 49.5881 0
      vertex -22.5283 49.5881 14
    endloop
  endfacet
  facet normal 0.729964 -0.683486 0
    outer loop
      vertex -22.5283 49.5881 0
      vertex -22.743 49.3588 14
      vertex -22.743 49.3588 0
    endloop
  endfacet
  facet normal -0.999472 -0.0324773 0
    outer loop
      vertex -14.3342 46.194 0
      vertex -14.3444 46.5079 14
      vertex -14.3444 46.5079 0
    endloop
  endfacet
  facet normal -0.999472 -0.0324773 0
    outer loop
      vertex -14.3444 46.5079 14
      vertex -14.3342 46.194 0
      vertex -14.3342 46.194 14
    endloop
  endfacet
  facet normal -0.412627 -0.9109 0
    outer loop
      vertex -17.2973 50.6286 0
      vertex -17.0112 50.499 14
      vertex -17.2973 50.6286 14
    endloop
  endfacet
  facet normal -0.412627 -0.9109 -0
    outer loop
      vertex -17.0112 50.499 14
      vertex -17.2973 50.6286 0
      vertex -17.0112 50.499 0
    endloop
  endfacet
  facet normal 0.0327953 -0.999462 0
    outer loop
      vertex -19.4481 50.9837 0
      vertex -19.1342 50.994 14
      vertex -19.4481 50.9837 14
    endloop
  endfacet
  facet normal 0.0327953 -0.999462 0
    outer loop
      vertex -19.1342 50.994 14
      vertex -19.4481 50.9837 0
      vertex -19.1342 50.994 0
    endloop
  endfacet
  facet normal 0.986625 -0.163005 0
    outer loop
      vertex -23.8931 46.8205 14
      vertex -23.8419 47.1304 0
      vertex -23.8419 47.1304 14
    endloop
  endfacet
  facet normal 0.986625 -0.163005 0
    outer loop
      vertex -23.8419 47.1304 0
      vertex -23.8931 46.8205 14
      vertex -23.8931 46.8205 0
    endloop
  endfacet
  facet normal 0.582382 -0.812915 0
    outer loop
      vertex -22.0562 50.0021 0
      vertex -21.8009 50.185 14
      vertex -22.0562 50.0021 14
    endloop
  endfacet
  facet normal 0.582382 -0.812915 0
    outer loop
      vertex -21.8009 50.185 14
      vertex -22.0562 50.0021 0
      vertex -21.8009 50.185 0
    endloop
  endfacet
  facet normal 0.163005 0.986625 -0
    outer loop
      vertex -19.7607 41.435 0
      vertex -20.0706 41.4862 14
      vertex -19.7607 41.435 14
    endloop
  endfacet
  facet normal 0.163005 0.986625 0
    outer loop
      vertex -20.0706 41.4862 14
      vertex -19.7607 41.435 0
      vertex -20.0706 41.4862 0
    endloop
  endfacet
  facet normal -0.773105 -0.634278 0
    outer loop
      vertex -15.3261 49.116 0
      vertex -15.5253 49.3588 14
      vertex -15.5253 49.3588 0
    endloop
  endfacet
  facet normal -0.773105 -0.634278 0
    outer loop
      vertex -15.5253 49.3588 14
      vertex -15.3261 49.116 0
      vertex -15.3261 49.116 14
    endloop
  endfacet
  facet normal 0.226998 -0.973895 0
    outer loop
      vertex -20.3765 50.8304 0
      vertex -20.0706 50.9017 14
      vertex -20.3765 50.8304 14
    endloop
  endfacet
  facet normal 0.226998 -0.973895 0
    outer loop
      vertex -20.0706 50.9017 14
      vertex -20.3765 50.8304 0
      vertex -20.0706 50.9017 0
    endloop
  endfacet
  facet normal -0.683644 -0.729815 0
    outer loop
      vertex -15.9693 49.8028 0
      vertex -15.7401 49.5881 14
      vertex -15.9693 49.8028 14
    endloop
  endfacet
  facet normal -0.683644 -0.729815 -0
    outer loop
      vertex -15.7401 49.5881 14
      vertex -15.9693 49.8028 0
      vertex -15.7401 49.5881 0
    endloop
  endfacet
  facet normal -0.0327849 -0.999462 0
    outer loop
      vertex -19.1342 50.994 0
      vertex -18.8202 50.9837 14
      vertex -19.1342 50.994 14
    endloop
  endfacet
  facet normal -0.0327849 -0.999462 -0
    outer loop
      vertex -18.8202 50.9837 14
      vertex -19.1342 50.994 0
      vertex -18.8202 50.9837 0
    endloop
  endfacet
  facet normal 0.973895 -0.226998 0
    outer loop
      vertex -23.8419 47.1304 14
      vertex -23.7706 47.4363 0
      vertex -23.7706 47.4363 14
    endloop
  endfacet
  facet normal 0.973895 -0.226998 0
    outer loop
      vertex -23.7706 47.4363 0
      vertex -23.8419 47.1304 14
      vertex -23.8419 47.1304 0
    endloop
  endfacet
  facet normal -0.226998 0.973895 0
    outer loop
      vertex -17.8918 41.5575 0
      vertex -18.1977 41.4862 14
      vertex -17.8918 41.5575 14
    endloop
  endfacet
  facet normal -0.226998 0.973895 0
    outer loop
      vertex -18.1977 41.4862 14
      vertex -17.8918 41.5575 0
      vertex -18.1977 41.4862 0
    endloop
  endfacet
  facet normal 0.935962 -0.3521 0
    outer loop
      vertex -23.6794 47.7369 14
      vertex -23.5688 48.0309 0
      vertex -23.5688 48.0309 14
    endloop
  endfacet
  facet normal 0.935962 -0.3521 0
    outer loop
      vertex -23.5688 48.0309 0
      vertex -23.6794 47.7369 14
      vertex -23.6794 47.7369 0
    endloop
  endfacet
  facet normal 0.290325 0.956928 -0
    outer loop
      vertex -20.3765 41.5575 0
      vertex -20.6771 41.6487 14
      vertex -20.3765 41.5575 14
    endloop
  endfacet
  facet normal 0.290325 0.956928 0
    outer loop
      vertex -20.6771 41.6487 14
      vertex -20.3765 41.5575 0
      vertex -20.6771 41.6487 0
    endloop
  endfacet
  facet normal 0.881868 -0.471497 0
    outer loop
      vertex -23.4392 48.317 14
      vertex -23.2911 48.594 0
      vertex -23.2911 48.594 14
    endloop
  endfacet
  facet normal 0.881868 -0.471497 0
    outer loop
      vertex -23.2911 48.594 0
      vertex -23.4392 48.317 14
      vertex -23.4392 48.317 0
    endloop
  endfacet
  facet normal -0.973895 -0.226998 0
    outer loop
      vertex -14.4264 47.1304 0
      vertex -14.4977 47.4363 14
      vertex -14.4977 47.4363 0
    endloop
  endfacet
  facet normal -0.973895 -0.226998 0
    outer loop
      vertex -14.4977 47.4363 14
      vertex -14.4264 47.1304 0
      vertex -14.4264 47.1304 14
    endloop
  endfacet
  facet normal 0.9109 -0.412627 0
    outer loop
      vertex -23.5688 48.0309 14
      vertex -23.4392 48.317 0
      vertex -23.4392 48.317 14
    endloop
  endfacet
  facet normal 0.9109 -0.412627 0
    outer loop
      vertex -23.4392 48.317 0
      vertex -23.5688 48.0309 14
      vertex -23.5688 48.0309 0
    endloop
  endfacet
  facet normal 0.290325 -0.956928 0
    outer loop
      vertex -20.6771 50.7392 0
      vertex -20.3765 50.8304 14
      vertex -20.6771 50.7392 14
    endloop
  endfacet
  facet normal 0.290325 -0.956928 0
    outer loop
      vertex -20.3765 50.8304 14
      vertex -20.6771 50.7392 0
      vertex -20.3765 50.8304 0
    endloop
  endfacet
  facet normal 0.634468 -0.772949 0
    outer loop
      vertex -22.299 49.8028 0
      vertex -22.0562 50.0021 14
      vertex -22.299 49.8028 14
    endloop
  endfacet
  facet normal 0.634468 -0.772949 0
    outer loop
      vertex -22.0562 50.0021 14
      vertex -22.299 49.8028 0
      vertex -22.0562 50.0021 0
    endloop
  endfacet
  facet normal -0.528052 -0.849212 0
    outer loop
      vertex -16.7342 50.3509 0
      vertex -16.4674 50.185 14
      vertex -16.7342 50.3509 14
    endloop
  endfacet
  facet normal -0.528052 -0.849212 -0
    outer loop
      vertex -16.4674 50.185 14
      vertex -16.7342 50.3509 0
      vertex -16.4674 50.185 0
    endloop
  endfacet
  facet normal -0.471497 0.881868 0
    outer loop
      vertex -16.7342 42.0371 0
      vertex -17.0112 41.889 14
      vertex -16.7342 42.0371 14
    endloop
  endfacet
  facet normal -0.471497 0.881868 0
    outer loop
      vertex -17.0112 41.889 14
      vertex -16.7342 42.0371 0
      vertex -17.0112 41.889 0
    endloop
  endfacet
  facet normal 0.772949 -0.634468 0
    outer loop
      vertex -22.9423 49.116 14
      vertex -22.743 49.3588 0
      vertex -22.743 49.3588 14
    endloop
  endfacet
  facet normal 0.772949 -0.634468 0
    outer loop
      vertex -22.743 49.3588 0
      vertex -22.9423 49.116 14
      vertex -22.9423 49.116 0
    endloop
  endfacet
  facet normal -0.882 0.471249 0
    outer loop
      vertex -14.9772 43.794 0
      vertex -14.8292 44.071 14
      vertex -14.8292 44.071 0
    endloop
  endfacet
  facet normal -0.882 0.471249 0
    outer loop
      vertex -14.8292 44.071 14
      vertex -14.9772 43.794 0
      vertex -14.9772 43.794 14
    endloop
  endfacet
  facet normal 0.0980537 -0.995181 0
    outer loop
      vertex -19.7607 50.9529 0
      vertex -19.4481 50.9837 14
      vertex -19.7607 50.9529 14
    endloop
  endfacet
  facet normal 0.0980537 -0.995181 0
    outer loop
      vertex -19.4481 50.9837 14
      vertex -19.7607 50.9529 0
      vertex -19.4481 50.9837 0
    endloop
  endfacet
  facet normal 0.0327953 0.999462 -0
    outer loop
      vertex -19.1342 41.394 0
      vertex -19.4481 41.4043 14
      vertex -19.1342 41.394 14
    endloop
  endfacet
  facet normal 0.0327953 0.999462 0
    outer loop
      vertex -19.4481 41.4043 14
      vertex -19.1342 41.394 0
      vertex -19.4481 41.4043 0
    endloop
  endfacet
  facet normal 0.812915 -0.582382 0
    outer loop
      vertex -23.1252 48.8607 14
      vertex -22.9423 49.116 0
      vertex -22.9423 49.116 14
    endloop
  endfacet
  facet normal 0.812915 -0.582382 0
    outer loop
      vertex -22.9423 49.116 0
      vertex -23.1252 48.8607 14
      vertex -23.1252 48.8607 0
    endloop
  endfacet
  facet normal -0.582593 0.812764 0
    outer loop
      vertex -16.2121 42.3859 0
      vertex -16.4674 42.2029 14
      vertex -16.2121 42.3859 14
    endloop
  endfacet
  facet normal -0.582593 0.812764 0
    outer loop
      vertex -16.4674 42.2029 14
      vertex -16.2121 42.3859 0
      vertex -16.4674 42.2029 0
    endloop
  endfacet
  facet normal 0.0977384 0.995212 -0
    outer loop
      vertex -19.4481 41.4043 0
      vertex -19.7607 41.435 14
      vertex -19.4481 41.4043 14
    endloop
  endfacet
  facet normal 0.0977384 0.995212 0
    outer loop
      vertex -19.7607 41.435 14
      vertex -19.4481 41.4043 0
      vertex -19.7607 41.435 0
    endloop
  endfacet
  facet normal 0.956901 0.290414 0
    outer loop
      vertex -23.6794 44.6511 14
      vertex -23.7706 44.9516 0
      vertex -23.7706 44.9516 14
    endloop
  endfacet
  facet normal 0.956901 0.290414 0
    outer loop
      vertex -23.7706 44.9516 0
      vertex -23.6794 44.6511 14
      vertex -23.6794 44.6511 0
    endloop
  endfacet
  facet normal -0.163005 -0.986625 0
    outer loop
      vertex -18.5076 50.9529 0
      vertex -18.1977 50.9017 14
      vertex -18.5076 50.9529 14
    endloop
  endfacet
  facet normal -0.163005 -0.986625 -0
    outer loop
      vertex -18.1977 50.9017 14
      vertex -18.5076 50.9529 0
      vertex -18.1977 50.9017 0
    endloop
  endfacet
  facet normal 0.412627 -0.9109 0
    outer loop
      vertex -21.2572 50.499 0
      vertex -20.9711 50.6286 14
      vertex -21.2572 50.499 14
    endloop
  endfacet
  facet normal 0.412627 -0.9109 0
    outer loop
      vertex -20.9711 50.6286 14
      vertex -21.2572 50.499 0
      vertex -20.9711 50.6286 0
    endloop
  endfacet
  facet normal -0.352379 0.935857 0
    outer loop
      vertex -17.2973 41.7594 0
      vertex -17.5913 41.6487 14
      vertex -17.2973 41.7594 14
    endloop
  endfacet
  facet normal -0.352379 0.935857 0
    outer loop
      vertex -17.5913 41.6487 14
      vertex -17.2973 41.7594 0
      vertex -17.5913 41.6487 0
    endloop
  endfacet
  facet normal -0.634278 0.773105 0
    outer loop
      vertex -15.9693 42.5851 0
      vertex -16.2121 42.3859 14
      vertex -15.9693 42.5851 14
    endloop
  endfacet
  facet normal -0.634278 0.773105 0
    outer loop
      vertex -16.2121 42.3859 14
      vertex -15.9693 42.5851 0
      vertex -16.2121 42.3859 0
    endloop
  endfacet
  facet normal -0.773105 0.634278 0
    outer loop
      vertex -15.5253 43.0291 0
      vertex -15.3261 43.2719 14
      vertex -15.3261 43.2719 0
    endloop
  endfacet
  facet normal -0.773105 0.634278 0
    outer loop
      vertex -15.3261 43.2719 14
      vertex -15.5253 43.0291 0
      vertex -15.5253 43.0291 14
    endloop
  endfacet
  facet normal -0.999473 0.032467 0
    outer loop
      vertex -14.3444 45.88 0
      vertex -14.3342 46.194 14
      vertex -14.3342 46.194 0
    endloop
  endfacet
  facet normal -0.999473 0.032467 0
    outer loop
      vertex -14.3342 46.194 14
      vertex -14.3444 45.88 0
      vertex -14.3444 45.88 14
    endloop
  endfacet
  facet normal 0.849123 -0.528195 0
    outer loop
      vertex -23.2911 48.594 14
      vertex -23.1252 48.8607 0
      vertex -23.1252 48.8607 14
    endloop
  endfacet
  facet normal 0.849123 -0.528195 0
    outer loop
      vertex -23.1252 48.8607 0
      vertex -23.2911 48.594 14
      vertex -23.2911 48.594 0
    endloop
  endfacet
  facet normal -0.0980537 -0.995181 0
    outer loop
      vertex -18.8202 50.9837 0
      vertex -18.5076 50.9529 14
      vertex -18.8202 50.9837 14
    endloop
  endfacet
  facet normal -0.0980537 -0.995181 -0
    outer loop
      vertex -18.5076 50.9529 14
      vertex -18.8202 50.9837 0
      vertex -18.5076 50.9529 0
    endloop
  endfacet
  facet normal 0.999462 0.0327849 0
    outer loop
      vertex -23.9239 45.88 14
      vertex -23.9342 46.194 0
      vertex -23.9342 46.194 14
    endloop
  endfacet
  facet normal 0.999462 0.0327849 0
    outer loop
      vertex -23.9342 46.194 0
      vertex -23.9239 45.88 14
      vertex -23.9239 45.88 0
    endloop
  endfacet
  facet normal 0.226998 0.973895 -0
    outer loop
      vertex -20.0706 41.4862 0
      vertex -20.3765 41.5575 14
      vertex -20.0706 41.4862 14
    endloop
  endfacet
  facet normal 0.226998 0.973895 0
    outer loop
      vertex -20.3765 41.5575 14
      vertex -20.0706 41.4862 0
      vertex -20.3765 41.5575 0
    endloop
  endfacet
  facet normal 0.881868 0.471497 0
    outer loop
      vertex -23.2911 43.794 14
      vertex -23.4392 44.071 0
      vertex -23.4392 44.071 14
    endloop
  endfacet
  facet normal 0.881868 0.471497 0
    outer loop
      vertex -23.4392 44.071 0
      vertex -23.2911 43.794 14
      vertex -23.2911 43.794 0
    endloop
  endfacet
  facet normal -0.290414 0.956901 0
    outer loop
      vertex -17.5913 41.6487 0
      vertex -17.8918 41.5575 14
      vertex -17.5913 41.6487 14
    endloop
  endfacet
  facet normal -0.290414 0.956901 0
    outer loop
      vertex -17.8918 41.5575 14
      vertex -17.5913 41.6487 0
      vertex -17.8918 41.5575 0
    endloop
  endfacet
  facet normal -0.812764 0.582593 0
    outer loop
      vertex -15.3261 43.2719 0
      vertex -15.1431 43.5272 14
      vertex -15.1431 43.5272 0
    endloop
  endfacet
  facet normal -0.812764 0.582593 0
    outer loop
      vertex -15.1431 43.5272 14
      vertex -15.3261 43.2719 0
      vertex -15.3261 43.2719 14
    endloop
  endfacet
  facet normal 0.683655 0.729805 -0
    outer loop
      vertex -22.299 42.5851 0
      vertex -22.5283 42.7999 14
      vertex -22.299 42.5851 14
    endloop
  endfacet
  facet normal 0.683655 0.729805 0
    outer loop
      vertex -22.5283 42.7999 14
      vertex -22.299 42.5851 0
      vertex -22.5283 42.7999 0
    endloop
  endfacet
  facet normal -0.973895 0.226998 0
    outer loop
      vertex -14.4977 44.9516 0
      vertex -14.4264 45.2575 14
      vertex -14.4264 45.2575 0
    endloop
  endfacet
  facet normal -0.973895 0.226998 0
    outer loop
      vertex -14.4264 45.2575 14
      vertex -14.4977 44.9516 0
      vertex -14.4977 44.9516 14
    endloop
  endfacet
  facet normal -0.729805 -0.683655 0
    outer loop
      vertex -15.5253 49.3588 0
      vertex -15.7401 49.5881 14
      vertex -15.7401 49.5881 0
    endloop
  endfacet
  facet normal -0.729805 -0.683655 0
    outer loop
      vertex -15.7401 49.5881 14
      vertex -15.5253 49.3588 0
      vertex -15.5253 49.3588 14
    endloop
  endfacet
  facet normal 0.412627 0.9109 -0
    outer loop
      vertex -20.9711 41.7594 0
      vertex -21.2572 41.889 14
      vertex -20.9711 41.7594 14
    endloop
  endfacet
  facet normal 0.412627 0.9109 0
    outer loop
      vertex -21.2572 41.889 14
      vertex -20.9711 41.7594 0
      vertex -21.2572 41.889 0
    endloop
  endfacet
  facet normal 0.3521 -0.935962 0
    outer loop
      vertex -20.9711 50.6286 0
      vertex -20.6771 50.7392 14
      vertex -20.9711 50.6286 14
    endloop
  endfacet
  facet normal 0.3521 -0.935962 0
    outer loop
      vertex -20.6771 50.7392 14
      vertex -20.9711 50.6286 0
      vertex -20.6771 50.7392 0
    endloop
  endfacet
  facet normal 0.582593 0.812764 -0
    outer loop
      vertex -21.8009 42.2029 0
      vertex -22.0562 42.3859 14
      vertex -21.8009 42.2029 14
    endloop
  endfacet
  facet normal 0.582593 0.812764 0
    outer loop
      vertex -22.0562 42.3859 14
      vertex -21.8009 42.2029 0
      vertex -22.0562 42.3859 0
    endloop
  endfacet
  facet normal 0.999462 -0.0327953 0
    outer loop
      vertex -23.9342 46.194 14
      vertex -23.9239 46.5079 0
      vertex -23.9239 46.5079 14
    endloop
  endfacet
  facet normal 0.999462 -0.0327953 0
    outer loop
      vertex -23.9239 46.5079 0
      vertex -23.9342 46.194 14
      vertex -23.9342 46.194 0
    endloop
  endfacet
  facet normal 0.995181 -0.0980537 0
    outer loop
      vertex -23.9239 46.5079 14
      vertex -23.8931 46.8205 0
      vertex -23.8931 46.8205 14
    endloop
  endfacet
  facet normal 0.995181 -0.0980537 0
    outer loop
      vertex -23.8931 46.8205 0
      vertex -23.9239 46.5079 14
      vertex -23.9239 46.5079 0
    endloop
  endfacet
  facet normal 0.986634 0.162954 0
    outer loop
      vertex -23.8419 45.2575 14
      vertex -23.8931 45.5675 0
      vertex -23.8931 45.5675 14
    endloop
  endfacet
  facet normal 0.986634 0.162954 0
    outer loop
      vertex -23.8931 45.5675 0
      vertex -23.8419 45.2575 14
      vertex -23.8419 45.2575 0
    endloop
  endfacet
  facet normal 0.995178 0.0980848 0
    outer loop
      vertex -23.8931 45.5675 14
      vertex -23.9239 45.88 0
      vertex -23.9239 45.88 14
    endloop
  endfacet
  facet normal 0.995178 0.0980848 0
    outer loop
      vertex -23.9239 45.88 0
      vertex -23.8931 45.5675 14
      vertex -23.8931 45.5675 0
    endloop
  endfacet
  facet normal -0.471497 -0.881868 0
    outer loop
      vertex -17.0112 50.499 0
      vertex -16.7342 50.3509 14
      vertex -17.0112 50.499 14
    endloop
  endfacet
  facet normal -0.471497 -0.881868 -0
    outer loop
      vertex -16.7342 50.3509 14
      vertex -17.0112 50.499 0
      vertex -16.7342 50.3509 0
    endloop
  endfacet
  facet normal -0.163005 0.986625 0
    outer loop
      vertex -18.1977 41.4862 0
      vertex -18.5076 41.435 14
      vertex -18.1977 41.4862 14
    endloop
  endfacet
  facet normal -0.163005 0.986625 0
    outer loop
      vertex -18.5076 41.435 14
      vertex -18.1977 41.4862 0
      vertex -18.5076 41.435 0
    endloop
  endfacet
  facet normal 0.772949 0.634468 0
    outer loop
      vertex -22.743 43.0291 14
      vertex -22.9423 43.2719 0
      vertex -22.9423 43.2719 14
    endloop
  endfacet
  facet normal 0.772949 0.634468 0
    outer loop
      vertex -22.9423 43.2719 0
      vertex -22.743 43.0291 14
      vertex -22.743 43.0291 0
    endloop
  endfacet
  facet normal 0.849212 -0.528052 0
    outer loop
      vertex -34.595 -37.2677 14
      vertex -34.4291 -37.0009 7
      vertex -34.4291 -37.0009 14
    endloop
  endfacet
  facet normal 0.849212 -0.528052 0
    outer loop
      vertex -34.4291 -37.0009 7
      vertex -34.595 -37.2677 14
      vertex -34.595 -37.2677 7
    endloop
  endfacet
  facet normal 0.812915 -0.582382 0
    outer loop
      vertex -34.4291 -37.0009 14
      vertex -34.2462 -36.7456 7
      vertex -34.2462 -36.7456 14
    endloop
  endfacet
  facet normal 0.812915 -0.582382 0
    outer loop
      vertex -34.2462 -36.7456 7
      vertex -34.4291 -37.0009 14
      vertex -34.4291 -37.0009 7
    endloop
  endfacet
  facet normal 0.881868 -0.471497 0
    outer loop
      vertex -34.7431 -37.5447 14
      vertex -34.595 -37.2677 7
      vertex -34.595 -37.2677 14
    endloop
  endfacet
  facet normal 0.881868 -0.471497 0
    outer loop
      vertex -34.595 -37.2677 7
      vertex -34.7431 -37.5447 14
      vertex -34.7431 -37.5447 7
    endloop
  endfacet
  facet normal 0.9109 -0.412627 0
    outer loop
      vertex -34.8727 -37.8308 14
      vertex -34.7431 -37.5447 7
      vertex -34.7431 -37.5447 14
    endloop
  endfacet
  facet normal 0.9109 -0.412627 0
    outer loop
      vertex -34.7431 -37.5447 7
      vertex -34.8727 -37.8308 14
      vertex -34.8727 -37.8308 7
    endloop
  endfacet
  facet normal 0.999462 -0.0327849 0
    outer loop
      vertex -35.2381 -39.6677 14
      vertex -35.2278 -39.3537 0
      vertex -35.2278 -39.3537 14
    endloop
  endfacet
  facet normal 0.999462 -0.0327849 0
    outer loop
      vertex -35.2278 -39.3537 0
      vertex -35.2381 -39.6677 14
      vertex -35.2381 -39.6677 0
    endloop
  endfacet
  facet normal -0.528052 0.849212 0
    outer loop
      vertex -27.7713 -43.6587 0
      vertex -28.0381 -43.8246 14
      vertex -27.7713 -43.6587 14
    endloop
  endfacet
  facet normal -0.528052 0.849212 0
    outer loop
      vertex -28.0381 -43.8246 14
      vertex -27.7713 -43.6587 0
      vertex -28.0381 -43.8246 0
    endloop
  endfacet
  facet normal -0.634278 -0.773105 0
    outer loop
      vertex -27.516 -35.8596 0
      vertex -27.2732 -36.0588 14
      vertex -27.516 -35.8596 14
    endloop
  endfacet
  facet normal -0.634278 -0.773105 -0
    outer loop
      vertex -27.2732 -36.0588 14
      vertex -27.516 -35.8596 0
      vertex -27.2732 -36.0588 0
    endloop
  endfacet
  facet normal -0.910835 0.412772 0
    outer loop
      vertex -26.1331 -41.7907 0
      vertex -26.0034 -41.5045 14
      vertex -26.0034 -41.5045 0
    endloop
  endfacet
  facet normal -0.910835 0.412772 0
    outer loop
      vertex -26.0034 -41.5045 14
      vertex -26.1331 -41.7907 0
      vertex -26.1331 -41.7907 14
    endloop
  endfacet
  facet normal 0.471249 -0.882 0
    outer loop
      vertex -32.8381 -35.5107 0
      vertex -32.5611 -35.3627 14
      vertex -32.8381 -35.5107 14
    endloop
  endfacet
  facet normal 0.471249 -0.882 0
    outer loop
      vertex -32.5611 -35.3627 14
      vertex -32.8381 -35.5107 0
      vertex -32.5611 -35.3627 0
    endloop
  endfacet
  facet normal -0.882 0.471249 0
    outer loop
      vertex -26.2811 -42.0677 0
      vertex -26.1331 -41.7907 14
      vertex -26.1331 -41.7907 0
    endloop
  endfacet
  facet normal -0.882 0.471249 0
    outer loop
      vertex -26.1331 -41.7907 14
      vertex -26.2811 -42.0677 0
      vertex -26.2811 -42.0677 14
    endloop
  endfacet
  facet normal -0.471249 -0.882 0
    outer loop
      vertex -28.3151 -35.3627 0
      vertex -28.0381 -35.5107 14
      vertex -28.3151 -35.3627 14
    endloop
  endfacet
  facet normal -0.471249 -0.882 -0
    outer loop
      vertex -28.0381 -35.5107 14
      vertex -28.3151 -35.3627 0
      vertex -28.0381 -35.5107 0
    endloop
  endfacet
  facet normal 0.986625 -0.163005 0
    outer loop
      vertex -35.197 -39.0411 14
      vertex -35.1458 -38.7312 0
      vertex -35.1458 -38.7312 14
    endloop
  endfacet
  facet normal 0.986625 -0.163005 0
    outer loop
      vertex -35.1458 -38.7312 0
      vertex -35.197 -39.0411 14
      vertex -35.197 -39.0411 0
    endloop
  endfacet
  facet normal -0.956928 0.290325 0
    outer loop
      vertex -25.8928 -41.2106 0
      vertex -25.8016 -40.91 14
      vertex -25.8016 -40.91 0
    endloop
  endfacet
  facet normal -0.956928 0.290325 0
    outer loop
      vertex -25.8016 -40.91 14
      vertex -25.8928 -41.2106 0
      vertex -25.8928 -41.2106 14
    endloop
  endfacet
  facet normal 0.290325 0.956928 -0
    outer loop
      vertex -31.6804 -44.3041 0
      vertex -31.981 -44.2129 14
      vertex -31.6804 -44.3041 14
    endloop
  endfacet
  facet normal 0.290325 0.956928 0
    outer loop
      vertex -31.981 -44.2129 14
      vertex -31.6804 -44.3041 0
      vertex -31.981 -44.2129 0
    endloop
  endfacet
  facet normal -0.849123 0.528195 0
    outer loop
      vertex -26.447 -42.3344 0
      vertex -26.2811 -42.0677 14
      vertex -26.2811 -42.0677 0
    endloop
  endfacet
  facet normal -0.849123 0.528195 0
    outer loop
      vertex -26.2811 -42.0677 14
      vertex -26.447 -42.3344 0
      vertex -26.447 -42.3344 14
    endloop
  endfacet
  facet normal 0.812915 0.582382 0
    outer loop
      vertex -34.2462 -42.5897 14
      vertex -34.4291 -42.3344 0
      vertex -34.4291 -42.3344 14
    endloop
  endfacet
  facet normal 0.812915 0.582382 0
    outer loop
      vertex -34.4291 -42.3344 0
      vertex -34.2462 -42.5897 14
      vertex -34.2462 -42.5897 0
    endloop
  endfacet
  facet normal -0.986625 -0.163005 0
    outer loop
      vertex -25.6791 -39.0411 0
      vertex -25.7303 -38.7312 14
      vertex -25.7303 -38.7312 0
    endloop
  endfacet
  facet normal -0.986625 -0.163005 0
    outer loop
      vertex -25.7303 -38.7312 14
      vertex -25.6791 -39.0411 0
      vertex -25.6791 -39.0411 14
    endloop
  endfacet
  facet normal 0.163005 0.986625 -0
    outer loop
      vertex -31.0646 -44.4266 0
      vertex -31.3745 -44.3754 14
      vertex -31.0646 -44.4266 14
    endloop
  endfacet
  facet normal 0.163005 0.986625 0
    outer loop
      vertex -31.3745 -44.3754 14
      vertex -31.0646 -44.4266 0
      vertex -31.3745 -44.3754 0
    endloop
  endfacet
  facet normal -0.995181 -0.0980537 0
    outer loop
      vertex -25.6483 -39.3537 0
      vertex -25.6791 -39.0411 14
      vertex -25.6791 -39.0411 0
    endloop
  endfacet
  facet normal -0.995181 -0.0980537 0
    outer loop
      vertex -25.6791 -39.0411 14
      vertex -25.6483 -39.3537 0
      vertex -25.6483 -39.3537 14
    endloop
  endfacet
  facet normal 0.910954 0.412508 0
    outer loop
      vertex -34.7431 -41.7907 14
      vertex -34.8727 -41.5045 0
      vertex -34.8727 -41.5045 14
    endloop
  endfacet
  facet normal 0.910954 0.412508 0
    outer loop
      vertex -34.8727 -41.5045 0
      vertex -34.7431 -41.7907 14
      vertex -34.7431 -41.7907 0
    endloop
  endfacet
  facet normal 0.163005 -0.986625 0
    outer loop
      vertex -31.3745 -34.9599 0
      vertex -31.0646 -34.9087 14
      vertex -31.3745 -34.9599 14
    endloop
  endfacet
  facet normal 0.163005 -0.986625 0
    outer loop
      vertex -31.0646 -34.9087 14
      vertex -31.3745 -34.9599 0
      vertex -31.0646 -34.9087 0
    endloop
  endfacet
  facet normal -0.471497 0.881868 0
    outer loop
      vertex -28.0381 -43.8246 0
      vertex -28.3151 -43.9727 14
      vertex -28.0381 -43.8246 14
    endloop
  endfacet
  facet normal -0.471497 0.881868 0
    outer loop
      vertex -28.3151 -43.9727 14
      vertex -28.0381 -43.8246 0
      vertex -28.3151 -43.9727 0
    endloop
  endfacet
  facet normal 0.729815 -0.683644 0
    outer loop
      vertex -34.0469 -36.5028 14
      vertex -33.8322 -36.2736 7
      vertex -33.8322 -36.2736 14
    endloop
  endfacet
  facet normal 0.729815 -0.683644 0
    outer loop
      vertex -33.8322 -36.2736 7
      vertex -34.0469 -36.5028 14
      vertex -34.0469 -36.5028 7
    endloop
  endfacet
  facet normal -0.412627 0.9109 0
    outer loop
      vertex -28.3151 -43.9727 0
      vertex -28.6012 -44.1023 14
      vertex -28.3151 -43.9727 14
    endloop
  endfacet
  facet normal -0.412627 0.9109 0
    outer loop
      vertex -28.6012 -44.1023 14
      vertex -28.3151 -43.9727 0
      vertex -28.6012 -44.1023 0
    endloop
  endfacet
  facet normal 0.3521 0.935962 -0
    outer loop
      vertex -31.981 -44.2129 0
      vertex -32.275 -44.1023 14
      vertex -31.981 -44.2129 14
    endloop
  endfacet
  facet normal 0.3521 0.935962 0
    outer loop
      vertex -32.275 -44.1023 14
      vertex -31.981 -44.2129 0
      vertex -32.275 -44.1023 0
    endloop
  endfacet
  facet normal 0.881868 0.471497 0
    outer loop
      vertex -34.595 -42.0677 14
      vertex -34.7431 -41.7907 0
      vertex -34.7431 -41.7907 14
    endloop
  endfacet
  facet normal 0.881868 0.471497 0
    outer loop
      vertex -34.7431 -41.7907 0
      vertex -34.595 -42.0677 14
      vertex -34.595 -42.0677 0
    endloop
  endfacet
  facet normal 0.683486 0.729964 -0
    outer loop
      vertex -33.6029 -43.2765 0
      vertex -33.8322 -43.0618 14
      vertex -33.6029 -43.2765 14
    endloop
  endfacet
  facet normal 0.683486 0.729964 0
    outer loop
      vertex -33.8322 -43.0618 14
      vertex -33.6029 -43.2765 0
      vertex -33.8322 -43.0618 0
    endloop
  endfacet
  facet normal 0.995181 -0.0980537 0
    outer loop
      vertex -35.2278 -39.3537 14
      vertex -35.197 -39.0411 0
      vertex -35.197 -39.0411 14
    endloop
  endfacet
  facet normal 0.995181 -0.0980537 0
    outer loop
      vertex -35.197 -39.0411 0
      vertex -35.2278 -39.3537 14
      vertex -35.2278 -39.3537 0
    endloop
  endfacet
  facet normal -0.163005 -0.986625 0
    outer loop
      vertex -29.8115 -34.9087 0
      vertex -29.5016 -34.9599 14
      vertex -29.8115 -34.9087 14
    endloop
  endfacet
  facet normal -0.163005 -0.986625 -0
    outer loop
      vertex -29.5016 -34.9599 14
      vertex -29.8115 -34.9087 0
      vertex -29.5016 -34.9599 0
    endloop
  endfacet
  facet normal 0.412627 0.9109 -0
    outer loop
      vertex -32.275 -44.1023 0
      vertex -32.5611 -43.9727 14
      vertex -32.275 -44.1023 14
    endloop
  endfacet
  facet normal 0.412627 0.9109 0
    outer loop
      vertex -32.5611 -43.9727 14
      vertex -32.275 -44.1023 0
      vertex -32.5611 -43.9727 0
    endloop
  endfacet
  facet normal 0.582382 0.812915 -0
    outer loop
      vertex -33.1048 -43.6587 0
      vertex -33.3601 -43.4758 14
      vertex -33.1048 -43.6587 14
    endloop
  endfacet
  facet normal 0.582382 0.812915 0
    outer loop
      vertex -33.3601 -43.4758 14
      vertex -33.1048 -43.6587 0
      vertex -33.3601 -43.4758 0
    endloop
  endfacet
  facet normal -0.0327849 0.999462 0
    outer loop
      vertex -30.1241 -44.4574 0
      vertex -30.4381 -44.4677 14
      vertex -30.1241 -44.4574 14
    endloop
  endfacet
  facet normal -0.0327849 0.999462 0
    outer loop
      vertex -30.4381 -44.4677 14
      vertex -30.1241 -44.4574 0
      vertex -30.4381 -44.4677 0
    endloop
  endfacet
  facet normal 0.0327953 0.999462 -0
    outer loop
      vertex -30.4381 -44.4677 0
      vertex -30.752 -44.4574 14
      vertex -30.4381 -44.4677 14
    endloop
  endfacet
  facet normal 0.0327953 0.999462 0
    outer loop
      vertex -30.752 -44.4574 14
      vertex -30.4381 -44.4677 0
      vertex -30.752 -44.4574 0
    endloop
  endfacet
  facet normal -0.812764 0.582593 0
    outer loop
      vertex -26.63 -42.5897 0
      vertex -26.447 -42.3344 14
      vertex -26.447 -42.3344 0
    endloop
  endfacet
  facet normal -0.812764 0.582593 0
    outer loop
      vertex -26.447 -42.3344 14
      vertex -26.63 -42.5897 0
      vertex -26.63 -42.5897 14
    endloop
  endfacet
  facet normal -0.999473 -0.032467 0
    outer loop
      vertex -25.6381 -39.6677 0
      vertex -25.6483 -39.3537 14
      vertex -25.6483 -39.3537 0
    endloop
  endfacet
  facet normal -0.999473 -0.032467 0
    outer loop
      vertex -25.6483 -39.3537 14
      vertex -25.6381 -39.6677 0
      vertex -25.6381 -39.6677 14
    endloop
  endfacet
  facet normal 0.226998 0.973895 -0
    outer loop
      vertex -31.3745 -44.3754 0
      vertex -31.6804 -44.3041 14
      vertex -31.3745 -44.3754 14
    endloop
  endfacet
  facet normal 0.226998 0.973895 0
    outer loop
      vertex -31.6804 -44.3041 14
      vertex -31.3745 -44.3754 0
      vertex -31.6804 -44.3041 0
    endloop
  endfacet
  facet normal 0.582593 -0.812764 0
    outer loop
      vertex -33.3601 -35.8596 7
      vertex -33.1048 -35.6766 14
      vertex -33.3601 -35.8596 14
    endloop
  endfacet
  facet normal 0.582593 -0.812764 0
    outer loop
      vertex -33.1048 -35.6766 14
      vertex -33.3601 -35.8596 7
      vertex -33.1048 -35.6766 7
    endloop
  endfacet
  facet normal -0.226998 -0.973895 0
    outer loop
      vertex -29.5016 -34.9599 0
      vertex -29.1957 -35.0312 14
      vertex -29.5016 -34.9599 14
    endloop
  endfacet
  facet normal -0.226998 -0.973895 -0
    outer loop
      vertex -29.1957 -35.0312 14
      vertex -29.5016 -34.9599 0
      vertex -29.1957 -35.0312 0
    endloop
  endfacet
  facet normal -0.729805 0.683655 0
    outer loop
      vertex -27.044 -43.0618 0
      vertex -26.8292 -42.8325 14
      vertex -26.8292 -42.8325 0
    endloop
  endfacet
  facet normal -0.729805 0.683655 0
    outer loop
      vertex -26.8292 -42.8325 14
      vertex -27.044 -43.0618 0
      vertex -27.044 -43.0618 14
    endloop
  endfacet
  facet normal 0.683655 -0.729805 0
    outer loop
      vertex -33.8322 -36.2736 7
      vertex -33.6029 -36.0588 14
      vertex -33.8322 -36.2736 14
    endloop
  endfacet
  facet normal 0.683655 -0.729805 0
    outer loop
      vertex -33.6029 -36.0588 14
      vertex -33.8322 -36.2736 7
      vertex -33.6029 -36.0588 7
    endloop
  endfacet
  facet normal 0.772949 0.634468 0
    outer loop
      vertex -34.0469 -42.8325 14
      vertex -34.2462 -42.5897 0
      vertex -34.2462 -42.5897 14
    endloop
  endfacet
  facet normal 0.772949 0.634468 0
    outer loop
      vertex -34.2462 -42.5897 0
      vertex -34.0469 -42.8325 14
      vertex -34.0469 -42.8325 0
    endloop
  endfacet
  facet normal 0.528195 0.849123 -0
    outer loop
      vertex -32.8381 -43.8246 0
      vertex -33.1048 -43.6587 14
      vertex -32.8381 -43.8246 14
    endloop
  endfacet
  facet normal 0.528195 0.849123 0
    outer loop
      vertex -33.1048 -43.6587 14
      vertex -32.8381 -43.8246 0
      vertex -33.1048 -43.6587 0
    endloop
  endfacet
  facet normal 0.849123 0.528195 0
    outer loop
      vertex -34.4291 -42.3344 14
      vertex -34.595 -42.0677 0
      vertex -34.595 -42.0677 14
    endloop
  endfacet
  facet normal 0.849123 0.528195 0
    outer loop
      vertex -34.595 -42.0677 0
      vertex -34.4291 -42.3344 14
      vertex -34.4291 -42.3344 0
    endloop
  endfacet
  facet normal 0.226998 -0.973895 0
    outer loop
      vertex -31.6804 -35.0312 0
      vertex -31.3745 -34.9599 14
      vertex -31.6804 -35.0312 14
    endloop
  endfacet
  facet normal 0.226998 -0.973895 0
    outer loop
      vertex -31.3745 -34.9599 14
      vertex -31.6804 -35.0312 0
      vertex -31.3745 -34.9599 0
    endloop
  endfacet
  facet normal 0.973895 0.226998 0
    outer loop
      vertex -35.0745 -40.91 14
      vertex -35.1458 -40.6041 0
      vertex -35.1458 -40.6041 14
    endloop
  endfacet
  facet normal 0.973895 0.226998 0
    outer loop
      vertex -35.1458 -40.6041 0
      vertex -35.0745 -40.91 14
      vertex -35.0745 -40.91 0
    endloop
  endfacet
  facet normal -0.582593 -0.812764 0
    outer loop
      vertex -27.7713 -35.6766 0
      vertex -27.516 -35.8596 14
      vertex -27.7713 -35.6766 14
    endloop
  endfacet
  facet normal -0.582593 -0.812764 -0
    outer loop
      vertex -27.516 -35.8596 14
      vertex -27.7713 -35.6766 0
      vertex -27.516 -35.8596 0
    endloop
  endfacet
  facet normal 0.634278 -0.773105 0
    outer loop
      vertex -33.6029 -36.0588 7
      vertex -33.3601 -35.8596 14
      vertex -33.6029 -36.0588 14
    endloop
  endfacet
  facet normal 0.634278 -0.773105 0
    outer loop
      vertex -33.3601 -35.8596 14
      vertex -33.6029 -36.0588 7
      vertex -33.3601 -35.8596 7
    endloop
  endfacet
  facet normal -0.0980537 -0.995181 0
    outer loop
      vertex -30.1241 -34.8779 0
      vertex -29.8115 -34.9087 14
      vertex -30.1241 -34.8779 14
    endloop
  endfacet
  facet normal -0.0980537 -0.995181 -0
    outer loop
      vertex -29.8115 -34.9087 14
      vertex -30.1241 -34.8779 0
      vertex -29.8115 -34.9087 0
    endloop
  endfacet
  facet normal 0.973895 -0.226998 0
    outer loop
      vertex -35.1458 -38.7312 14
      vertex -35.0745 -38.4253 0
      vertex -35.0745 -38.4253 14
    endloop
  endfacet
  facet normal 0.973895 -0.226998 0
    outer loop
      vertex -35.0745 -38.4253 0
      vertex -35.1458 -38.7312 14
      vertex -35.1458 -38.7312 0
    endloop
  endfacet
  facet normal 0.772949 -0.634468 0
    outer loop
      vertex -34.2462 -36.7456 14
      vertex -34.0469 -36.5028 7
      vertex -34.0469 -36.5028 14
    endloop
  endfacet
  facet normal 0.772949 -0.634468 0
    outer loop
      vertex -34.0469 -36.5028 7
      vertex -34.2462 -36.7456 14
      vertex -34.2462 -36.7456 7
    endloop
  endfacet
  facet normal 0.634468 0.772949 -0
    outer loop
      vertex -33.3601 -43.4758 0
      vertex -33.6029 -43.2765 14
      vertex -33.3601 -43.4758 14
    endloop
  endfacet
  facet normal 0.634468 0.772949 0
    outer loop
      vertex -33.6029 -43.2765 14
      vertex -33.3601 -43.4758 0
      vertex -33.6029 -43.2765 0
    endloop
  endfacet
  facet normal 0.986625 0.163005 0
    outer loop
      vertex -35.1458 -40.6041 14
      vertex -35.197 -40.2942 0
      vertex -35.197 -40.2942 14
    endloop
  endfacet
  facet normal 0.986625 0.163005 0
    outer loop
      vertex -35.197 -40.2942 0
      vertex -35.1458 -40.6041 14
      vertex -35.1458 -40.6041 0
    endloop
  endfacet
  facet normal -0.935962 -0.3521 0
    outer loop
      vertex -25.8928 -38.1248 0
      vertex -26.0034 -37.8308 14
      vertex -26.0034 -37.8308 0
    endloop
  endfacet
  facet normal -0.935962 -0.3521 0
    outer loop
      vertex -26.0034 -37.8308 14
      vertex -25.8928 -38.1248 0
      vertex -25.8928 -38.1248 14
    endloop
  endfacet
  facet normal -0.528052 -0.849212 0
    outer loop
      vertex -28.0381 -35.5107 0
      vertex -27.7713 -35.6766 14
      vertex -28.0381 -35.5107 14
    endloop
  endfacet
  facet normal -0.528052 -0.849212 -0
    outer loop
      vertex -27.7713 -35.6766 14
      vertex -28.0381 -35.5107 0
      vertex -27.7713 -35.6766 0
    endloop
  endfacet
  facet normal 0.956928 0.290325 0
    outer loop
      vertex -34.9833 -41.2106 14
      vertex -35.0745 -40.91 0
      vertex -35.0745 -40.91 14
    endloop
  endfacet
  facet normal 0.956928 0.290325 0
    outer loop
      vertex -35.0745 -40.91 0
      vertex -34.9833 -41.2106 14
      vertex -34.9833 -41.2106 0
    endloop
  endfacet
  facet normal 0.956901 -0.290414 0
    outer loop
      vertex -35.0745 -38.4253 14
      vertex -34.9833 -38.1248 0
      vertex -34.9833 -38.1248 14
    endloop
  endfacet
  facet normal 0.956901 -0.290414 0
    outer loop
      vertex -34.9833 -38.1248 0
      vertex -35.0745 -38.4253 14
      vertex -35.0745 -38.4253 0
    endloop
  endfacet
  facet normal -0.773105 0.634278 0
    outer loop
      vertex -26.8292 -42.8325 0
      vertex -26.63 -42.5897 14
      vertex -26.63 -42.5897 0
    endloop
  endfacet
  facet normal -0.773105 0.634278 0
    outer loop
      vertex -26.63 -42.5897 14
      vertex -26.8292 -42.8325 0
      vertex -26.8292 -42.8325 14
    endloop
  endfacet
  facet normal -0.032467 -0.999473 0
    outer loop
      vertex -30.4381 -34.8677 0
      vertex -30.1241 -34.8779 14
      vertex -30.4381 -34.8677 14
    endloop
  endfacet
  facet normal -0.032467 -0.999473 -0
    outer loop
      vertex -30.1241 -34.8779 14
      vertex -30.4381 -34.8677 0
      vertex -30.1241 -34.8779 0
    endloop
  endfacet
  facet normal -0.226998 0.973895 0
    outer loop
      vertex -29.1957 -44.3041 0
      vertex -29.5016 -44.3754 14
      vertex -29.1957 -44.3041 14
    endloop
  endfacet
  facet normal -0.226998 0.973895 0
    outer loop
      vertex -29.5016 -44.3754 14
      vertex -29.1957 -44.3041 0
      vertex -29.5016 -44.3754 0
    endloop
  endfacet
  facet normal 0.527934 -0.849285 0
    outer loop
      vertex -32.9864 -35.603 7
      vertex -33.1048 -35.6766 14
      vertex -33.1048 -35.6766 7
    endloop
  endfacet
  facet normal 0.528195 -0.849123 6.11292e-06
    outer loop
      vertex -33.1048 -35.6766 14
      vertex -32.9864 -35.603 7
      vertex -32.8381 -35.5107 14
    endloop
  endfacet
  facet normal 0.528403 -0.848994 0
    outer loop
      vertex -32.8381 -35.5107 0
      vertex -32.9864 -35.603 7
      vertex -32.9864 -35.603 0
    endloop
  endfacet
  facet normal 0.528403 -0.848994 0
    outer loop
      vertex -32.9864 -35.603 7
      vertex -32.8381 -35.5107 0
      vertex -32.8381 -35.5107 14
    endloop
  endfacet
  facet normal 0.936082 -0.351782 0
    outer loop
      vertex -34.8727 -37.8308 14
      vertex -34.9078 -37.9242 7
      vertex -34.8727 -37.8308 7
    endloop
  endfacet
  facet normal 0.935962 -0.3521 4.83899e-06
    outer loop
      vertex -34.9833 -38.1248 14
      vertex -34.9078 -37.9242 7
      vertex -34.8727 -37.8308 14
    endloop
  endfacet
  facet normal 0.935907 -0.352248 0
    outer loop
      vertex -34.9833 -38.1248 0
      vertex -34.9078 -37.9242 7
      vertex -34.9833 -38.1248 14
    endloop
  endfacet
  facet normal 0.935907 -0.352248 0
    outer loop
      vertex -34.9078 -37.9242 7
      vertex -34.9833 -38.1248 0
      vertex -34.9078 -37.9242 0
    endloop
  endfacet
  facet normal -0.935923 0.352205 0
    outer loop
      vertex -26.0034 -41.5045 0
      vertex -25.8928 -41.2106 14
      vertex -25.8928 -41.2106 0
    endloop
  endfacet
  facet normal -0.935923 0.352205 0
    outer loop
      vertex -25.8928 -41.2106 14
      vertex -26.0034 -41.5045 0
      vertex -26.0034 -41.5045 14
    endloop
  endfacet
  facet normal 0.0324773 -0.999472 0
    outer loop
      vertex -30.752 -34.8779 0
      vertex -30.4381 -34.8677 14
      vertex -30.752 -34.8779 14
    endloop
  endfacet
  facet normal 0.0324773 -0.999472 0
    outer loop
      vertex -30.4381 -34.8677 14
      vertex -30.752 -34.8779 0
      vertex -30.4381 -34.8677 0
    endloop
  endfacet
  facet normal 0.471497 0.881868 -0
    outer loop
      vertex -32.5611 -43.9727 0
      vertex -32.8381 -43.8246 14
      vertex -32.5611 -43.9727 14
    endloop
  endfacet
  facet normal 0.471497 0.881868 0
    outer loop
      vertex -32.8381 -43.8246 14
      vertex -32.5611 -43.9727 0
      vertex -32.8381 -43.8246 0
    endloop
  endfacet
  facet normal -0.999472 0.0324773 0
    outer loop
      vertex -25.6483 -39.9816 0
      vertex -25.6381 -39.6677 14
      vertex -25.6381 -39.6677 0
    endloop
  endfacet
  facet normal -0.999472 0.0324773 0
    outer loop
      vertex -25.6381 -39.6677 14
      vertex -25.6483 -39.9816 0
      vertex -25.6483 -39.9816 14
    endloop
  endfacet
  facet normal 0.412891 -0.91078 0
    outer loop
      vertex -32.5611 -35.3627 0
      vertex -32.275 -35.233 14
      vertex -32.5611 -35.3627 14
    endloop
  endfacet
  facet normal 0.412891 -0.91078 0
    outer loop
      vertex -32.275 -35.233 14
      vertex -32.5611 -35.3627 0
      vertex -32.275 -35.233 0
    endloop
  endfacet
  facet normal -0.412891 -0.91078 0
    outer loop
      vertex -28.6012 -35.233 0
      vertex -28.3151 -35.3627 14
      vertex -28.6012 -35.233 14
    endloop
  endfacet
  facet normal -0.412891 -0.91078 -0
    outer loop
      vertex -28.3151 -35.3627 14
      vertex -28.6012 -35.233 0
      vertex -28.3151 -35.3627 0
    endloop
  endfacet
  facet normal -0.582382 0.812915 0
    outer loop
      vertex -27.516 -43.4758 0
      vertex -27.7713 -43.6587 14
      vertex -27.516 -43.4758 14
    endloop
  endfacet
  facet normal -0.582382 0.812915 0
    outer loop
      vertex -27.7713 -43.6587 14
      vertex -27.516 -43.4758 0
      vertex -27.7713 -43.6587 0
    endloop
  endfacet
  facet normal -0.683814 -0.729656 0
    outer loop
      vertex -27.2732 -36.0588 0
      vertex -27.044 -36.2736 14
      vertex -27.2732 -36.0588 14
    endloop
  endfacet
  facet normal -0.683814 -0.729656 -0
    outer loop
      vertex -27.044 -36.2736 14
      vertex -27.2732 -36.0588 0
      vertex -27.044 -36.2736 0
    endloop
  endfacet
  facet normal -0.290414 -0.956901 0
    outer loop
      vertex -29.1957 -35.0312 0
      vertex -28.8952 -35.1224 14
      vertex -29.1957 -35.0312 14
    endloop
  endfacet
  facet normal -0.290414 -0.956901 -0
    outer loop
      vertex -28.8952 -35.1224 14
      vertex -29.1957 -35.0312 0
      vertex -28.8952 -35.1224 0
    endloop
  endfacet
  facet normal 0.995181 0.0980537 0
    outer loop
      vertex -35.197 -40.2942 14
      vertex -35.2278 -39.9816 0
      vertex -35.2278 -39.9816 14
    endloop
  endfacet
  facet normal 0.995181 0.0980537 0
    outer loop
      vertex -35.2278 -39.9816 0
      vertex -35.197 -40.2942 14
      vertex -35.197 -40.2942 0
    endloop
  endfacet
  facet normal -0.0980537 0.995181 0
    outer loop
      vertex -29.8115 -44.4266 0
      vertex -30.1241 -44.4574 14
      vertex -29.8115 -44.4266 14
    endloop
  endfacet
  facet normal -0.0980537 0.995181 0
    outer loop
      vertex -30.1241 -44.4574 14
      vertex -29.8115 -44.4266 0
      vertex -30.1241 -44.4574 0
    endloop
  endfacet
  facet normal -0.163005 0.986625 0
    outer loop
      vertex -29.5016 -44.3754 0
      vertex -29.8115 -44.4266 14
      vertex -29.5016 -44.3754 14
    endloop
  endfacet
  facet normal -0.163005 0.986625 0
    outer loop
      vertex -29.8115 -44.4266 14
      vertex -29.5016 -44.3754 0
      vertex -29.8115 -44.4266 0
    endloop
  endfacet
  facet normal 0.935923 0.352205 0
    outer loop
      vertex -34.8727 -41.5045 14
      vertex -34.9833 -41.2106 0
      vertex -34.9833 -41.2106 14
    endloop
  endfacet
  facet normal 0.935923 0.352205 0
    outer loop
      vertex -34.9833 -41.2106 0
      vertex -34.8727 -41.5045 14
      vertex -34.8727 -41.5045 0
    endloop
  endfacet
  facet normal -0.995181 0.0980537 0
    outer loop
      vertex -25.6791 -40.2942 0
      vertex -25.6483 -39.9816 14
      vertex -25.6483 -39.9816 0
    endloop
  endfacet
  facet normal -0.995181 0.0980537 0
    outer loop
      vertex -25.6483 -39.9816 14
      vertex -25.6791 -40.2942 0
      vertex -25.6791 -40.2942 14
    endloop
  endfacet
  facet normal -0.849212 -0.528052 0
    outer loop
      vertex -26.2811 -37.2677 0
      vertex -26.447 -37.0009 14
      vertex -26.447 -37.0009 0
    endloop
  endfacet
  facet normal -0.849212 -0.528052 0
    outer loop
      vertex -26.447 -37.0009 14
      vertex -26.2811 -37.2677 0
      vertex -26.2811 -37.2677 14
    endloop
  endfacet
  facet normal -0.634468 0.772949 0
    outer loop
      vertex -27.2732 -43.2765 0
      vertex -27.516 -43.4758 14
      vertex -27.2732 -43.2765 14
    endloop
  endfacet
  facet normal -0.634468 0.772949 0
    outer loop
      vertex -27.516 -43.4758 14
      vertex -27.2732 -43.2765 0
      vertex -27.516 -43.4758 0
    endloop
  endfacet
  facet normal -0.956901 -0.290414 0
    outer loop
      vertex -25.8016 -38.4253 0
      vertex -25.8928 -38.1248 14
      vertex -25.8928 -38.1248 0
    endloop
  endfacet
  facet normal -0.956901 -0.290414 0
    outer loop
      vertex -25.8928 -38.1248 14
      vertex -25.8016 -38.4253 0
      vertex -25.8016 -38.4253 14
    endloop
  endfacet
  facet normal -0.683644 0.729815 0
    outer loop
      vertex -27.044 -43.0618 0
      vertex -27.2732 -43.2765 14
      vertex -27.044 -43.0618 14
    endloop
  endfacet
  facet normal -0.683644 0.729815 0
    outer loop
      vertex -27.2732 -43.2765 14
      vertex -27.044 -43.0618 0
      vertex -27.2732 -43.2765 0
    endloop
  endfacet
  facet normal 0.3521 -0.935962 0
    outer loop
      vertex -32.275 -35.233 0
      vertex -31.981 -35.1224 14
      vertex -32.275 -35.233 14
    endloop
  endfacet
  facet normal 0.3521 -0.935962 0
    outer loop
      vertex -31.981 -35.1224 14
      vertex -32.275 -35.233 0
      vertex -31.981 -35.1224 0
    endloop
  endfacet
  facet normal -0.3521 0.935962 0
    outer loop
      vertex -28.6012 -44.1023 0
      vertex -28.8952 -44.2129 14
      vertex -28.6012 -44.1023 14
    endloop
  endfacet
  facet normal -0.3521 0.935962 0
    outer loop
      vertex -28.8952 -44.2129 14
      vertex -28.6012 -44.1023 0
      vertex -28.8952 -44.2129 0
    endloop
  endfacet
  facet normal -0.91078 -0.412891 0
    outer loop
      vertex -26.0034 -37.8308 0
      vertex -26.1331 -37.5447 14
      vertex -26.1331 -37.5447 0
    endloop
  endfacet
  facet normal -0.91078 -0.412891 0
    outer loop
      vertex -26.1331 -37.5447 14
      vertex -26.0034 -37.8308 0
      vertex -26.0034 -37.8308 14
    endloop
  endfacet
  facet normal -0.973895 -0.226998 0
    outer loop
      vertex -25.7303 -38.7312 0
      vertex -25.8016 -38.4253 14
      vertex -25.8016 -38.4253 0
    endloop
  endfacet
  facet normal -0.973895 -0.226998 0
    outer loop
      vertex -25.8016 -38.4253 14
      vertex -25.7303 -38.7312 0
      vertex -25.7303 -38.7312 14
    endloop
  endfacet
  facet normal -0.729656 -0.683814 0
    outer loop
      vertex -26.8292 -36.5028 0
      vertex -27.044 -36.2736 14
      vertex -27.044 -36.2736 0
    endloop
  endfacet
  facet normal -0.729656 -0.683814 0
    outer loop
      vertex -27.044 -36.2736 14
      vertex -26.8292 -36.5028 0
      vertex -26.8292 -36.5028 14
    endloop
  endfacet
  facet normal -0.973895 0.226998 0
    outer loop
      vertex -25.8016 -40.91 0
      vertex -25.7303 -40.6041 14
      vertex -25.7303 -40.6041 0
    endloop
  endfacet
  facet normal -0.973895 0.226998 0
    outer loop
      vertex -25.7303 -40.6041 14
      vertex -25.8016 -40.91 0
      vertex -25.8016 -40.91 14
    endloop
  endfacet
  facet normal -0.290414 0.956901 0
    outer loop
      vertex -28.8952 -44.2129 0
      vertex -29.1957 -44.3041 14
      vertex -28.8952 -44.2129 14
    endloop
  endfacet
  facet normal -0.290414 0.956901 0
    outer loop
      vertex -29.1957 -44.3041 14
      vertex -28.8952 -44.2129 0
      vertex -29.1957 -44.3041 0
    endloop
  endfacet
  facet normal 0.0980537 -0.995181 0
    outer loop
      vertex -31.0646 -34.9087 0
      vertex -30.752 -34.8779 14
      vertex -31.0646 -34.9087 14
    endloop
  endfacet
  facet normal 0.0980537 -0.995181 0
    outer loop
      vertex -30.752 -34.8779 14
      vertex -31.0646 -34.9087 0
      vertex -30.752 -34.8779 0
    endloop
  endfacet
  facet normal 0.999462 0.0327953 0
    outer loop
      vertex -35.2278 -39.9816 14
      vertex -35.2381 -39.6677 0
      vertex -35.2381 -39.6677 14
    endloop
  endfacet
  facet normal 0.999462 0.0327953 0
    outer loop
      vertex -35.2381 -39.6677 0
      vertex -35.2278 -39.9816 14
      vertex -35.2278 -39.9816 0
    endloop
  endfacet
  facet normal 0.290325 -0.956928 0
    outer loop
      vertex -31.981 -35.1224 0
      vertex -31.6804 -35.0312 14
      vertex -31.981 -35.1224 14
    endloop
  endfacet
  facet normal 0.290325 -0.956928 0
    outer loop
      vertex -31.6804 -35.0312 14
      vertex -31.981 -35.1224 0
      vertex -31.6804 -35.0312 0
    endloop
  endfacet
  facet normal -0.986625 0.163005 0
    outer loop
      vertex -25.7303 -40.6041 0
      vertex -25.6791 -40.2942 14
      vertex -25.6791 -40.2942 0
    endloop
  endfacet
  facet normal -0.986625 0.163005 0
    outer loop
      vertex -25.6791 -40.2942 14
      vertex -25.7303 -40.6041 0
      vertex -25.7303 -40.6041 14
    endloop
  endfacet
  facet normal -0.882 -0.471249 0
    outer loop
      vertex -26.1331 -37.5447 0
      vertex -26.2811 -37.2677 14
      vertex -26.2811 -37.2677 0
    endloop
  endfacet
  facet normal -0.882 -0.471249 0
    outer loop
      vertex -26.2811 -37.2677 14
      vertex -26.1331 -37.5447 0
      vertex -26.1331 -37.5447 14
    endloop
  endfacet
  facet normal -0.3521 -0.935962 0
    outer loop
      vertex -28.8952 -35.1224 0
      vertex -28.6012 -35.233 14
      vertex -28.8952 -35.1224 14
    endloop
  endfacet
  facet normal -0.3521 -0.935962 -0
    outer loop
      vertex -28.6012 -35.233 14
      vertex -28.8952 -35.1224 0
      vertex -28.6012 -35.233 0
    endloop
  endfacet
  facet normal -0.812764 -0.582593 0
    outer loop
      vertex -26.447 -37.0009 0
      vertex -26.63 -36.7456 14
      vertex -26.63 -36.7456 0
    endloop
  endfacet
  facet normal -0.812764 -0.582593 0
    outer loop
      vertex -26.63 -36.7456 14
      vertex -26.447 -37.0009 0
      vertex -26.447 -37.0009 14
    endloop
  endfacet
  facet normal 0.729964 0.683486 0
    outer loop
      vertex -33.8322 -43.0618 14
      vertex -34.0469 -42.8325 0
      vertex -34.0469 -42.8325 14
    endloop
  endfacet
  facet normal 0.729964 0.683486 0
    outer loop
      vertex -34.0469 -42.8325 0
      vertex -33.8322 -43.0618 14
      vertex -33.8322 -43.0618 0
    endloop
  endfacet
  facet normal -0.773105 -0.634278 0
    outer loop
      vertex -26.63 -36.7456 0
      vertex -26.8292 -36.5028 14
      vertex -26.8292 -36.5028 0
    endloop
  endfacet
  facet normal -0.773105 -0.634278 0
    outer loop
      vertex -26.8292 -36.5028 14
      vertex -26.63 -36.7456 0
      vertex -26.63 -36.7456 14
    endloop
  endfacet
  facet normal 0.0980537 0.995181 -0
    outer loop
      vertex -30.752 -44.4574 0
      vertex -31.0646 -44.4266 14
      vertex -30.752 -44.4574 14
    endloop
  endfacet
  facet normal 0.0980537 0.995181 0
    outer loop
      vertex -31.0646 -44.4266 14
      vertex -30.752 -44.4574 0
      vertex -31.0646 -44.4266 0
    endloop
  endfacet
  facet normal -0.0327849 0.999462 0
    outer loop
      vertex 49.8862 -11.316 0
      vertex 49.5722 -11.3263 14
      vertex 49.8862 -11.316 14
    endloop
  endfacet
  facet normal -0.0327849 0.999462 0
    outer loop
      vertex 49.5722 -11.3263 14
      vertex 49.8862 -11.316 0
      vertex 49.5722 -11.3263 0
    endloop
  endfacet
  facet normal -0.812786 -0.582562 0
    outer loop
      vertex 53.5633 -3.85957 0
      vertex 53.3803 -3.60425 14
      vertex 53.3803 -3.60425 0
    endloop
  endfacet
  facet normal -0.812786 -0.582562 0
    outer loop
      vertex 53.3803 -3.60425 14
      vertex 53.5633 -3.85957 0
      vertex 53.5633 -3.85957 14
    endloop
  endfacet
  facet normal 0.162695 0.986676 -0
    outer loop
      vertex 48.9457 -11.2852 0
      vertex 48.6358 -11.2341 14
      vertex 48.9457 -11.2852 14
    endloop
  endfacet
  facet normal 0.162695 0.986676 0
    outer loop
      vertex 48.6358 -11.2341 14
      vertex 48.9457 -11.2852 0
      vertex 48.6358 -11.2341 0
    endloop
  endfacet
  facet normal -0.91078 0.412891 0
    outer loop
      vertex 53.8772 -8.64929 0
      vertex 54.0069 -8.36319 14
      vertex 54.0069 -8.36319 0
    endloop
  endfacet
  facet normal -0.91078 0.412891 0
    outer loop
      vertex 54.0069 -8.36319 14
      vertex 53.8772 -8.64929 0
      vertex 53.8772 -8.64929 14
    endloop
  endfacet
  facet normal -0.935951 0.352132 0
    outer loop
      vertex 54.0069 -8.36319 0
      vertex 54.1175 -8.06922 14
      vertex 54.1175 -8.06922 0
    endloop
  endfacet
  facet normal -0.935951 0.352132 0
    outer loop
      vertex 54.1175 -8.06922 14
      vertex 54.0069 -8.36319 0
      vertex 54.0069 -8.36319 14
    endloop
  endfacet
  facet normal -0.973895 0.226998 0
    outer loop
      vertex 54.2087 -7.76864 0
      vertex 54.28 -7.46274 14
      vertex 54.28 -7.46274 0
    endloop
  endfacet
  facet normal -0.973895 0.226998 0
    outer loop
      vertex 54.28 -7.46274 14
      vertex 54.2087 -7.76864 0
      vertex 54.2087 -7.76864 14
    endloop
  endfacet
  facet normal -0.910786 -0.412879 0
    outer loop
      vertex 54.0069 -4.68943 0
      vertex 53.8772 -4.40332 14
      vertex 53.8772 -4.40332 0
    endloop
  endfacet
  facet normal -0.910786 -0.412879 0
    outer loop
      vertex 53.8772 -4.40332 14
      vertex 54.0069 -4.68943 0
      vertex 54.0069 -4.68943 14
    endloop
  endfacet
  facet normal 0.995181 0.0980568 0
    outer loop
      vertex 44.8133 -7.15283 14
      vertex 44.7825 -6.84024 0
      vertex 44.7825 -6.84024 14
    endloop
  endfacet
  facet normal 0.995181 0.0980568 0
    outer loop
      vertex 44.7825 -6.84024 0
      vertex 44.8133 -7.15283 14
      vertex 44.8133 -7.15283 0
    endloop
  endfacet
  facet normal -0.0979906 -0.995187 0
    outer loop
      vertex 49.8862 -1.73659 7
      vertex 50.1988 -1.76737 14
      vertex 49.8862 -1.73659 14
    endloop
  endfacet
  facet normal -0.0979906 -0.995187 -0
    outer loop
      vertex 50.1988 -1.76737 14
      vertex 49.8862 -1.73659 7
      vertex 50.1988 -1.76737 7
    endloop
  endfacet
  facet normal -0.634411 -0.772996 0
    outer loop
      vertex 52.4943 -2.71821 0
      vertex 52.7371 -2.91748 14
      vertex 52.4943 -2.71821 14
    endloop
  endfacet
  facet normal -0.634411 -0.772996 -0
    outer loop
      vertex 52.7371 -2.91748 14
      vertex 52.4943 -2.71821 0
      vertex 52.7371 -2.91748 0
    endloop
  endfacet
  facet normal -0.471497 0.881868 0
    outer loop
      vertex 51.9722 -10.6832 0
      vertex 51.6952 -10.8313 14
      vertex 51.9722 -10.6832 14
    endloop
  endfacet
  facet normal -0.471497 0.881868 0
    outer loop
      vertex 51.6952 -10.8313 14
      vertex 51.9722 -10.6832 0
      vertex 51.6952 -10.8313 0
    endloop
  endfacet
  facet normal 0.882014 0.471223 0
    outer loop
      vertex 45.4153 -8.92631 14
      vertex 45.2673 -8.64929 0
      vertex 45.2673 -8.64929 14
    endloop
  endfacet
  facet normal 0.882014 0.471223 0
    outer loop
      vertex 45.2673 -8.64929 0
      vertex 45.4153 -8.92631 14
      vertex 45.4153 -8.92631 0
    endloop
  endfacet
  facet normal 0.634411 -0.772996 0
    outer loop
      vertex 46.4074 -2.91748 0
      vertex 46.6502 -2.71821 14
      vertex 46.4074 -2.91748 14
    endloop
  endfacet
  facet normal 0.634411 -0.772996 0
    outer loop
      vertex 46.6502 -2.71821 14
      vertex 46.4074 -2.91748 0
      vertex 46.6502 -2.71821 0
    endloop
  endfacet
  facet normal -0.683452 0.729996 0
    outer loop
      vertex 52.9664 -9.92042 0
      vertex 52.7371 -10.1351 14
      vertex 52.9664 -9.92042 14
    endloop
  endfacet
  facet normal -0.683452 0.729996 0
    outer loop
      vertex 52.7371 -10.1351 14
      vertex 52.9664 -9.92042 0
      vertex 52.7371 -10.1351 0
    endloop
  endfacet
  facet normal 0.973895 -0.226998 0
    outer loop
      vertex 44.8645 -5.58988 14
      vertex 44.9358 -5.28398 0
      vertex 44.9358 -5.28398 14
    endloop
  endfacet
  facet normal 0.973895 -0.226998 0
    outer loop
      vertex 44.9358 -5.28398 0
      vertex 44.8645 -5.58988 14
      vertex 44.8645 -5.58988 0
    endloop
  endfacet
  facet normal 0.290267 -0.956946 0
    outer loop
      vertex 48.0293 -1.98104 0
      vertex 48.3299 -1.88986 14
      vertex 48.0293 -1.98104 14
    endloop
  endfacet
  facet normal 0.290267 -0.956946 0
    outer loop
      vertex 48.3299 -1.88986 14
      vertex 48.0293 -1.98104 0
      vertex 48.3299 -1.88986 0
    endloop
  endfacet
  facet normal 0.0980537 0.995181 -0
    outer loop
      vertex 49.2583 -11.316 0
      vertex 48.9457 -11.2852 14
      vertex 49.2583 -11.316 14
    endloop
  endfacet
  facet normal 0.0980537 0.995181 0
    outer loop
      vertex 48.9457 -11.2852 14
      vertex 49.2583 -11.316 0
      vertex 48.9457 -11.2852 0
    endloop
  endfacet
  facet normal -0.995181 0.0980568 0
    outer loop
      vertex 54.3312 -7.15283 0
      vertex 54.362 -6.84024 14
      vertex 54.362 -6.84024 0
    endloop
  endfacet
  facet normal -0.995181 0.0980568 0
    outer loop
      vertex 54.362 -6.84024 14
      vertex 54.3312 -7.15283 0
      vertex 54.3312 -7.15283 14
    endloop
  endfacet
  facet normal 0.772962 0.634452 0
    outer loop
      vertex 45.9634 -9.69117 14
      vertex 45.7641 -9.44836 0
      vertex 45.7641 -9.44836 14
    endloop
  endfacet
  facet normal 0.772962 0.634452 0
    outer loop
      vertex 45.7641 -9.44836 0
      vertex 45.9634 -9.69117 14
      vertex 45.9634 -9.69117 0
    endloop
  endfacet
  facet normal -0.352345 -0.93587 0
    outer loop
      vertex 51.1152 -1.98104 7
      vertex 51.4091 -2.09169 14
      vertex 51.1152 -1.98104 14
    endloop
  endfacet
  facet normal -0.352345 -0.93587 -0
    outer loop
      vertex 51.4091 -2.09169 14
      vertex 51.1152 -1.98104 7
      vertex 51.4091 -2.09169 7
    endloop
  endfacet
  facet normal -0.352484 0.935818 0
    outer loop
      vertex 51.4091 -10.9609 0
      vertex 51.1152 -11.0716 14
      vertex 51.4091 -10.9609 14
    endloop
  endfacet
  facet normal -0.352484 0.935818 0
    outer loop
      vertex 51.1152 -11.0716 14
      vertex 51.4091 -10.9609 0
      vertex 51.1152 -11.0716 0
    endloop
  endfacet
  facet normal -0.0980537 0.995181 0
    outer loop
      vertex 50.1988 -11.2852 0
      vertex 49.8862 -11.316 14
      vertex 50.1988 -11.2852 14
    endloop
  endfacet
  facet normal -0.0980537 0.995181 0
    outer loop
      vertex 49.8862 -11.316 14
      vertex 50.1988 -11.2852 0
      vertex 49.8862 -11.316 0
    endloop
  endfacet
  facet normal 0.849159 -0.528138 0
    outer loop
      vertex 45.4153 -4.12631 14
      vertex 45.5812 -3.85957 0
      vertex 45.5812 -3.85957 14
    endloop
  endfacet
  facet normal 0.849159 -0.528138 0
    outer loop
      vertex 45.5812 -3.85957 0
      vertex 45.4153 -4.12631 14
      vertex 45.4153 -4.12631 0
    endloop
  endfacet
  facet normal 0.68352 -0.729932 0
    outer loop
      vertex 46.1781 -3.1322 0
      vertex 46.4074 -2.91748 14
      vertex 46.1781 -3.1322 14
    endloop
  endfacet
  facet normal 0.68352 -0.729932 0
    outer loop
      vertex 46.4074 -2.91748 14
      vertex 46.1781 -3.1322 0
      vertex 46.4074 -2.91748 0
    endloop
  endfacet
  facet normal -0.999473 0.0324742 0
    outer loop
      vertex 54.362 -6.84024 0
      vertex 54.3722 -6.52631 14
      vertex 54.3722 -6.52631 0
    endloop
  endfacet
  facet normal -0.999473 0.0324742 0
    outer loop
      vertex 54.3722 -6.52631 14
      vertex 54.362 -6.84024 0
      vertex 54.362 -6.84024 14
    endloop
  endfacet
  facet normal -0.882014 0.471223 0
    outer loop
      vertex 53.7292 -8.92631 0
      vertex 53.8772 -8.64929 14
      vertex 53.8772 -8.64929 0
    endloop
  endfacet
  facet normal -0.882014 0.471223 0
    outer loop
      vertex 53.8772 -8.64929 14
      vertex 53.7292 -8.92631 0
      vertex 53.7292 -8.92631 14
    endloop
  endfacet
  facet normal 0.528126 -0.849166 0
    outer loop
      vertex 46.9055 -2.53526 0
      vertex 47.1722 -2.36939 14
      vertex 46.9055 -2.53526 14
    endloop
  endfacet
  facet normal 0.528126 -0.849166 0
    outer loop
      vertex 47.1722 -2.36939 14
      vertex 46.9055 -2.53526 0
      vertex 47.1722 -2.36939 0
    endloop
  endfacet
  facet normal 0.47129 -0.881978 0
    outer loop
      vertex 47.1722 -2.36939 0
      vertex 47.4493 -2.22132 14
      vertex 47.1722 -2.36939 14
    endloop
  endfacet
  facet normal 0.47129 -0.881978 0
    outer loop
      vertex 47.4493 -2.22132 14
      vertex 47.1722 -2.36939 0
      vertex 47.4493 -2.22132 0
    endloop
  endfacet
  facet normal -0.882007 -0.471236 0
    outer loop
      vertex 53.8772 -4.40332 0
      vertex 53.7292 -4.12631 14
      vertex 53.7292 -4.12631 0
    endloop
  endfacet
  facet normal -0.882007 -0.471236 0
    outer loop
      vertex 53.7292 -4.12631 14
      vertex 53.8772 -4.40332 0
      vertex 53.8772 -4.40332 14
    endloop
  endfacet
  facet normal -0.986625 -0.163005 0
    outer loop
      vertex 54.3312 -5.89978 0
      vertex 54.28 -5.58988 14
      vertex 54.28 -5.58988 0
    endloop
  endfacet
  facet normal -0.986625 -0.163005 0
    outer loop
      vertex 54.28 -5.58988 14
      vertex 54.3312 -5.89978 0
      vertex 54.3312 -5.89978 14
    endloop
  endfacet
  facet normal -0.999473 -0.0324731 0
    outer loop
      vertex 54.3722 -6.52631 0
      vertex 54.362 -6.21237 14
      vertex 54.362 -6.21237 0
    endloop
  endfacet
  facet normal -0.999473 -0.0324731 0
    outer loop
      vertex 54.362 -6.21237 14
      vertex 54.3722 -6.52631 0
      vertex 54.3722 -6.52631 14
    endloop
  endfacet
  facet normal -0.773118 0.634262 0
    outer loop
      vertex 53.1811 -9.69117 0
      vertex 53.3803 -9.44836 14
      vertex 53.3803 -9.44836 0
    endloop
  endfacet
  facet normal -0.773118 0.634262 0
    outer loop
      vertex 53.3803 -9.44836 14
      vertex 53.1811 -9.69117 0
      vertex 53.1811 -9.69117 14
    endloop
  endfacet
  facet normal 0.412627 0.9109 -0
    outer loop
      vertex 47.7354 -10.9609 0
      vertex 47.4493 -10.8313 14
      vertex 47.7354 -10.9609 14
    endloop
  endfacet
  facet normal 0.412627 0.9109 0
    outer loop
      vertex 47.4493 -10.8313 14
      vertex 47.7354 -10.9609 0
      vertex 47.4493 -10.8313 0
    endloop
  endfacet
  facet normal -0.412572 -0.910925 0
    outer loop
      vertex 51.5 -2.13286 7
      vertex 51.4091 -2.09169 14
      vertex 51.4091 -2.09169 7
    endloop
  endfacet
  facet normal -0.412706 -0.910864 -2.10581e-06
    outer loop
      vertex 51.4091 -2.09169 14
      vertex 51.5 -2.13286 7
      vertex 51.6952 -2.22132 14
    endloop
  endfacet
  facet normal -0.412769 -0.910836 0
    outer loop
      vertex 51.6952 -2.22132 0
      vertex 51.5 -2.13286 7
      vertex 51.5 -2.13286 0
    endloop
  endfacet
  facet normal -0.412769 -0.910836 0
    outer loop
      vertex 51.5 -2.13286 7
      vertex 51.6952 -2.22132 0
      vertex 51.6952 -2.22132 14
    endloop
  endfacet
  facet normal 0.999462 0.0327922 0
    outer loop
      vertex 44.7825 -6.84024 14
      vertex 44.7722 -6.52631 0
      vertex 44.7722 -6.52631 14
    endloop
  endfacet
  facet normal 0.999462 0.0327922 0
    outer loop
      vertex 44.7722 -6.52631 0
      vertex 44.7825 -6.84024 14
      vertex 44.7825 -6.84024 0
    endloop
  endfacet
  facet normal 0.0979906 -0.995187 0
    outer loop
      vertex 48.9457 -1.76737 7
      vertex 49.2583 -1.73659 14
      vertex 48.9457 -1.76737 14
    endloop
  endfacet
  facet normal 0.0979906 -0.995187 0
    outer loop
      vertex 49.2583 -1.73659 14
      vertex 48.9457 -1.76737 7
      vertex 49.2583 -1.73659 7
    endloop
  endfacet
  facet normal -0.812775 0.582577 0
    outer loop
      vertex 53.3803 -9.44836 0
      vertex 53.5633 -9.19305 14
      vertex 53.5633 -9.19305 0
    endloop
  endfacet
  facet normal -0.812775 0.582577 0
    outer loop
      vertex 53.5633 -9.19305 14
      vertex 53.3803 -9.44836 0
      vertex 53.3803 -9.44836 14
    endloop
  endfacet
  facet normal 0.634468 0.772949 -0
    outer loop
      vertex 46.6502 -10.3344 0
      vertex 46.4074 -10.1351 14
      vertex 46.6502 -10.3344 14
    endloop
  endfacet
  facet normal 0.634468 0.772949 0
    outer loop
      vertex 46.4074 -10.1351 14
      vertex 46.6502 -10.3344 0
      vertex 46.4074 -10.1351 0
    endloop
  endfacet
  facet normal -0.849159 -0.528138 0
    outer loop
      vertex 53.7292 -4.12631 0
      vertex 53.5633 -3.85957 14
      vertex 53.5633 -3.85957 0
    endloop
  endfacet
  facet normal -0.849159 -0.528138 0
    outer loop
      vertex 53.5633 -3.85957 14
      vertex 53.7292 -4.12631 0
      vertex 53.7292 -4.12631 14
    endloop
  endfacet
  facet normal -0.162695 0.986676 0
    outer loop
      vertex 50.5087 -11.2341 0
      vertex 50.1988 -11.2852 14
      vertex 50.5087 -11.2341 14
    endloop
  endfacet
  facet normal -0.162695 0.986676 0
    outer loop
      vertex 50.1988 -11.2852 14
      vertex 50.5087 -11.2341 0
      vertex 50.1988 -11.2852 0
    endloop
  endfacet
  facet normal -0.72989 0.683565 0
    outer loop
      vertex 52.9664 -9.92042 0
      vertex 53.1811 -9.69117 14
      vertex 53.1811 -9.69117 0
    endloop
  endfacet
  facet normal -0.72989 0.683565 0
    outer loop
      vertex 53.1811 -9.69117 14
      vertex 52.9664 -9.92042 0
      vertex 52.9664 -9.92042 14
    endloop
  endfacet
  facet normal -0.527822 0.849355 0
    outer loop
      vertex 52.239 -10.5174 0
      vertex 51.9722 -10.6832 14
      vertex 52.239 -10.5174 14
    endloop
  endfacet
  facet normal -0.527822 0.849355 0
    outer loop
      vertex 51.9722 -10.6832 14
      vertex 52.239 -10.5174 0
      vertex 51.9722 -10.6832 0
    endloop
  endfacet
  facet normal 0.352484 0.935818 -0
    outer loop
      vertex 48.0293 -11.0716 0
      vertex 47.7354 -10.9609 14
      vertex 48.0293 -11.0716 14
    endloop
  endfacet
  facet normal 0.352484 0.935818 0
    outer loop
      vertex 47.7354 -10.9609 14
      vertex 48.0293 -11.0716 0
      vertex 47.7354 -10.9609 0
    endloop
  endfacet
  facet normal 0.973895 0.226998 0
    outer loop
      vertex 44.9358 -7.76864 14
      vertex 44.8645 -7.46274 0
      vertex 44.8645 -7.46274 14
    endloop
  endfacet
  facet normal 0.973895 0.226998 0
    outer loop
      vertex 44.8645 -7.46274 0
      vertex 44.9358 -7.76864 14
      vertex 44.9358 -7.76864 0
    endloop
  endfacet
  facet normal 0.935951 0.352132 0
    outer loop
      vertex 45.1376 -8.36319 14
      vertex 45.027 -8.06922 0
      vertex 45.027 -8.06922 14
    endloop
  endfacet
  facet normal 0.935951 0.352132 0
    outer loop
      vertex 45.027 -8.06922 0
      vertex 45.1376 -8.36319 14
      vertex 45.1376 -8.36319 0
    endloop
  endfacet
  facet normal 0.290325 0.956928 -0
    outer loop
      vertex 48.3299 -11.1628 0
      vertex 48.0293 -11.0716 14
      vertex 48.3299 -11.1628 14
    endloop
  endfacet
  facet normal 0.290325 0.956928 0
    outer loop
      vertex 48.0293 -11.0716 14
      vertex 48.3299 -11.1628 0
      vertex 48.0293 -11.0716 0
    endloop
  endfacet
  facet normal 0.227059 -0.973881 1.18114e-06
    outer loop
      vertex 48.3299 -1.88986 14
      vertex 48.5 -1.85021 7
      vertex 48.6358 -1.81854 14
    endloop
  endfacet
  facet normal 0.227012 -0.973892 0
    outer loop
      vertex 48.3299 -1.88986 0
      vertex 48.5 -1.85021 7
      vertex 48.3299 -1.88986 14
    endloop
  endfacet
  facet normal 0.227012 -0.973892 0
    outer loop
      vertex 48.5 -1.85021 7
      vertex 48.3299 -1.88986 0
      vertex 48.5 -1.85021 0
    endloop
  endfacet
  facet normal 0.227116 -0.973868 0
    outer loop
      vertex 48.6358 -1.81854 14
      vertex 48.5 -1.85021 7
      vertex 48.6358 -1.81854 7
    endloop
  endfacet
  facet normal 0.352345 -0.93587 0
    outer loop
      vertex 47.7354 -2.09169 0
      vertex 48.0293 -1.98104 14
      vertex 47.7354 -2.09169 14
    endloop
  endfacet
  facet normal 0.352345 -0.93587 0
    outer loop
      vertex 48.0293 -1.98104 14
      vertex 47.7354 -2.09169 0
      vertex 48.0293 -1.98104 0
    endloop
  endfacet
  facet normal 0.995181 -0.0980568 0
    outer loop
      vertex 44.7825 -6.21237 14
      vertex 44.8133 -5.89978 0
      vertex 44.8133 -5.89978 14
    endloop
  endfacet
  facet normal 0.995181 -0.0980568 0
    outer loop
      vertex 44.8133 -5.89978 0
      vertex 44.7825 -6.21237 14
      vertex 44.7825 -6.21237 0
    endloop
  endfacet
  facet normal -0.986626 0.163 0
    outer loop
      vertex 54.28 -7.46274 0
      vertex 54.3312 -7.15283 14
      vertex 54.3312 -7.15283 0
    endloop
  endfacet
  facet normal -0.986626 0.163 0
    outer loop
      vertex 54.3312 -7.15283 14
      vertex 54.28 -7.46274 0
      vertex 54.28 -7.46274 14
    endloop
  endfacet
  facet normal -0.290325 0.956928 0
    outer loop
      vertex 51.1152 -11.0716 0
      vertex 50.8146 -11.1628 14
      vertex 51.1152 -11.0716 14
    endloop
  endfacet
  facet normal -0.290325 0.956928 0
    outer loop
      vertex 50.8146 -11.1628 14
      vertex 51.1152 -11.0716 0
      vertex 50.8146 -11.1628 0
    endloop
  endfacet
  facet normal -0.162912 -0.986641 0
    outer loop
      vertex 50.1988 -1.76737 7
      vertex 50.5087 -1.81854 14
      vertex 50.1988 -1.76737 14
    endloop
  endfacet
  facet normal -0.162912 -0.986641 -0
    outer loop
      vertex 50.5087 -1.81854 14
      vertex 50.1988 -1.76737 7
      vertex 50.5087 -1.81854 7
    endloop
  endfacet
  facet normal 0.910786 -0.412879 0
    outer loop
      vertex 45.1376 -4.68943 14
      vertex 45.2673 -4.40332 0
      vertex 45.2673 -4.40332 14
    endloop
  endfacet
  facet normal 0.910786 -0.412879 0
    outer loop
      vertex 45.2673 -4.40332 0
      vertex 45.1376 -4.68943 14
      vertex 45.1376 -4.68943 0
    endloop
  endfacet
  facet normal -0.956923 -0.290343 0
    outer loop
      vertex 54.2087 -5.28398 0
      vertex 54.1175 -4.9834 14
      vertex 54.1175 -4.9834 0
    endloop
  endfacet
  facet normal -0.956923 -0.290343 0
    outer loop
      vertex 54.1175 -4.9834 14
      vertex 54.2087 -5.28398 0
      vertex 54.2087 -5.28398 14
    endloop
  endfacet
  facet normal 0.935951 -0.352132 0
    outer loop
      vertex 45.027 -4.9834 14
      vertex 45.1376 -4.68943 0
      vertex 45.1376 -4.68943 14
    endloop
  endfacet
  facet normal 0.935951 -0.352132 0
    outer loop
      vertex 45.1376 -4.68943 0
      vertex 45.027 -4.9834 14
      vertex 45.027 -4.9834 0
    endloop
  endfacet
  facet normal 0.0327953 0.999462 -0
    outer loop
      vertex 49.5722 -11.3263 0
      vertex 49.2583 -11.316 14
      vertex 49.5722 -11.3263 14
    endloop
  endfacet
  facet normal 0.0327953 0.999462 0
    outer loop
      vertex 49.2583 -11.316 14
      vertex 49.5722 -11.3263 0
      vertex 49.2583 -11.316 0
    endloop
  endfacet
  facet normal 0.986625 -0.163005 0
    outer loop
      vertex 44.8133 -5.89978 14
      vertex 44.8645 -5.58988 0
      vertex 44.8645 -5.58988 14
    endloop
  endfacet
  facet normal 0.986625 -0.163005 0
    outer loop
      vertex 44.8645 -5.58988 0
      vertex 44.8133 -5.89978 14
      vertex 44.8133 -5.89978 0
    endloop
  endfacet
  facet normal -0.773105 -0.634278 0
    outer loop
      vertex 53.3803 -3.60425 0
      vertex 53.1811 -3.36145 14
      vertex 53.1811 -3.36145 0
    endloop
  endfacet
  facet normal -0.773105 -0.634278 0
    outer loop
      vertex 53.1811 -3.36145 14
      vertex 53.3803 -3.60425 0
      vertex 53.3803 -3.60425 14
    endloop
  endfacet
  facet normal 0.812937 -0.582352 0
    outer loop
      vertex 45.5812 -3.85957 14
      vertex 45.7641 -3.60425 0
      vertex 45.7641 -3.60425 14
    endloop
  endfacet
  facet normal 0.812937 -0.582352 0
    outer loop
      vertex 45.7641 -3.60425 0
      vertex 45.5812 -3.85957 14
      vertex 45.5812 -3.85957 0
    endloop
  endfacet
  facet normal -0.0327213 -0.999465 0
    outer loop
      vertex 49.5722 -1.72631 7
      vertex 49.8862 -1.73659 14
      vertex 49.5722 -1.72631 14
    endloop
  endfacet
  facet normal -0.0327213 -0.999465 -0
    outer loop
      vertex 49.8862 -1.73659 14
      vertex 49.5722 -1.72631 7
      vertex 49.8862 -1.73659 7
    endloop
  endfacet
  facet normal 0.956923 0.290343 0
    outer loop
      vertex 45.027 -8.06922 14
      vertex 44.9358 -7.76864 0
      vertex 44.9358 -7.76864 14
    endloop
  endfacet
  facet normal 0.956923 0.290343 0
    outer loop
      vertex 44.9358 -7.76864 0
      vertex 45.027 -8.06922 14
      vertex 45.027 -8.06922 0
    endloop
  endfacet
  facet normal -0.973895 -0.226998 0
    outer loop
      vertex 54.28 -5.58988 0
      vertex 54.2087 -5.28398 14
      vertex 54.2087 -5.28398 0
    endloop
  endfacet
  facet normal -0.973895 -0.226998 0
    outer loop
      vertex 54.2087 -5.28398 14
      vertex 54.28 -5.58988 0
      vertex 54.28 -5.58988 14
    endloop
  endfacet
  facet normal 0.582593 0.812764 -0
    outer loop
      vertex 46.9055 -10.5174 0
      vertex 46.6502 -10.3344 14
      vertex 46.9055 -10.5174 14
    endloop
  endfacet
  facet normal 0.582593 0.812764 0
    outer loop
      vertex 46.6502 -10.3344 14
      vertex 46.9055 -10.5174 0
      vertex 46.6502 -10.3344 0
    endloop
  endfacet
  facet normal 0.72989 0.683565 0
    outer loop
      vertex 46.1781 -9.92042 14
      vertex 45.9634 -9.69117 0
      vertex 45.9634 -9.69117 14
    endloop
  endfacet
  facet normal 0.72989 0.683565 0
    outer loop
      vertex 45.9634 -9.69117 0
      vertex 46.1781 -9.92042 14
      vertex 46.1781 -9.92042 0
    endloop
  endfacet
  facet normal 0.471364 0.881939 -0
    outer loop
      vertex 47.4493 -10.8313 0
      vertex 47.1722 -10.6832 14
      vertex 47.4493 -10.8313 14
    endloop
  endfacet
  facet normal 0.471364 0.881939 0
    outer loop
      vertex 47.1722 -10.6832 14
      vertex 47.4493 -10.8313 0
      vertex 47.1722 -10.6832 0
    endloop
  endfacet
  facet normal 0.226998 0.973895 -0
    outer loop
      vertex 48.6358 -11.2341 0
      vertex 48.3299 -11.1628 14
      vertex 48.6358 -11.2341 14
    endloop
  endfacet
  facet normal 0.226998 0.973895 0
    outer loop
      vertex 48.3299 -11.1628 14
      vertex 48.6358 -11.2341 0
      vertex 48.3299 -11.1628 0
    endloop
  endfacet
  facet normal 0.91078 0.412891 0
    outer loop
      vertex 45.2673 -8.64929 14
      vertex 45.1376 -8.36319 0
      vertex 45.1376 -8.36319 14
    endloop
  endfacet
  facet normal 0.91078 0.412891 0
    outer loop
      vertex 45.1376 -8.36319 0
      vertex 45.2673 -8.64929 14
      vertex 45.2673 -8.64929 0
    endloop
  endfacet
  facet normal -0.471423 -0.881907 0
    outer loop
      vertex 51.6952 -2.22132 0
      vertex 51.9722 -2.36939 14
      vertex 51.6952 -2.22132 14
    endloop
  endfacet
  facet normal -0.471423 -0.881907 -0
    outer loop
      vertex 51.9722 -2.36939 14
      vertex 51.6952 -2.22132 0
      vertex 51.9722 -2.36939 0
    endloop
  endfacet
  facet normal 0.999462 -0.0327912 0
    outer loop
      vertex 44.7722 -6.52631 14
      vertex 44.7825 -6.21237 0
      vertex 44.7825 -6.21237 14
    endloop
  endfacet
  facet normal 0.999462 -0.0327912 0
    outer loop
      vertex 44.7825 -6.21237 0
      vertex 44.7722 -6.52631 14
      vertex 44.7722 -6.52631 0
    endloop
  endfacet
  facet normal -0.290267 -0.956946 0
    outer loop
      vertex 50.8146 -1.88986 7
      vertex 51.1152 -1.98104 14
      vertex 50.8146 -1.88986 14
    endloop
  endfacet
  facet normal -0.290267 -0.956946 -0
    outer loop
      vertex 51.1152 -1.98104 14
      vertex 50.8146 -1.88986 7
      vertex 51.1152 -1.98104 7
    endloop
  endfacet
  facet normal -0.582487 -0.81284 0
    outer loop
      vertex 52.239 -2.53526 0
      vertex 52.4943 -2.71821 14
      vertex 52.239 -2.53526 14
    endloop
  endfacet
  facet normal -0.582487 -0.81284 -0
    outer loop
      vertex 52.4943 -2.71821 14
      vertex 52.239 -2.53526 0
      vertex 52.4943 -2.71821 0
    endloop
  endfacet
  facet normal 0.0327317 -0.999464 0
    outer loop
      vertex 49.2583 -1.73659 7
      vertex 49.5722 -1.72631 14
      vertex 49.2583 -1.73659 14
    endloop
  endfacet
  facet normal 0.0327317 -0.999464 0
    outer loop
      vertex 49.5722 -1.72631 14
      vertex 49.2583 -1.73659 7
      vertex 49.5722 -1.72631 7
    endloop
  endfacet
  facet normal 0.162912 -0.986641 0
    outer loop
      vertex 48.6358 -1.81854 7
      vertex 48.9457 -1.76737 14
      vertex 48.6358 -1.81854 14
    endloop
  endfacet
  facet normal 0.162912 -0.986641 0
    outer loop
      vertex 48.9457 -1.76737 14
      vertex 48.6358 -1.81854 7
      vertex 48.9457 -1.76737 7
    endloop
  endfacet
  facet normal 0.527965 0.849266 -0
    outer loop
      vertex 47.1722 -10.6832 0
      vertex 46.9055 -10.5174 14
      vertex 47.1722 -10.6832 14
    endloop
  endfacet
  facet normal 0.527965 0.849266 0
    outer loop
      vertex 46.9055 -10.5174 14
      vertex 47.1722 -10.6832 0
      vertex 46.9055 -10.5174 0
    endloop
  endfacet
  facet normal -0.72989 -0.683565 0
    outer loop
      vertex 53.1811 -3.36145 0
      vertex 52.9664 -3.1322 14
      vertex 52.9664 -3.1322 0
    endloop
  endfacet
  facet normal -0.72989 -0.683565 0
    outer loop
      vertex 52.9664 -3.1322 14
      vertex 53.1811 -3.36145 0
      vertex 53.1811 -3.36145 14
    endloop
  endfacet
  facet normal -0.227059 -0.973881 0
    outer loop
      vertex 50.5087 -1.81854 7
      vertex 50.8146 -1.88986 14
      vertex 50.5087 -1.81854 14
    endloop
  endfacet
  facet normal -0.227059 -0.973881 -0
    outer loop
      vertex 50.8146 -1.88986 14
      vertex 50.5087 -1.81854 7
      vertex 50.8146 -1.88986 7
    endloop
  endfacet
  facet normal -0.956923 0.290343 0
    outer loop
      vertex 54.1175 -8.06922 0
      vertex 54.2087 -7.76864 14
      vertex 54.2087 -7.76864 0
    endloop
  endfacet
  facet normal -0.956923 0.290343 0
    outer loop
      vertex 54.2087 -7.76864 14
      vertex 54.1175 -8.06922 0
      vertex 54.1175 -8.06922 14
    endloop
  endfacet
  facet normal -0.412627 0.9109 0
    outer loop
      vertex 51.6952 -10.8313 0
      vertex 51.4091 -10.9609 14
      vertex 51.6952 -10.8313 14
    endloop
  endfacet
  facet normal -0.412627 0.9109 0
    outer loop
      vertex 51.4091 -10.9609 14
      vertex 51.6952 -10.8313 0
      vertex 51.4091 -10.9609 0
    endloop
  endfacet
  facet normal -0.634468 0.772949 0
    outer loop
      vertex 52.7371 -10.1351 0
      vertex 52.4943 -10.3344 14
      vertex 52.7371 -10.1351 14
    endloop
  endfacet
  facet normal -0.634468 0.772949 0
    outer loop
      vertex 52.4943 -10.3344 14
      vertex 52.7371 -10.1351 0
      vertex 52.4943 -10.3344 0
    endloop
  endfacet
  facet normal -0.226998 0.973895 0
    outer loop
      vertex 50.8146 -11.1628 0
      vertex 50.5087 -11.2341 14
      vertex 50.8146 -11.1628 14
    endloop
  endfacet
  facet normal -0.226998 0.973895 0
    outer loop
      vertex 50.5087 -11.2341 14
      vertex 50.8146 -11.1628 0
      vertex 50.5087 -11.2341 0
    endloop
  endfacet
  facet normal -0.582593 0.812764 0
    outer loop
      vertex 52.4943 -10.3344 0
      vertex 52.239 -10.5174 14
      vertex 52.4943 -10.3344 14
    endloop
  endfacet
  facet normal -0.582593 0.812764 0
    outer loop
      vertex 52.239 -10.5174 14
      vertex 52.4943 -10.3344 0
      vertex 52.239 -10.5174 0
    endloop
  endfacet
  facet normal -0.527983 -0.849255 0
    outer loop
      vertex 51.9722 -2.36939 0
      vertex 52.239 -2.53526 14
      vertex 51.9722 -2.36939 14
    endloop
  endfacet
  facet normal -0.527983 -0.849255 -0
    outer loop
      vertex 52.239 -2.53526 14
      vertex 51.9722 -2.36939 0
      vertex 52.239 -2.53526 0
    endloop
  endfacet
  facet normal 0.412706 -0.910864 0
    outer loop
      vertex 47.4493 -2.22132 0
      vertex 47.7354 -2.09169 14
      vertex 47.4493 -2.22132 14
    endloop
  endfacet
  facet normal 0.412706 -0.910864 0
    outer loop
      vertex 47.7354 -2.09169 14
      vertex 47.4493 -2.22132 0
      vertex 47.7354 -2.09169 0
    endloop
  endfacet
  facet normal 0.986626 0.163 0
    outer loop
      vertex 44.8645 -7.46274 14
      vertex 44.8133 -7.15283 0
      vertex 44.8133 -7.15283 14
    endloop
  endfacet
  facet normal 0.986626 0.163 0
    outer loop
      vertex 44.8133 -7.15283 0
      vertex 44.8645 -7.46274 14
      vertex 44.8645 -7.46274 0
    endloop
  endfacet
  facet normal 0.772949 -0.634468 0
    outer loop
      vertex 45.7641 -3.60425 14
      vertex 45.9634 -3.36145 0
      vertex 45.9634 -3.36145 14
    endloop
  endfacet
  facet normal 0.772949 -0.634468 0
    outer loop
      vertex 45.9634 -3.36145 0
      vertex 45.7641 -3.60425 14
      vertex 45.7641 -3.60425 0
    endloop
  endfacet
  facet normal 0.582487 -0.81284 0
    outer loop
      vertex 46.6502 -2.71821 0
      vertex 46.9055 -2.53526 14
      vertex 46.6502 -2.71821 14
    endloop
  endfacet
  facet normal 0.582487 -0.81284 0
    outer loop
      vertex 46.9055 -2.53526 14
      vertex 46.6502 -2.71821 0
      vertex 46.9055 -2.53526 0
    endloop
  endfacet
  facet normal 0.956923 -0.290343 0
    outer loop
      vertex 44.9358 -5.28398 14
      vertex 45.027 -4.9834 0
      vertex 45.027 -4.9834 14
    endloop
  endfacet
  facet normal 0.956923 -0.290343 0
    outer loop
      vertex 45.027 -4.9834 0
      vertex 44.9358 -5.28398 14
      vertex 44.9358 -5.28398 0
    endloop
  endfacet
  facet normal -0.849159 0.528138 0
    outer loop
      vertex 53.5633 -9.19305 0
      vertex 53.7292 -8.92631 14
      vertex 53.7292 -8.92631 0
    endloop
  endfacet
  facet normal -0.849159 0.528138 0
    outer loop
      vertex 53.7292 -8.92631 14
      vertex 53.5633 -9.19305 0
      vertex 53.5633 -9.19305 14
    endloop
  endfacet
  facet normal -0.995181 -0.0980568 0
    outer loop
      vertex 54.362 -6.21237 0
      vertex 54.3312 -5.89978 14
      vertex 54.3312 -5.89978 0
    endloop
  endfacet
  facet normal -0.995181 -0.0980568 0
    outer loop
      vertex 54.3312 -5.89978 14
      vertex 54.362 -6.21237 0
      vertex 54.362 -6.21237 14
    endloop
  endfacet
  facet normal -0.935951 -0.352132 0
    outer loop
      vertex 54.1175 -4.9834 0
      vertex 54.0069 -4.68943 14
      vertex 54.0069 -4.68943 0
    endloop
  endfacet
  facet normal -0.935951 -0.352132 0
    outer loop
      vertex 54.0069 -4.68943 14
      vertex 54.1175 -4.9834 0
      vertex 54.1175 -4.9834 14
    endloop
  endfacet
  facet normal 0.683452 0.729996 -0
    outer loop
      vertex 46.4074 -10.1351 0
      vertex 46.1781 -9.92042 14
      vertex 46.4074 -10.1351 14
    endloop
  endfacet
  facet normal 0.683452 0.729996 0
    outer loop
      vertex 46.1781 -9.92042 14
      vertex 46.4074 -10.1351 0
      vertex 46.1781 -9.92042 0
    endloop
  endfacet
  facet normal 0.72989 -0.683565 0
    outer loop
      vertex 45.9634 -3.36145 14
      vertex 46.1781 -3.1322 0
      vertex 46.1781 -3.1322 14
    endloop
  endfacet
  facet normal 0.72989 -0.683565 0
    outer loop
      vertex 46.1781 -3.1322 0
      vertex 45.9634 -3.36145 14
      vertex 45.9634 -3.36145 0
    endloop
  endfacet
  facet normal 0.882007 -0.471236 0
    outer loop
      vertex 45.2673 -4.40332 14
      vertex 45.4153 -4.12631 0
      vertex 45.4153 -4.12631 14
    endloop
  endfacet
  facet normal 0.882007 -0.471236 0
    outer loop
      vertex 45.4153 -4.12631 0
      vertex 45.2673 -4.40332 14
      vertex 45.2673 -4.40332 0
    endloop
  endfacet
  facet normal 0.849159 0.528138 0
    outer loop
      vertex 45.5812 -9.19305 14
      vertex 45.4153 -8.92631 0
      vertex 45.4153 -8.92631 14
    endloop
  endfacet
  facet normal 0.849159 0.528138 0
    outer loop
      vertex 45.4153 -8.92631 0
      vertex 45.5812 -9.19305 14
      vertex 45.5812 -9.19305 0
    endloop
  endfacet
  facet normal -0.68352 -0.729932 0
    outer loop
      vertex 52.7371 -2.91748 0
      vertex 52.9664 -3.1322 14
      vertex 52.7371 -2.91748 14
    endloop
  endfacet
  facet normal -0.68352 -0.729932 -0
    outer loop
      vertex 52.9664 -3.1322 14
      vertex 52.7371 -2.91748 0
      vertex 52.9664 -3.1322 0
    endloop
  endfacet
  facet normal 0.812926 0.582367 0
    outer loop
      vertex 45.7641 -9.44836 14
      vertex 45.5812 -9.19305 0
      vertex 45.5812 -9.19305 14
    endloop
  endfacet
  facet normal 0.812926 0.582367 0
    outer loop
      vertex 45.5812 -9.19305 0
      vertex 45.7641 -9.44836 14
      vertex 45.7641 -9.44836 0
    endloop
  endfacet
  facet normal -1 0 0
    outer loop
      vertex 4.3 48.5 0
      vertex 4.3 51.5 6
      vertex 4.3 51.5 0
    endloop
  endfacet
  facet normal -1 -0 0
    outer loop
      vertex 4.3 51.5 6
      vertex 4.3 48.5 0
      vertex 4.3 48.5 6
    endloop
  endfacet
  facet normal 1 -0 0
    outer loop
      vertex -4.3 48.5 6
      vertex -4.3 51.5 0
      vertex -4.3 51.5 6
    endloop
  endfacet
  facet normal 1 0 0
    outer loop
      vertex -4.3 51.5 0
      vertex -4.3 48.5 6
      vertex -4.3 48.5 0
    endloop
  endfacet
  facet normal 0 -1 0
    outer loop
      vertex -4.3 51.5 0
      vertex 4.3 51.5 6
      vertex -4.3 51.5 6
    endloop
  endfacet
  facet normal 0 -1 -0
    outer loop
      vertex 4.3 51.5 6
      vertex -4.3 51.5 0
      vertex 4.3 51.5 0
    endloop
  endfacet
  facet normal 0 1 -0
    outer loop
      vertex 4.3 48.5 0
      vertex -4.3 48.5 6
      vertex 4.3 48.5 6
    endloop
  endfacet
  facet normal 0 1 0
    outer loop
      vertex -4.3 48.5 6
      vertex 4.3 48.5 0
      vertex -4.3 48.5 0
    endloop
  endfacet
  facet normal -0.707123 -0.70709 0
    outer loop
      vertex -31.2541 37.3352 0
      vertex -33.3754 39.4566 6
      vertex -33.3754 39.4566 0
    endloop
  endfacet
  facet normal -0.707123 -0.70709 0
    outer loop
      vertex -33.3754 39.4566 6
      vertex -31.2541 37.3352 0
      vertex -31.2541 37.3352 6
    endloop
  endfacet
  facet normal 0.70709 0.707123 -0
    outer loop
      vertex -37.3352 31.2541 0
      vertex -39.4566 33.3754 6
      vertex -37.3352 31.2541 6
    endloop
  endfacet
  facet normal 0.70709 0.707123 0
    outer loop
      vertex -39.4566 33.3754 6
      vertex -37.3352 31.2541 0
      vertex -39.4566 33.3754 0
    endloop
  endfacet
  facet normal 0.707107 -0.707107 0
    outer loop
      vertex -39.4566 33.3754 6
      vertex -33.3754 39.4566 0
      vertex -33.3754 39.4566 6
    endloop
  endfacet
  facet normal 0.707107 -0.707107 0
    outer loop
      vertex -33.3754 39.4566 0
      vertex -39.4566 33.3754 6
      vertex -39.4566 33.3754 0
    endloop
  endfacet
  facet normal -0.707107 0.707107 0
    outer loop
      vertex -37.3352 31.2541 0
      vertex -31.2541 37.3352 6
      vertex -31.2541 37.3352 0
    endloop
  endfacet
  facet normal -0.707107 0.707107 0
    outer loop
      vertex -31.2541 37.3352 6
      vertex -37.3352 31.2541 0
      vertex -37.3352 31.2541 6
    endloop
  endfacet
  facet normal 0 1 -0
    outer loop
      vertex -48.5 -4.3 0
      vertex -51.5 -4.3 6
      vertex -48.5 -4.3 6
    endloop
  endfacet
  facet normal 0 1 0
    outer loop
      vertex -51.5 -4.3 6
      vertex -48.5 -4.3 0
      vertex -51.5 -4.3 0
    endloop
  endfacet
  facet normal 1 -0 0
    outer loop
      vertex -51.5 -4.3 6
      vertex -51.5 4.3 0
      vertex -51.5 4.3 6
    endloop
  endfacet
  facet normal 1 0 0
    outer loop
      vertex -51.5 4.3 0
      vertex -51.5 -4.3 6
      vertex -51.5 -4.3 0
    endloop
  endfacet
  facet normal -1 0 0
    outer loop
      vertex -48.5 -4.3 0
      vertex -48.5 4.3 6
      vertex -48.5 4.3 0
    endloop
  endfacet
  facet normal -1 -0 0
    outer loop
      vertex -48.5 4.3 6
      vertex -48.5 -4.3 0
      vertex -48.5 -4.3 6
    endloop
  endfacet
  facet normal 0 -1 0
    outer loop
      vertex -51.5 4.3 0
      vertex -48.5 4.3 6
      vertex -51.5 4.3 6
    endloop
  endfacet
  facet normal 0 -1 -0
    outer loop
      vertex -48.5 4.3 6
      vertex -51.5 4.3 0
      vertex -48.5 4.3 0
    endloop
  endfacet
  facet normal 0 0 -1
    outer loop
      vertex -33.1048 -35.6766 7
      vertex -35.2851 -33.3043 7
      vertex -32.9864 -35.603 7
    endloop
  endfacet
  facet normal 0 0 -1
    outer loop
      vertex -33.3601 -35.8596 7
      vertex -35.2851 -33.3043 7
      vertex -33.1048 -35.6766 7
    endloop
  endfacet
  facet normal 0 0 -1
    outer loop
      vertex -35.3082 -33.3208 7
      vertex -33.3601 -35.8596 7
      vertex -33.6029 -36.0588 7
    endloop
  endfacet
  facet normal 0 0 -1
    outer loop
      vertex -35.7128 -33.6529 7
      vertex -33.6029 -36.0588 7
      vertex -33.8322 -36.2736 7
    endloop
  endfacet
  facet normal 0 0 -1
    outer loop
      vertex -36.0949 -34.0108 7
      vertex -33.8322 -36.2736 7
      vertex -34.0469 -36.5028 7
    endloop
  endfacet
  facet normal 0 0 -1
    outer loop
      vertex -36.4528 -34.3929 7
      vertex -34.0469 -36.5028 7
      vertex -34.2462 -36.7456 7
    endloop
  endfacet
  facet normal 0 0 -1
    outer loop
      vertex -36.7849 -34.7976 7
      vertex -34.2462 -36.7456 7
      vertex -34.4291 -37.0009 7
    endloop
  endfacet
  facet normal 0 0 -1
    outer loop
      vertex -37.2888 -35.5432 7
      vertex -34.4291 -37.0009 7
      vertex -34.595 -37.2677 7
    endloop
  endfacet
  facet normal 0 0 -1
    outer loop
      vertex -37.2888 -35.5432 7
      vertex -34.595 -37.2677 7
      vertex -34.7431 -37.5447 7
    endloop
  endfacet
  facet normal 0 0 -1
    outer loop
      vertex -37.2888 -35.5432 7
      vertex -34.7431 -37.5447 7
      vertex -34.8727 -37.8308 7
    endloop
  endfacet
  facet normal 0 0 -1
    outer loop
      vertex -37.2888 -35.5432 7
      vertex -34.8727 -37.8308 7
      vertex -34.9078 -37.9242 7
    endloop
  endfacet
  facet normal 0 0 -1
    outer loop
      vertex -33.3601 -35.8596 7
      vertex -35.3082 -33.3208 7
      vertex -35.2851 -33.3043 7
    endloop
  endfacet
  facet normal 0 0 -1
    outer loop
      vertex -33.6029 -36.0588 7
      vertex -35.7128 -33.6529 7
      vertex -35.3082 -33.3208 7
    endloop
  endfacet
  facet normal 0 0 -1
    outer loop
      vertex -33.8322 -36.2736 7
      vertex -36.0949 -34.0108 7
      vertex -35.7128 -33.6529 7
    endloop
  endfacet
  facet normal 0 0 -1
    outer loop
      vertex -34.0469 -36.5028 7
      vertex -36.4528 -34.3929 7
      vertex -36.0949 -34.0108 7
    endloop
  endfacet
  facet normal 0 0 -1
    outer loop
      vertex -34.2462 -36.7456 7
      vertex -36.7849 -34.7976 7
      vertex -36.4528 -34.3929 7
    endloop
  endfacet
  facet normal 0 0 -1
    outer loop
      vertex -34.4291 -37.0009 7
      vertex -37.0898 -35.2231 7
      vertex -36.7849 -34.7976 7
    endloop
  endfacet
  facet normal 0 0 -1
    outer loop
      vertex -34.4291 -37.0009 7
      vertex -37.2888 -35.5432 7
      vertex -37.0898 -35.2231 7
    endloop
  endfacet
  facet normal -0.707124 -0.70709 0
    outer loop
      vertex -37.3352 -31.2541 0
      vertex -35.2851 -33.3043 6
      vertex -37.3352 -31.2541 6
    endloop
  endfacet
  facet normal -0.707115 -0.707099 -6.22933e-06
    outer loop
      vertex -32.9864 -35.603 0
      vertex -35.2851 -33.3043 6
      vertex -37.3352 -31.2541 0
    endloop
  endfacet
  facet normal -0.707107 -0.707107 -0
    outer loop
      vertex -32.9864 -35.603 7
      vertex -35.2851 -33.3043 6
      vertex -32.9864 -35.603 0
    endloop
  endfacet
  facet normal -0.707107 -0.707107 0
    outer loop
      vertex -35.2851 -33.3043 6
      vertex -32.9864 -35.603 7
      vertex -35.2851 -33.3043 7
    endloop
  endfacet
  facet normal 0.707107 0.707107 0
    outer loop
      vertex -37.2888 -35.5432 7
      vertex -34.9078 -37.9242 7
      vertex -37.2888 -35.5432 6
    endloop
  endfacet
  facet normal 0.707107 0.707107 0
    outer loop
      vertex -37.2888 -35.5432 6
      vertex -39.4566 -33.3754 0
      vertex -39.4566 -33.3754 6
    endloop
  endfacet
  facet normal 0.707107 0.707107 -0
    outer loop
      vertex -34.9078 -37.9242 0
      vertex -37.2888 -35.5432 6
      vertex -34.9078 -37.9242 7
    endloop
  endfacet
  facet normal 0.707107 0.707107 0
    outer loop
      vertex -37.2888 -35.5432 6
      vertex -34.9078 -37.9242 0
      vertex -39.4566 -33.3754 0
    endloop
  endfacet
  facet normal 0.70709 -0.707123 0
    outer loop
      vertex -39.4566 -33.3754 0
      vertex -37.3352 -31.2541 6
      vertex -39.4566 -33.3754 6
    endloop
  endfacet
  facet normal 0.70709 -0.707123 0
    outer loop
      vertex -37.3352 -31.2541 6
      vertex -39.4566 -33.3754 0
      vertex -37.3352 -31.2541 0
    endloop
  endfacet
  facet normal -1 0 0
    outer loop
      vertex 4.3 -51.5 0
      vertex 4.3 -48.5 6
      vertex 4.3 -48.5 0
    endloop
  endfacet
  facet normal -1 -0 0
    outer loop
      vertex 4.3 -48.5 6
      vertex 4.3 -51.5 0
      vertex 4.3 -51.5 6
    endloop
  endfacet
  facet normal 0 -1 0
    outer loop
      vertex -4.3 -48.5 0
      vertex 4.3 -48.5 6
      vertex -4.3 -48.5 6
    endloop
  endfacet
  facet normal 0 -1 -0
    outer loop
      vertex 4.3 -48.5 6
      vertex -4.3 -48.5 0
      vertex 4.3 -48.5 0
    endloop
  endfacet
  facet normal 0 1 -0
    outer loop
      vertex 4.3 -51.5 0
      vertex -4.3 -51.5 6
      vertex 4.3 -51.5 6
    endloop
  endfacet
  facet normal 0 1 0
    outer loop
      vertex -4.3 -51.5 6
      vertex 4.3 -51.5 0
      vertex -4.3 -51.5 0
    endloop
  endfacet
  facet normal 1 -0 0
    outer loop
      vertex -4.3 -51.5 6
      vertex -4.3 -48.5 0
      vertex -4.3 -48.5 6
    endloop
  endfacet
  facet normal 1 0 0
    outer loop
      vertex -4.3 -48.5 0
      vertex -4.3 -51.5 6
      vertex -4.3 -51.5 0
    endloop
  endfacet
  facet normal 0.707123 0.70709 0
    outer loop
      vertex 33.3754 -39.4566 6
      vertex 31.2541 -37.3352 0
      vertex 31.2541 -37.3352 6
    endloop
  endfacet
  facet normal 0.707123 0.70709 0
    outer loop
      vertex 31.2541 -37.3352 0
      vertex 33.3754 -39.4566 6
      vertex 33.3754 -39.4566 0
    endloop
  endfacet
  facet normal -0.70709 -0.707123 0
    outer loop
      vertex 37.3352 -31.2541 0
      vertex 39.4566 -33.3754 6
      vertex 37.3352 -31.2541 6
    endloop
  endfacet
  facet normal -0.70709 -0.707123 -0
    outer loop
      vertex 39.4566 -33.3754 6
      vertex 37.3352 -31.2541 0
      vertex 39.4566 -33.3754 0
    endloop
  endfacet
  facet normal -0.707107 0.707107 0
    outer loop
      vertex 33.3754 -39.4566 0
      vertex 39.4566 -33.3754 6
      vertex 39.4566 -33.3754 0
    endloop
  endfacet
  facet normal -0.707107 0.707107 0
    outer loop
      vertex 39.4566 -33.3754 6
      vertex 33.3754 -39.4566 0
      vertex 33.3754 -39.4566 6
    endloop
  endfacet
  facet normal 0.707107 -0.707107 0
    outer loop
      vertex 31.2541 -37.3352 6
      vertex 37.3352 -31.2541 0
      vertex 37.3352 -31.2541 6
    endloop
  endfacet
  facet normal 0.707107 -0.707107 0
    outer loop
      vertex 37.3352 -31.2541 0
      vertex 31.2541 -37.3352 6
      vertex 31.2541 -37.3352 0
    endloop
  endfacet
  facet normal 0 0 -1
    outer loop
      vertex 51.4091 -2.09169 7
      vertex 51.5 1.23439 7
      vertex 51.5 -2.13286 7
    endloop
  endfacet
  facet normal 0 0 -1
    outer loop
      vertex 51.1152 -1.98104 7
      vertex 51.5 1.23439 7
      vertex 51.4091 -2.09169 7
    endloop
  endfacet
  facet normal 0 0 -1
    outer loop
      vertex 50.8146 -1.88986 7
      vertex 51.5 1.23439 7
      vertex 51.1152 -1.98104 7
    endloop
  endfacet
  facet normal 0 0 -1
    outer loop
      vertex 50.5087 -1.81854 7
      vertex 51.5 1.23439 7
      vertex 50.8146 -1.88986 7
    endloop
  endfacet
  facet normal -0 0 -1
    outer loop
      vertex 51.5 1.23439 7
      vertex 50.5087 -1.81854 7
      vertex 51.133 1.31997 7
    endloop
  endfacet
  facet normal -0 0 -1
    outer loop
      vertex 51.133 1.31997 7
      vertex 50.5087 -1.81854 7
      vertex 50.6165 1.40525 7
    endloop
  endfacet
  facet normal 0 0 -1
    outer loop
      vertex 50.1988 -1.76737 7
      vertex 50.6165 1.40525 7
      vertex 50.5087 -1.81854 7
    endloop
  endfacet
  facet normal 0 0 -1
    outer loop
      vertex 50.1988 -1.76737 7
      vertex 50.0955 1.45656 7
      vertex 50.6165 1.40525 7
    endloop
  endfacet
  facet normal 0 0 -1
    outer loop
      vertex 49.8862 -1.73659 7
      vertex 50.0955 1.45656 7
      vertex 50.1988 -1.76737 7
    endloop
  endfacet
  facet normal 0 0 -1
    outer loop
      vertex 49.5722 -1.72631 7
      vertex 50.0955 1.45656 7
      vertex 49.8862 -1.73659 7
    endloop
  endfacet
  facet normal 0 0 -1
    outer loop
      vertex 49.5722 -1.72631 7
      vertex 49.5722 1.47369 7
      vertex 50.0955 1.45656 7
    endloop
  endfacet
  facet normal 0 0 -1
    outer loop
      vertex 49.2583 -1.73659 7
      vertex 49.5722 1.47369 7
      vertex 49.5722 -1.72631 7
    endloop
  endfacet
  facet normal 0 0 -1
    outer loop
      vertex 49.2583 -1.73659 7
      vertex 49.049 1.45656 7
      vertex 49.5722 1.47369 7
    endloop
  endfacet
  facet normal 0 0 -1
    outer loop
      vertex 48.9457 -1.76737 7
      vertex 49.049 1.45656 7
      vertex 49.2583 -1.73659 7
    endloop
  endfacet
  facet normal 0 0 -1
    outer loop
      vertex 48.5 1.40062 7
      vertex 48.9457 -1.76737 7
      vertex 48.6358 -1.81854 7
    endloop
  endfacet
  facet normal 0 0 -1
    outer loop
      vertex 48.9457 -1.76737 7
      vertex 48.528 1.40525 7
      vertex 49.049 1.45656 7
    endloop
  endfacet
  facet normal 0 0 -1
    outer loop
      vertex 48.5 1.40062 7
      vertex 48.6358 -1.81854 7
      vertex 48.5 -1.85021 7
    endloop
  endfacet
  facet normal 0 0 -1
    outer loop
      vertex 48.9457 -1.76737 7
      vertex 48.5 1.40062 7
      vertex 48.528 1.40525 7
    endloop
  endfacet
  facet normal 0 -1 0
    outer loop
      vertex 48.5 4.3 0
      vertex 51.5 4.3 6
      vertex 48.5 4.3 6
    endloop
  endfacet
  facet normal 0 -1 -0
    outer loop
      vertex 51.5 4.3 6
      vertex 48.5 4.3 0
      vertex 51.5 4.3 0
    endloop
  endfacet
  facet normal -1 0 0
    outer loop
      vertex 51.5 4.3 0
      vertex 51.5 1.23439 6
      vertex 51.5 4.3 6
    endloop
  endfacet
  facet normal -1 0 0
    outer loop
      vertex 51.5 -2.13286 0
      vertex 51.5 1.23439 6
      vertex 51.5 4.3 0
    endloop
  endfacet
  facet normal -1 0 0
    outer loop
      vertex 51.5 -2.13286 7
      vertex 51.5 1.23439 6
      vertex 51.5 -2.13286 0
    endloop
  endfacet
  facet normal -1 0 0
    outer loop
      vertex 51.5 1.23439 6
      vertex 51.5 -2.13286 7
      vertex 51.5 1.23439 7
    endloop
  endfacet
  facet normal 1 0 0
    outer loop
      vertex 48.5 1.40062 7
      vertex 48.5 -1.85021 7
      vertex 48.5 1.40062 6
    endloop
  endfacet
  facet normal 1 -0 0
    outer loop
      vertex 48.5 1.40062 6
      vertex 48.5 4.3 0
      vertex 48.5 4.3 6
    endloop
  endfacet
  facet normal 1 0 0
    outer loop
      vertex 48.5 -1.85021 0
      vertex 48.5 1.40062 6
      vertex 48.5 -1.85021 7
    endloop
  endfacet
  facet normal 1 0 0
    outer loop
      vertex 48.5 1.40062 6
      vertex 48.5 -1.85021 0
      vertex 48.5 4.3 0
    endloop
  endfacet
  facet normal -0.70709 0.707123 0
    outer loop
      vertex 39.4566 33.3754 0
      vertex 37.3352 31.2541 6
      vertex 39.4566 33.3754 6
    endloop
  endfacet
  facet normal -0.70709 0.707123 0
    outer loop
      vertex 37.3352 31.2541 6
      vertex 39.4566 33.3754 0
      vertex 37.3352 31.2541 0
    endloop
  endfacet
  facet normal 0.707123 -0.70709 0
    outer loop
      vertex 31.2541 37.3352 6
      vertex 33.3754 39.4566 0
      vertex 33.3754 39.4566 6
    endloop
  endfacet
  facet normal 0.707123 -0.70709 0
    outer loop
      vertex 33.3754 39.4566 0
      vertex 31.2541 37.3352 6
      vertex 31.2541 37.3352 0
    endloop
  endfacet
  facet normal -0.707107 -0.707107 0
    outer loop
      vertex 39.4566 33.3754 0
      vertex 33.3754 39.4566 6
      vertex 33.3754 39.4566 0
    endloop
  endfacet
  facet normal -0.707107 -0.707107 0
    outer loop
      vertex 33.3754 39.4566 6
      vertex 39.4566 33.3754 0
      vertex 39.4566 33.3754 6
    endloop
  endfacet
  facet normal 0.707107 0.707107 0
    outer loop
      vertex 37.3352 31.2541 6
      vertex 31.2541 37.3352 0
      vertex 31.2541 37.3352 6
    endloop
  endfacet
  facet normal 0.707107 0.707107 0
    outer loop
      vertex 31.2541 37.3352 0
      vertex 37.3352 31.2541 6
      vertex 37.3352 31.2541 0
    endloop
  endfacet
  facet normal -0.0980221 0.995184 0
    outer loop
      vertex 5.26021 -39.9552 0
      vertex 2.63575 -40.2137 6
      vertex 5.26021 -39.9552 6
    endloop
  endfacet
  facet normal -0.0980221 0.995184 0
    outer loop
      vertex 2.63575 -40.2137 6
      vertex 5.26021 -39.9552 0
      vertex 2.63575 -40.2137 0
    endloop
  endfacet
  facet normal -0.995184 -0.0980221 0
    outer loop
      vertex 40.2137 2.63575 0
      vertex 39.9552 5.26021 6
      vertex 39.9552 5.26021 0
    endloop
  endfacet
  facet normal -0.995184 -0.0980221 0
    outer loop
      vertex 39.9552 5.26021 6
      vertex 40.2137 2.63575 0
      vertex 40.2137 2.63575 6
    endloop
  endfacet
  facet normal -0.999464 -0.0327246 0
    outer loop
      vertex 40.3 0 0
      vertex 40.2137 2.63575 6
      vertex 40.2137 2.63575 0
    endloop
  endfacet
  facet normal -0.999464 -0.0327246 0
    outer loop
      vertex 40.2137 2.63575 6
      vertex 40.3 0 0
      vertex 40.3 0 6
    endloop
  endfacet
  facet normal -0.956943 -0.290276 0
    outer loop
      vertex 38.9268 10.4304 0
      vertex 38.1613 12.954 6
      vertex 38.1613 12.954 0
    endloop
  endfacet
  facet normal -0.956943 -0.290276 0
    outer loop
      vertex 38.1613 12.954 6
      vertex 38.9268 10.4304 0
      vertex 38.9268 10.4304 6
    endloop
  endfacet
  facet normal -0.683578 0.729878 0
    outer loop
      vertex 28.4964 -28.4964 0
      vertex 26.5716 -30.2991 6
      vertex 28.4964 -28.4964 6
    endloop
  endfacet
  facet normal -0.683578 0.729878 0
    outer loop
      vertex 26.5716 -30.2991 6
      vertex 28.4964 -28.4964 0
      vertex 26.5716 -30.2991 0
    endloop
  endfacet
  facet normal 0.0980221 0.995184 -0
    outer loop
      vertex -2.63575 -40.2137 0
      vertex -5.26021 -39.9552 6
      vertex -2.63575 -40.2137 6
    endloop
  endfacet
  facet normal 0.0980221 0.995184 0
    outer loop
      vertex -5.26021 -39.9552 6
      vertex -2.63575 -40.2137 0
      vertex -5.26021 -39.9552 0
    endloop
  endfacet
  facet normal 0.935897 -0.352274 0
    outer loop
      vertex -38.1613 12.954 6
      vertex -37.2323 15.4221 0
      vertex -37.2323 15.4221 6
    endloop
  endfacet
  facet normal 0.935897 -0.352274 0
    outer loop
      vertex -37.2323 15.4221 0
      vertex -38.1613 12.954 6
      vertex -38.1613 12.954 0
    endloop
  endfacet
  facet normal 0.290276 0.956943 -0
    outer loop
      vertex -10.4304 -38.9268 0
      vertex -12.954 -38.1613 6
      vertex -10.4304 -38.9268 6
    endloop
  endfacet
  facet normal 0.290276 0.956943 0
    outer loop
      vertex -12.954 -38.1613 6
      vertex -10.4304 -38.9268 0
      vertex -12.954 -38.1613 0
    endloop
  endfacet
  facet normal 0.528065 0.849204 -0
    outer loop
      vertex -20.15 -34.9008 0
      vertex -22.3895 -33.5082 6
      vertex -20.15 -34.9008 6
    endloop
  endfacet
  facet normal 0.528065 0.849204 0
    outer loop
      vertex -22.3895 -33.5082 6
      vertex -20.15 -34.9008 0
      vertex -22.3895 -33.5082 0
    endloop
  endfacet
  facet normal -0.849215 -0.528048 0
    outer loop
      vertex 33.5082 22.3895 0
      vertex 33.8441 21.8493 3
      vertex 33.5082 22.3895 6
    endloop
  endfacet
  facet normal -0.849107 -0.528221 -4.32568e-05
    outer loop
      vertex 33.5082 22.3895 0
      vertex 33.8644 21.8167 2.60982
      vertex 33.8441 21.8493 3
    endloop
  endfacet
  facet normal -0.849054 -0.528306 -6.90831e-05
    outer loop
      vertex 33.5082 22.3895 0
      vertex 33.9246 21.72 2.23463
      vertex 33.8644 21.8167 2.60982
    endloop
  endfacet
  facet normal -0.849318 -0.527882 0.000106778
    outer loop
      vertex 33.5082 22.3895 0
      vertex 34.0222 21.5629 1.88886
      vertex 33.9246 21.72 2.23463
    endloop
  endfacet
  facet normal -0.849199 -0.528073 -9.20266e-06
    outer loop
      vertex 33.5082 22.3895 0
      vertex 34.1536 21.3516 1.58579
      vertex 34.0222 21.5629 1.88886
    endloop
  endfacet
  facet normal -0.849179 -0.528105 -3.8154e-05
    outer loop
      vertex 33.5082 22.3895 0
      vertex 34.2681 21.1675 1.40796
      vertex 34.1536 21.3516 1.58579
    endloop
  endfacet
  facet normal -0.84904 -0.528329 -0.000307199
    outer loop
      vertex 33.5082 22.3895 0
      vertex 34.3138 21.0941 1.33706
      vertex 34.2681 21.1675 1.40796
    endloop
  endfacet
  facet normal -0.849331 -0.52786 0.000322331
    outer loop
      vertex 33.5082 22.3895 0
      vertex 34.4447 20.8834 1.20455
      vertex 34.3138 21.0941 1.33706
    endloop
  endfacet
  facet normal -0.849144 -0.528162 -0.000200416
    outer loop
      vertex 33.5082 22.3895 0
      vertex 34.4964 20.8003 1.15224
      vertex 34.4447 20.8834 1.20455
    endloop
  endfacet
  facet normal -0.849204 -0.528065 -1.51448e-05
    outer loop
      vertex 34.9008 20.15 0
      vertex 34.4964 20.8003 1.15224
      vertex 33.5082 22.3895 0
    endloop
  endfacet
  facet normal -0.848893 -0.528565 0.000376584
    outer loop
      vertex 34.4964 20.8003 1.15224
      vertex 34.9008 20.15 0
      vertex 34.5523 20.7105 1.12017
    endloop
  endfacet
  facet normal -0.849199 -0.528073 3.50636e-05
    outer loop
      vertex 34.5523 20.7105 1.12017
      vertex 34.9008 20.15 0
      vertex 34.6947 20.4815 1.03843
    endloop
  endfacet
  facet normal -0.849248 -0.527994 0
    outer loop
      vertex 34.6947 20.4815 1.03843
      vertex 34.9008 20.15 0
      vertex 34.9008 20.15 1
    endloop
  endfacet
  facet normal -0.849107 -0.528221 4.32568e-05
    outer loop
      vertex 33.8644 21.8167 3.39018
      vertex 33.5082 22.3895 6
      vertex 33.8441 21.8493 3
    endloop
  endfacet
  facet normal -0.849054 -0.528306 6.90831e-05
    outer loop
      vertex 33.9246 21.72 3.76537
      vertex 33.5082 22.3895 6
      vertex 33.8644 21.8167 3.39018
    endloop
  endfacet
  facet normal -0.849318 -0.527882 -0.000106778
    outer loop
      vertex 34.0222 21.5629 4.11114
      vertex 33.5082 22.3895 6
      vertex 33.9246 21.72 3.76537
    endloop
  endfacet
  facet normal -0.849199 -0.528073 9.20266e-06
    outer loop
      vertex 34.1536 21.3516 4.41421
      vertex 33.5082 22.3895 6
      vertex 34.0222 21.5629 4.11114
    endloop
  endfacet
  facet normal -0.849179 -0.528105 3.8154e-05
    outer loop
      vertex 34.2681 21.1675 4.59204
      vertex 33.5082 22.3895 6
      vertex 34.1536 21.3516 4.41421
    endloop
  endfacet
  facet normal -0.84904 -0.528329 0.000307199
    outer loop
      vertex 34.3138 21.0941 4.66294
      vertex 33.5082 22.3895 6
      vertex 34.2681 21.1675 4.59204
    endloop
  endfacet
  facet normal -0.849331 -0.52786 -0.000322331
    outer loop
      vertex 34.4447 20.8834 4.79545
      vertex 33.5082 22.3895 6
      vertex 34.3138 21.0941 4.66294
    endloop
  endfacet
  facet normal -0.849144 -0.528162 0.000200416
    outer loop
      vertex 34.4964 20.8003 4.84776
      vertex 33.5082 22.3895 6
      vertex 34.4447 20.8834 4.79545
    endloop
  endfacet
  facet normal -0.848893 -0.528565 -0.000376584
    outer loop
      vertex 34.9008 20.15 6
      vertex 34.4964 20.8003 4.84776
      vertex 34.5523 20.7105 4.87983
    endloop
  endfacet
  facet normal -0.849199 -0.528073 -3.50636e-05
    outer loop
      vertex 34.9008 20.15 6
      vertex 34.5523 20.7105 4.87983
      vertex 34.6947 20.4815 4.96157
    endloop
  endfacet
  facet normal -0.849248 -0.527994 -0
    outer loop
      vertex 34.9008 20.15 6
      vertex 34.6947 20.4815 4.96157
      vertex 34.9008 20.15 5
    endloop
  endfacet
  facet normal -0.849204 -0.528065 1.51448e-05
    outer loop
      vertex 34.4964 20.8003 4.84776
      vertex 34.9008 20.15 6
      vertex 33.5082 22.3895 6
    endloop
  endfacet
  facet normal -0.471407 -0.881916 0
    outer loop
      vertex 17.8242 36.144 0
      vertex 20.15 34.9008 6
      vertex 17.8242 36.144 6
    endloop
  endfacet
  facet normal -0.471407 -0.881916 -0
    outer loop
      vertex 20.15 34.9008 6
      vertex 17.8242 36.144 0
      vertex 20.15 34.9008 0
    endloop
  endfacet
  facet normal 0.582482 0.812843 -0
    outer loop
      vertex -22.3895 -33.5082 0
      vertex -24.5331 -31.9721 6
      vertex -22.3895 -33.5082 6
    endloop
  endfacet
  facet normal 0.582482 0.812843 0
    outer loop
      vertex -24.5331 -31.9721 6
      vertex -22.3895 -33.5082 0
      vertex -24.5331 -31.9721 0
    endloop
  endfacet
  facet normal 0.227064 0.97388 -0
    outer loop
      vertex -7.86214 -39.5256 0
      vertex -10.4304 -38.9268 6
      vertex -7.86214 -39.5256 6
    endloop
  endfacet
  facet normal 0.227064 0.97388 0
    outer loop
      vertex -10.4304 -38.9268 6
      vertex -7.86214 -39.5256 0
      vertex -10.4304 -38.9268 0
    endloop
  endfacet
  facet normal -0.162903 0.986642 0
    outer loop
      vertex 7.86214 -39.5256 0
      vertex 5.26021 -39.9552 6
      vertex 7.86214 -39.5256 6
    endloop
  endfacet
  facet normal -0.162903 0.986642 0
    outer loop
      vertex 5.26021 -39.9552 6
      vertex 7.86214 -39.5256 0
      vertex 5.26021 -39.9552 0
    endloop
  endfacet
  facet normal -0.582482 -0.812843 0
    outer loop
      vertex 22.3895 33.5082 0
      vertex 24.5331 31.9721 6
      vertex 22.3895 33.5082 6
    endloop
  endfacet
  facet normal -0.582482 -0.812843 -0
    outer loop
      vertex 24.5331 31.9721 6
      vertex 22.3895 33.5082 0
      vertex 24.5331 31.9721 0
    endloop
  endfacet
  facet normal -0.0980221 -0.995184 0
    outer loop
      vertex 2.63575 40.2137 0
      vertex 5.26021 39.9552 6
      vertex 2.63575 40.2137 6
    endloop
  endfacet
  facet normal -0.0980221 -0.995184 -0
    outer loop
      vertex 5.26021 39.9552 6
      vertex 2.63575 40.2137 0
      vertex 5.26021 39.9552 0
    endloop
  endfacet
  facet normal -0.999464 0.0327246 0
    outer loop
      vertex 40.2137 -2.63575 0
      vertex 40.3 0 6
      vertex 40.3 0 0
    endloop
  endfacet
  facet normal -0.999464 0.0327246 0
    outer loop
      vertex 40.3 0 6
      vertex 40.2137 -2.63575 0
      vertex 40.2137 -2.63575 6
    endloop
  endfacet
  facet normal -0.634404 -0.773002 0
    outer loop
      vertex 24.5331 31.9721 0
      vertex 26.5716 30.2991 6
      vertex 24.5331 31.9721 6
    endloop
  endfacet
  facet normal -0.634404 -0.773002 -0
    outer loop
      vertex 26.5716 30.2991 6
      vertex 24.5331 31.9721 0
      vertex 26.5716 30.2991 0
    endloop
  endfacet
  facet normal -0.471407 0.881916 0
    outer loop
      vertex 20.15 -34.9008 0
      vertex 17.8242 -36.144 6
      vertex 20.15 -34.9008 6
    endloop
  endfacet
  facet normal -0.471407 0.881916 0
    outer loop
      vertex 17.8242 -36.144 6
      vertex 20.15 -34.9008 0
      vertex 17.8242 -36.144 0
    endloop
  endfacet
  facet normal -0.352274 -0.935897 0
    outer loop
      vertex 12.954 38.1613 0
      vertex 15.4221 37.2323 6
      vertex 12.954 38.1613 6
    endloop
  endfacet
  facet normal -0.352274 -0.935897 -0
    outer loop
      vertex 15.4221 37.2323 6
      vertex 12.954 38.1613 0
      vertex 15.4221 37.2323 0
    endloop
  endfacet
  facet normal 0.162903 0.986642 -0
    outer loop
      vertex -5.26021 -39.9552 0
      vertex -7.86214 -39.5256 6
      vertex -5.26021 -39.9552 6
    endloop
  endfacet
  facet normal 0.162903 0.986642 0
    outer loop
      vertex -7.86214 -39.5256 6
      vertex -5.26021 -39.9552 0
      vertex -7.86214 -39.5256 0
    endloop
  endfacet
  facet normal 0.999464 0.0327246 0
    outer loop
      vertex -40.2137 -2.63575 6
      vertex -40.3 0 0
      vertex -40.3 0 6
    endloop
  endfacet
  facet normal 0.999464 0.0327246 0
    outer loop
      vertex -40.3 0 0
      vertex -40.2137 -2.63575 6
      vertex -40.2137 -2.63575 0
    endloop
  endfacet
  facet normal 0.986642 -0.162903 0
    outer loop
      vertex -39.9552 5.26021 6
      vertex -39.5256 7.86214 0
      vertex -39.5256 7.86214 6
    endloop
  endfacet
  facet normal 0.986642 -0.162903 0
    outer loop
      vertex -39.5256 7.86214 0
      vertex -39.9552 5.26021 6
      vertex -39.9552 5.26021 0
    endloop
  endfacet
  facet normal -0.582482 0.812843 0
    outer loop
      vertex 24.5331 -31.9721 0
      vertex 22.3895 -33.5082 6
      vertex 24.5331 -31.9721 6
    endloop
  endfacet
  facet normal -0.582482 0.812843 0
    outer loop
      vertex 22.3895 -33.5082 6
      vertex 24.5331 -31.9721 0
      vertex 22.3895 -33.5082 0
    endloop
  endfacet
  facet normal 0.683578 0.729878 -0
    outer loop
      vertex -26.5716 -30.2991 0
      vertex -28.4964 -28.4964 6
      vertex -26.5716 -30.2991 6
    endloop
  endfacet
  facet normal 0.683578 0.729878 0
    outer loop
      vertex -28.4964 -28.4964 6
      vertex -26.5716 -30.2991 0
      vertex -28.4964 -28.4964 0
    endloop
  endfacet
  facet normal -0.729878 0.683578 0
    outer loop
      vertex 28.4964 -28.4964 0
      vertex 30.2991 -26.5716 6
      vertex 30.2991 -26.5716 0
    endloop
  endfacet
  facet normal -0.729878 0.683578 0
    outer loop
      vertex 30.2991 -26.5716 6
      vertex 28.4964 -28.4964 0
      vertex 28.4964 -28.4964 6
    endloop
  endfacet
  facet normal 0.935897 0.352274 0
    outer loop
      vertex -37.2323 -15.4221 6
      vertex -38.1613 -12.954 0
      vertex -38.1613 -12.954 6
    endloop
  endfacet
  facet normal 0.935897 0.352274 0
    outer loop
      vertex -38.1613 -12.954 0
      vertex -37.2323 -15.4221 6
      vertex -37.2323 -15.4221 0
    endloop
  endfacet
  facet normal 0.849215 -0.528048 0
    outer loop
      vertex -33.5082 22.3895 6
      vertex -33.8441 21.8493 3
      vertex -33.5082 22.3895 0
    endloop
  endfacet
  facet normal 0.849107 -0.528221 4.32568e-05
    outer loop
      vertex -33.5082 22.3895 6
      vertex -33.8644 21.8167 3.39018
      vertex -33.8441 21.8493 3
    endloop
  endfacet
  facet normal 0.849054 -0.528306 6.90831e-05
    outer loop
      vertex -33.5082 22.3895 6
      vertex -33.9246 21.72 3.76537
      vertex -33.8644 21.8167 3.39018
    endloop
  endfacet
  facet normal 0.849318 -0.527882 -0.000106778
    outer loop
      vertex -33.5082 22.3895 6
      vertex -34.0222 21.5629 4.11114
      vertex -33.9246 21.72 3.76537
    endloop
  endfacet
  facet normal 0.849199 -0.528073 9.20266e-06
    outer loop
      vertex -33.5082 22.3895 6
      vertex -34.1536 21.3516 4.41421
      vertex -34.0222 21.5629 4.11114
    endloop
  endfacet
  facet normal 0.849179 -0.528105 3.8154e-05
    outer loop
      vertex -33.5082 22.3895 6
      vertex -34.2681 21.1675 4.59204
      vertex -34.1536 21.3516 4.41421
    endloop
  endfacet
  facet normal 0.84904 -0.528329 0.000307199
    outer loop
      vertex -33.5082 22.3895 6
      vertex -34.3138 21.0941 4.66294
      vertex -34.2681 21.1675 4.59204
    endloop
  endfacet
  facet normal 0.849331 -0.52786 -0.000322331
    outer loop
      vertex -33.5082 22.3895 6
      vertex -34.4447 20.8834 4.79545
      vertex -34.3138 21.0941 4.66294
    endloop
  endfacet
  facet normal 0.849144 -0.528162 0.000200416
    outer loop
      vertex -33.5082 22.3895 6
      vertex -34.4964 20.8003 4.84776
      vertex -34.4447 20.8834 4.79545
    endloop
  endfacet
  facet normal 0.849204 -0.528065 1.51448e-05
    outer loop
      vertex -34.9008 20.15 6
      vertex -34.4964 20.8003 4.84776
      vertex -33.5082 22.3895 6
    endloop
  endfacet
  facet normal 0.848893 -0.528565 -0.000376584
    outer loop
      vertex -34.4964 20.8003 4.84776
      vertex -34.9008 20.15 6
      vertex -34.5523 20.7105 4.87983
    endloop
  endfacet
  facet normal 0.849199 -0.528073 -3.50636e-05
    outer loop
      vertex -34.5523 20.7105 4.87983
      vertex -34.9008 20.15 6
      vertex -34.6947 20.4815 4.96157
    endloop
  endfacet
  facet normal 0.849248 -0.527994 0
    outer loop
      vertex -34.6947 20.4815 4.96157
      vertex -34.9008 20.15 6
      vertex -34.9008 20.15 5
    endloop
  endfacet
  facet normal 0.849107 -0.528221 -4.32568e-05
    outer loop
      vertex -33.8644 21.8167 2.60982
      vertex -33.5082 22.3895 0
      vertex -33.8441 21.8493 3
    endloop
  endfacet
  facet normal 0.849054 -0.528306 -6.90831e-05
    outer loop
      vertex -33.9246 21.72 2.23463
      vertex -33.5082 22.3895 0
      vertex -33.8644 21.8167 2.60982
    endloop
  endfacet
  facet normal 0.849318 -0.527882 0.000106778
    outer loop
      vertex -34.0222 21.5629 1.88886
      vertex -33.5082 22.3895 0
      vertex -33.9246 21.72 2.23463
    endloop
  endfacet
  facet normal 0.849199 -0.528073 -9.20266e-06
    outer loop
      vertex -34.1536 21.3516 1.58579
      vertex -33.5082 22.3895 0
      vertex -34.0222 21.5629 1.88886
    endloop
  endfacet
  facet normal 0.849179 -0.528105 -3.8154e-05
    outer loop
      vertex -34.2681 21.1675 1.40796
      vertex -33.5082 22.3895 0
      vertex -34.1536 21.3516 1.58579
    endloop
  endfacet
  facet normal 0.84904 -0.528329 -0.000307199
    outer loop
      vertex -34.3138 21.0941 1.33706
      vertex -33.5082 22.3895 0
      vertex -34.2681 21.1675 1.40796
    endloop
  endfacet
  facet normal 0.849331 -0.52786 0.000322331
    outer loop
      vertex -34.4447 20.8834 1.20455
      vertex -33.5082 22.3895 0
      vertex -34.3138 21.0941 1.33706
    endloop
  endfacet
  facet normal 0.849144 -0.528162 -0.000200416
    outer loop
      vertex -34.4964 20.8003 1.15224
      vertex -33.5082 22.3895 0
      vertex -34.4447 20.8834 1.20455
    endloop
  endfacet
  facet normal 0.848893 -0.528565 0.000376584
    outer loop
      vertex -34.9008 20.15 0
      vertex -34.4964 20.8003 1.15224
      vertex -34.5523 20.7105 1.12017
    endloop
  endfacet
  facet normal 0.849199 -0.528073 3.50636e-05
    outer loop
      vertex -34.9008 20.15 0
      vertex -34.5523 20.7105 1.12017
      vertex -34.6947 20.4815 1.03843
    endloop
  endfacet
  facet normal 0.849248 -0.527994 0
    outer loop
      vertex -34.9008 20.15 0
      vertex -34.6947 20.4815 1.03843
      vertex -34.9008 20.15 1
    endloop
  endfacet
  facet normal 0.849204 -0.528065 -1.51448e-05
    outer loop
      vertex -34.4964 20.8003 1.15224
      vertex -34.9008 20.15 0
      vertex -33.5082 22.3895 0
    endloop
  endfacet
  facet normal 0.999464 -0.0327246 0
    outer loop
      vertex -40.3 0 6
      vertex -40.2137 2.63575 0
      vertex -40.2137 2.63575 6
    endloop
  endfacet
  facet normal 0.999464 -0.0327246 0
    outer loop
      vertex -40.2137 2.63575 0
      vertex -40.3 0 6
      vertex -40.3 0 0
    endloop
  endfacet
  facet normal -0.986642 0.162903 0
    outer loop
      vertex 39.5256 -7.86214 0
      vertex 39.9552 -5.26021 6
      vertex 39.9552 -5.26021 0
    endloop
  endfacet
  facet normal -0.986642 0.162903 0
    outer loop
      vertex 39.9552 -5.26021 6
      vertex 39.5256 -7.86214 0
      vertex 39.5256 -7.86214 6
    endloop
  endfacet
  facet normal -0.412683 -0.910875 0
    outer loop
      vertex 15.4221 37.2323 0
      vertex 17.8242 36.144 6
      vertex 15.4221 37.2323 6
    endloop
  endfacet
  facet normal -0.412683 -0.910875 -0
    outer loop
      vertex 17.8242 36.144 6
      vertex 15.4221 37.2323 0
      vertex 17.8242 36.144 0
    endloop
  endfacet
  facet normal -0.881916 0.471407 0
    outer loop
      vertex 34.9008 -20.15 0
      vertex 36.144 -17.8242 6
      vertex 36.144 -17.8242 0
    endloop
  endfacet
  facet normal -0.881916 0.471407 0
    outer loop
      vertex 36.144 -17.8242 6
      vertex 34.9008 -20.15 0
      vertex 34.9008 -20.15 6
    endloop
  endfacet
  facet normal 0.773002 0.634404 0
    outer loop
      vertex -30.2991 -26.5716 6
      vertex -31.9721 -24.5331 0
      vertex -31.9721 -24.5331 6
    endloop
  endfacet
  facet normal 0.773002 0.634404 0
    outer loop
      vertex -31.9721 -24.5331 0
      vertex -30.2991 -26.5716 6
      vertex -30.2991 -26.5716 0
    endloop
  endfacet
  facet normal 0.812843 0.582482 0
    outer loop
      vertex -31.9721 -24.5331 6
      vertex -33.5082 -22.3895 0
      vertex -33.5082 -22.3895 6
    endloop
  endfacet
  facet normal 0.812843 0.582482 0
    outer loop
      vertex -33.5082 -22.3895 0
      vertex -31.9721 -24.5331 6
      vertex -31.9721 -24.5331 0
    endloop
  endfacet
  facet normal 0.634404 -0.773002 0
    outer loop
      vertex -26.5716 30.2991 0
      vertex -24.5331 31.9721 6
      vertex -26.5716 30.2991 6
    endloop
  endfacet
  facet normal 0.634404 -0.773002 0
    outer loop
      vertex -24.5331 31.9721 6
      vertex -26.5716 30.2991 0
      vertex -24.5331 31.9721 0
    endloop
  endfacet
  facet normal 0.290276 -0.956943 0
    outer loop
      vertex -12.954 38.1613 0
      vertex -10.4304 38.9268 6
      vertex -12.954 38.1613 6
    endloop
  endfacet
  facet normal 0.290276 -0.956943 0
    outer loop
      vertex -10.4304 38.9268 6
      vertex -12.954 38.1613 0
      vertex -10.4304 38.9268 0
    endloop
  endfacet
  facet normal -0.773002 -0.634404 0
    outer loop
      vertex 31.9721 24.5331 0
      vertex 30.2991 26.5716 6
      vertex 30.2991 26.5716 0
    endloop
  endfacet
  facet normal -0.773002 -0.634404 0
    outer loop
      vertex 30.2991 26.5716 6
      vertex 31.9721 24.5331 0
      vertex 31.9721 24.5331 6
    endloop
  endfacet
  facet normal 0.97388 0.227064 0
    outer loop
      vertex -38.9268 -10.4304 6
      vertex -39.5256 -7.86214 0
      vertex -39.5256 -7.86214 6
    endloop
  endfacet
  facet normal 0.97388 0.227064 0
    outer loop
      vertex -39.5256 -7.86214 0
      vertex -38.9268 -10.4304 6
      vertex -38.9268 -10.4304 0
    endloop
  endfacet
  facet normal 0.227064 -0.97388 0
    outer loop
      vertex -10.4304 38.9268 0
      vertex -7.86214 39.5256 6
      vertex -10.4304 38.9268 6
    endloop
  endfacet
  facet normal 0.227064 -0.97388 0
    outer loop
      vertex -7.86214 39.5256 6
      vertex -10.4304 38.9268 0
      vertex -7.86214 39.5256 0
    endloop
  endfacet
  facet normal -0.881849 -0.471532 0
    outer loop
      vertex 34.9008 20.15 0
      vertex 35.0849 19.8057 1.03843
      vertex 34.9008 20.15 1
    endloop
  endfacet
  facet normal -0.882026 -0.4712 0.000141407
    outer loop
      vertex 34.9008 20.15 0
      vertex 35.2618 19.4746 1.15224
      vertex 35.0849 19.8057 1.03843
    endloop
  endfacet
  facet normal -0.881916 -0.471407 -1.43087e-05
    outer loop
      vertex 36.144 17.8242 0
      vertex 35.2618 19.4746 1.15224
      vertex 34.9008 20.15 0
    endloop
  endfacet
  facet normal -0.881754 -0.47171 0.000544039
    outer loop
      vertex 35.2618 19.4746 1.15224
      vertex 36.144 17.8242 0
      vertex 35.308 19.3883 1.20455
    endloop
  endfacet
  facet normal -0.881972 -0.471302 -0.000137706
    outer loop
      vertex 35.308 19.3883 1.20455
      vertex 36.144 17.8242 0
      vertex 35.4249 19.1695 1.33706
    endloop
  endfacet
  facet normal -0.88191 -0.471418 1.25415e-05
    outer loop
      vertex 35.4249 19.1695 1.33706
      vertex 36.144 17.8242 0
      vertex 35.527 18.9785 1.51469
    endloop
  endfacet
  facet normal -0.88175 -0.471718 0.00015215
    outer loop
      vertex 36.144 17.8242 0
      vertex 35.7472 18.5666 2.13482
      vertex 35.6851 18.6826 1.88886
    endloop
  endfacet
  facet normal -0.881836 -0.471557 4.03092e-05
    outer loop
      vertex 36.144 17.8242 0
      vertex 35.8389 18.395 2.88691
      vertex 35.826 18.4191 2.60982
    endloop
  endfacet
  facet normal -0.882356 -0.470582 -0.000207371
    outer loop
      vertex 35.8389 18.395 2.88691
      vertex 36.144 17.8242 0
      vertex 35.8441 18.3852 3
    endloop
  endfacet
  facet normal -0.881816 -0.471593 5.10694e-05
    outer loop
      vertex 35.7878 18.4905 2.34313
      vertex 36.144 17.8242 0
      vertex 35.826 18.4191 2.60982
    endloop
  endfacet
  facet normal -0.881911 -0.471417 -1.352e-05
    outer loop
      vertex 35.7723 18.5195 2.23463
      vertex 36.144 17.8242 0
      vertex 35.7878 18.4905 2.34313
    endloop
  endfacet
  facet normal -0.882264 -0.470755 -0.000278042
    outer loop
      vertex 35.7472 18.5666 2.13482
      vertex 36.144 17.8242 0
      vertex 35.7723 18.5195 2.23463
    endloop
  endfacet
  facet normal -0.882059 -0.471139 -0.000185997
    outer loop
      vertex 35.6015 18.8392 1.6727
      vertex 36.144 17.8242 0
      vertex 35.6851 18.6826 1.88886
    endloop
  endfacet
  facet normal -0.881675 -0.471858 0.000374911
    outer loop
      vertex 35.5678 18.9021 1.58579
      vertex 36.144 17.8242 0
      vertex 35.6015 18.8392 1.6727
    endloop
  endfacet
  facet normal -0.882022 -0.471208 -0.000193356
    outer loop
      vertex 35.527 18.9785 1.51469
      vertex 36.144 17.8242 0
      vertex 35.5678 18.9021 1.58579
    endloop
  endfacet
  facet normal -0.881849 -0.471532 0
    outer loop
      vertex 35.0849 19.8057 4.96157
      vertex 34.9008 20.15 6
      vertex 34.9008 20.15 5
    endloop
  endfacet
  facet normal -0.882026 -0.4712 -0.000141407
    outer loop
      vertex 35.2618 19.4746 4.84776
      vertex 34.9008 20.15 6
      vertex 35.0849 19.8057 4.96157
    endloop
  endfacet
  facet normal -0.881754 -0.47171 -0.000544039
    outer loop
      vertex 36.144 17.8242 6
      vertex 35.2618 19.4746 4.84776
      vertex 35.308 19.3883 4.79545
    endloop
  endfacet
  facet normal -0.881972 -0.471302 0.000137706
    outer loop
      vertex 36.144 17.8242 6
      vertex 35.308 19.3883 4.79545
      vertex 35.4249 19.1695 4.66294
    endloop
  endfacet
  facet normal -0.88191 -0.471418 -1.25415e-05
    outer loop
      vertex 36.144 17.8242 6
      vertex 35.4249 19.1695 4.66294
      vertex 35.527 18.9785 4.48531
    endloop
  endfacet
  facet normal -0.882022 -0.471208 0.000193356
    outer loop
      vertex 36.144 17.8242 6
      vertex 35.527 18.9785 4.48531
      vertex 35.5678 18.9021 4.41421
    endloop
  endfacet
  facet normal -0.882264 -0.470755 0.000278042
    outer loop
      vertex 36.144 17.8242 6
      vertex 35.7472 18.5666 3.86518
      vertex 35.7723 18.5195 3.76537
    endloop
  endfacet
  facet normal -0.882356 -0.470582 0.000207371
    outer loop
      vertex 36.144 17.8242 6
      vertex 35.8389 18.395 3.11309
      vertex 35.8441 18.3852 3
    endloop
  endfacet
  facet normal -0.881896 -0.471445 -0
    outer loop
      vertex 36.144 17.8242 6
      vertex 35.8441 18.3852 3
      vertex 36.144 17.8242 0
    endloop
  endfacet
  facet normal -0.881916 -0.471407 1.43087e-05
    outer loop
      vertex 35.2618 19.4746 4.84776
      vertex 36.144 17.8242 6
      vertex 34.9008 20.15 6
    endloop
  endfacet
  facet normal -0.881675 -0.471858 -0.000374911
    outer loop
      vertex 35.6015 18.8392 4.3273
      vertex 36.144 17.8242 6
      vertex 35.5678 18.9021 4.41421
    endloop
  endfacet
  facet normal -0.882059 -0.471139 0.000185997
    outer loop
      vertex 35.6851 18.6826 4.11114
      vertex 36.144 17.8242 6
      vertex 35.6015 18.8392 4.3273
    endloop
  endfacet
  facet normal -0.88175 -0.471718 -0.00015215
    outer loop
      vertex 35.7472 18.5666 3.86518
      vertex 36.144 17.8242 6
      vertex 35.6851 18.6826 4.11114
    endloop
  endfacet
  facet normal -0.881911 -0.471417 1.352e-05
    outer loop
      vertex 35.7878 18.4905 3.65687
      vertex 36.144 17.8242 6
      vertex 35.7723 18.5195 3.76537
    endloop
  endfacet
  facet normal -0.881816 -0.471593 -5.10694e-05
    outer loop
      vertex 35.826 18.4191 3.39018
      vertex 36.144 17.8242 6
      vertex 35.7878 18.4905 3.65687
    endloop
  endfacet
  facet normal -0.881836 -0.471557 -4.03092e-05
    outer loop
      vertex 35.8389 18.395 3.11309
      vertex 36.144 17.8242 6
      vertex 35.826 18.4191 3.39018
    endloop
  endfacet
  facet normal 0.0327876 0.999462 0
    outer loop
      vertex -0.390181 -40.2872 4.96157
      vertex 0 -40.3 6
      vertex 0 -40.3 5
    endloop
  endfacet
  facet normal 0.0327634 0.999463 9.13333e-06
    outer loop
      vertex -0.765367 -40.2749 4.84776
      vertex 0 -40.3 6
      vertex -0.390181 -40.2872 4.96157
    endloop
  endfacet
  facet normal 0.0327246 0.999464 3.49343e-05
    outer loop
      vertex 0 -40.3 6
      vertex -0.765367 -40.2749 4.84776
      vertex -2.63575 -40.2137 6
    endloop
  endfacet
  facet normal 0.0326816 0.999466 -3.48957e-05
    outer loop
      vertex -1.11114 -40.2636 4.66294
      vertex -2.63575 -40.2137 6
      vertex -0.765367 -40.2749 4.84776
    endloop
  endfacet
  facet normal 0.0326792 0.999466 -3.76552e-05
    outer loop
      vertex -1.41421 -40.2537 4.41421
      vertex -2.63575 -40.2137 6
      vertex -1.11114 -40.2636 4.66294
    endloop
  endfacet
  facet normal 0.0326352 0.999467 -7.15323e-05
    outer loop
      vertex -1.66294 -40.2456 4.11114
      vertex -2.63575 -40.2137 6
      vertex -1.41421 -40.2537 4.41421
    endloop
  endfacet
  facet normal 0.0328825 0.999459 5.59651e-05
    outer loop
      vertex -1.84776 -40.2395 3.76537
      vertex -2.63575 -40.2137 6
      vertex -1.66294 -40.2456 4.11114
    endloop
  endfacet
  facet normal 0.0326172 0.999468 -3.76821e-05
    outer loop
      vertex -1.96157 -40.2358 3.39018
      vertex -2.63575 -40.2137 6
      vertex -1.84776 -40.2395 3.76537
    endloop
  endfacet
  facet normal 0.0330515 0.999454 7.46289e-05
    outer loop
      vertex -2 -40.2345 3
      vertex -2.63575 -40.2137 6
      vertex -1.96157 -40.2358 3.39018
    endloop
  endfacet
  facet normal 0.0330515 0.999454 -7.46289e-05
    outer loop
      vertex -2.63575 -40.2137 0
      vertex -2 -40.2345 3
      vertex -1.96157 -40.2358 2.60982
    endloop
  endfacet
  facet normal 0.0327876 0.999462 -0
    outer loop
      vertex 0 -40.3 0
      vertex -0.390181 -40.2872 1.03843
      vertex 0 -40.3 1
    endloop
  endfacet
  facet normal 0.0327634 0.999463 -9.13333e-06
    outer loop
      vertex 0 -40.3 0
      vertex -0.765367 -40.2749 1.15224
      vertex -0.390181 -40.2872 1.03843
    endloop
  endfacet
  facet normal 0.0327246 0.999464 -3.49343e-05
    outer loop
      vertex -2.63575 -40.2137 0
      vertex -0.765367 -40.2749 1.15224
      vertex 0 -40.3 0
    endloop
  endfacet
  facet normal 0.0326816 0.999466 3.48957e-05
    outer loop
      vertex -0.765367 -40.2749 1.15224
      vertex -2.63575 -40.2137 0
      vertex -1.11114 -40.2636 1.33706
    endloop
  endfacet
  facet normal 0.0326998 0.999465 0
    outer loop
      vertex -2 -40.2345 3
      vertex -2.63575 -40.2137 0
      vertex -2.63575 -40.2137 6
    endloop
  endfacet
  facet normal 0.0326172 0.999468 3.76821e-05
    outer loop
      vertex -1.84776 -40.2395 2.23463
      vertex -2.63575 -40.2137 0
      vertex -1.96157 -40.2358 2.60982
    endloop
  endfacet
  facet normal 0.0328825 0.999459 -5.59651e-05
    outer loop
      vertex -1.66294 -40.2456 1.88886
      vertex -2.63575 -40.2137 0
      vertex -1.84776 -40.2395 2.23463
    endloop
  endfacet
  facet normal 0.0326352 0.999467 7.15323e-05
    outer loop
      vertex -1.41421 -40.2537 1.58579
      vertex -2.63575 -40.2137 0
      vertex -1.66294 -40.2456 1.88886
    endloop
  endfacet
  facet normal 0.0326792 0.999466 3.76552e-05
    outer loop
      vertex -1.11114 -40.2636 1.33706
      vertex -2.63575 -40.2137 0
      vertex -1.41421 -40.2537 1.58579
    endloop
  endfacet
  facet normal -0.528065 0.849204 0
    outer loop
      vertex 22.3895 -33.5082 0
      vertex 20.15 -34.9008 6
      vertex 22.3895 -33.5082 6
    endloop
  endfacet
  facet normal -0.528065 0.849204 0
    outer loop
      vertex 20.15 -34.9008 6
      vertex 22.3895 -33.5082 0
      vertex 20.15 -34.9008 0
    endloop
  endfacet
  facet normal 0.881849 -0.471532 0
    outer loop
      vertex -34.9008 20.15 6
      vertex -35.0849 19.8057 4.96157
      vertex -34.9008 20.15 5
    endloop
  endfacet
  facet normal 0.882026 -0.4712 -0.000141407
    outer loop
      vertex -34.9008 20.15 6
      vertex -35.2618 19.4746 4.84776
      vertex -35.0849 19.8057 4.96157
    endloop
  endfacet
  facet normal 0.881916 -0.471407 1.43087e-05
    outer loop
      vertex -36.144 17.8242 6
      vertex -35.2618 19.4746 4.84776
      vertex -34.9008 20.15 6
    endloop
  endfacet
  facet normal 0.881754 -0.47171 -0.000544039
    outer loop
      vertex -35.2618 19.4746 4.84776
      vertex -36.144 17.8242 6
      vertex -35.308 19.3883 4.79545
    endloop
  endfacet
  facet normal 0.881972 -0.471302 0.000137706
    outer loop
      vertex -35.308 19.3883 4.79545
      vertex -36.144 17.8242 6
      vertex -35.4249 19.1695 4.66294
    endloop
  endfacet
  facet normal 0.88191 -0.471418 -1.25415e-05
    outer loop
      vertex -35.4249 19.1695 4.66294
      vertex -36.144 17.8242 6
      vertex -35.527 18.9785 4.48531
    endloop
  endfacet
  facet normal 0.88175 -0.471718 -0.00015215
    outer loop
      vertex -36.144 17.8242 6
      vertex -35.7472 18.5666 3.86518
      vertex -35.6851 18.6826 4.11114
    endloop
  endfacet
  facet normal 0.881836 -0.471557 -4.03092e-05
    outer loop
      vertex -36.144 17.8242 6
      vertex -35.8389 18.395 3.11309
      vertex -35.826 18.4191 3.39018
    endloop
  endfacet
  facet normal 0.882356 -0.470582 0.000207371
    outer loop
      vertex -35.8389 18.395 3.11309
      vertex -36.144 17.8242 6
      vertex -35.8441 18.3852 3
    endloop
  endfacet
  facet normal 0.881816 -0.471593 -5.10694e-05
    outer loop
      vertex -35.7878 18.4905 3.65687
      vertex -36.144 17.8242 6
      vertex -35.826 18.4191 3.39018
    endloop
  endfacet
  facet normal 0.881911 -0.471417 1.352e-05
    outer loop
      vertex -35.7723 18.5195 3.76537
      vertex -36.144 17.8242 6
      vertex -35.7878 18.4905 3.65687
    endloop
  endfacet
  facet normal 0.882264 -0.470755 0.000278042
    outer loop
      vertex -35.7472 18.5666 3.86518
      vertex -36.144 17.8242 6
      vertex -35.7723 18.5195 3.76537
    endloop
  endfacet
  facet normal 0.882059 -0.471139 0.000185997
    outer loop
      vertex -35.6015 18.8392 4.3273
      vertex -36.144 17.8242 6
      vertex -35.6851 18.6826 4.11114
    endloop
  endfacet
  facet normal 0.881675 -0.471858 -0.000374911
    outer loop
      vertex -35.5678 18.9021 4.41421
      vertex -36.144 17.8242 6
      vertex -35.6015 18.8392 4.3273
    endloop
  endfacet
  facet normal 0.882022 -0.471208 0.000193356
    outer loop
      vertex -35.527 18.9785 4.48531
      vertex -36.144 17.8242 6
      vertex -35.5678 18.9021 4.41421
    endloop
  endfacet
  facet normal 0.881849 -0.471532 0
    outer loop
      vertex -35.0849 19.8057 1.03843
      vertex -34.9008 20.15 0
      vertex -34.9008 20.15 1
    endloop
  endfacet
  facet normal 0.882026 -0.4712 0.000141407
    outer loop
      vertex -35.2618 19.4746 1.15224
      vertex -34.9008 20.15 0
      vertex -35.0849 19.8057 1.03843
    endloop
  endfacet
  facet normal 0.881754 -0.47171 0.000544039
    outer loop
      vertex -36.144 17.8242 0
      vertex -35.2618 19.4746 1.15224
      vertex -35.308 19.3883 1.20455
    endloop
  endfacet
  facet normal 0.881972 -0.471302 -0.000137706
    outer loop
      vertex -36.144 17.8242 0
      vertex -35.308 19.3883 1.20455
      vertex -35.4249 19.1695 1.33706
    endloop
  endfacet
  facet normal 0.88191 -0.471418 1.25415e-05
    outer loop
      vertex -36.144 17.8242 0
      vertex -35.4249 19.1695 1.33706
      vertex -35.527 18.9785 1.51469
    endloop
  endfacet
  facet normal 0.882022 -0.471208 -0.000193356
    outer loop
      vertex -36.144 17.8242 0
      vertex -35.527 18.9785 1.51469
      vertex -35.5678 18.9021 1.58579
    endloop
  endfacet
  facet normal 0.882264 -0.470755 -0.000278042
    outer loop
      vertex -36.144 17.8242 0
      vertex -35.7472 18.5666 2.13482
      vertex -35.7723 18.5195 2.23463
    endloop
  endfacet
  facet normal 0.882356 -0.470582 -0.000207371
    outer loop
      vertex -36.144 17.8242 0
      vertex -35.8389 18.395 2.88691
      vertex -35.8441 18.3852 3
    endloop
  endfacet
  facet normal 0.881896 -0.471445 0
    outer loop
      vertex -36.144 17.8242 0
      vertex -35.8441 18.3852 3
      vertex -36.144 17.8242 6
    endloop
  endfacet
  facet normal 0.881916 -0.471407 -1.43087e-05
    outer loop
      vertex -35.2618 19.4746 1.15224
      vertex -36.144 17.8242 0
      vertex -34.9008 20.15 0
    endloop
  endfacet
  facet normal 0.881675 -0.471858 0.000374911
    outer loop
      vertex -35.6015 18.8392 1.6727
      vertex -36.144 17.8242 0
      vertex -35.5678 18.9021 1.58579
    endloop
  endfacet
  facet normal 0.882059 -0.471139 -0.000185997
    outer loop
      vertex -35.6851 18.6826 1.88886
      vertex -36.144 17.8242 0
      vertex -35.6015 18.8392 1.6727
    endloop
  endfacet
  facet normal 0.88175 -0.471718 0.00015215
    outer loop
      vertex -35.7472 18.5666 2.13482
      vertex -36.144 17.8242 0
      vertex -35.6851 18.6826 1.88886
    endloop
  endfacet
  facet normal 0.881911 -0.471417 -1.352e-05
    outer loop
      vertex -35.7878 18.4905 2.34313
      vertex -36.144 17.8242 0
      vertex -35.7723 18.5195 2.23463
    endloop
  endfacet
  facet normal 0.881816 -0.471593 5.10694e-05
    outer loop
      vertex -35.826 18.4191 2.60982
      vertex -36.144 17.8242 0
      vertex -35.7878 18.4905 2.34313
    endloop
  endfacet
  facet normal 0.881836 -0.471557 4.03092e-05
    outer loop
      vertex -35.8389 18.395 2.88691
      vertex -36.144 17.8242 0
      vertex -35.826 18.4191 2.60982
    endloop
  endfacet
  facet normal -0.0327246 -0.999464 0
    outer loop
      vertex 0 40.3 0
      vertex 2.63575 40.2137 6
      vertex 0 40.3 6
    endloop
  endfacet
  facet normal -0.0327246 -0.999464 -0
    outer loop
      vertex 2.63575 40.2137 6
      vertex 0 40.3 0
      vertex 2.63575 40.2137 0
    endloop
  endfacet
  facet normal 0.956943 -0.290276 0
    outer loop
      vertex -38.9268 10.4304 6
      vertex -38.1613 12.954 0
      vertex -38.1613 12.954 6
    endloop
  endfacet
  facet normal 0.956943 -0.290276 0
    outer loop
      vertex -38.1613 12.954 0
      vertex -38.9268 10.4304 6
      vertex -38.9268 10.4304 0
    endloop
  endfacet
  facet normal -0.773002 0.634404 0
    outer loop
      vertex 30.2991 -26.5716 0
      vertex 31.9721 -24.5331 6
      vertex 31.9721 -24.5331 0
    endloop
  endfacet
  facet normal -0.773002 0.634404 0
    outer loop
      vertex 31.9721 -24.5331 6
      vertex 30.2991 -26.5716 0
      vertex 30.2991 -26.5716 6
    endloop
  endfacet
  facet normal -0.849204 0.528065 0
    outer loop
      vertex 33.5082 -22.3895 0
      vertex 34.9008 -20.15 6
      vertex 34.9008 -20.15 0
    endloop
  endfacet
  facet normal -0.849204 0.528065 0
    outer loop
      vertex 34.9008 -20.15 6
      vertex 33.5082 -22.3895 0
      vertex 33.5082 -22.3895 6
    endloop
  endfacet
  facet normal 0.412683 -0.910875 0
    outer loop
      vertex -17.8242 36.144 0
      vertex -15.4221 37.2323 6
      vertex -17.8242 36.144 6
    endloop
  endfacet
  facet normal 0.412683 -0.910875 0
    outer loop
      vertex -15.4221 37.2323 6
      vertex -17.8242 36.144 0
      vertex -15.4221 37.2323 0
    endloop
  endfacet
  facet normal 0.0980221 -0.995184 0
    outer loop
      vertex -5.26021 39.9552 0
      vertex -2.63575 40.2137 6
      vertex -5.26021 39.9552 6
    endloop
  endfacet
  facet normal 0.0980221 -0.995184 0
    outer loop
      vertex -2.63575 40.2137 6
      vertex -5.26021 39.9552 0
      vertex -2.63575 40.2137 0
    endloop
  endfacet
  facet normal -0.412683 0.910875 0
    outer loop
      vertex 17.8242 -36.144 0
      vertex 15.4221 -37.2323 6
      vertex 17.8242 -36.144 6
    endloop
  endfacet
  facet normal -0.412683 0.910875 0
    outer loop
      vertex 15.4221 -37.2323 6
      vertex 17.8242 -36.144 0
      vertex 15.4221 -37.2323 0
    endloop
  endfacet
  facet normal 0.881916 0.471407 0
    outer loop
      vertex -34.9008 -20.15 6
      vertex -36.144 -17.8242 0
      vertex -36.144 -17.8242 6
    endloop
  endfacet
  facet normal 0.881916 0.471407 0
    outer loop
      vertex -36.144 -17.8242 0
      vertex -34.9008 -20.15 6
      vertex -34.9008 -20.15 0
    endloop
  endfacet
  facet normal -0.956943 0.290276 0
    outer loop
      vertex 38.1613 -12.954 0
      vertex 38.9268 -10.4304 6
      vertex 38.9268 -10.4304 0
    endloop
  endfacet
  facet normal -0.956943 0.290276 0
    outer loop
      vertex 38.9268 -10.4304 6
      vertex 38.1613 -12.954 0
      vertex 38.1613 -12.954 6
    endloop
  endfacet
  facet normal -0.227064 -0.97388 0
    outer loop
      vertex 7.86214 39.5256 0
      vertex 10.4304 38.9268 6
      vertex 7.86214 39.5256 6
    endloop
  endfacet
  facet normal -0.227064 -0.97388 -0
    outer loop
      vertex 10.4304 38.9268 6
      vertex 7.86214 39.5256 0
      vertex 10.4304 38.9268 0
    endloop
  endfacet
  facet normal -0.97388 -0.227064 0
    outer loop
      vertex 39.5256 7.86214 0
      vertex 38.9268 10.4304 6
      vertex 38.9268 10.4304 0
    endloop
  endfacet
  facet normal -0.97388 -0.227064 0
    outer loop
      vertex 38.9268 10.4304 6
      vertex 39.5256 7.86214 0
      vertex 39.5256 7.86214 6
    endloop
  endfacet
  facet normal -0.995184 0.0980221 0
    outer loop
      vertex 39.9552 -5.26021 0
      vertex 40.2137 -2.63575 6
      vertex 40.2137 -2.63575 0
    endloop
  endfacet
  facet normal -0.995184 0.0980221 0
    outer loop
      vertex 40.2137 -2.63575 6
      vertex 39.9552 -5.26021 0
      vertex 39.9552 -5.26021 6
    endloop
  endfacet
  facet normal -0.528065 -0.849204 0
    outer loop
      vertex 20.15 34.9008 0
      vertex 22.3895 33.5082 6
      vertex 20.15 34.9008 6
    endloop
  endfacet
  facet normal -0.528065 -0.849204 -0
    outer loop
      vertex 22.3895 33.5082 6
      vertex 20.15 34.9008 0
      vertex 22.3895 33.5082 0
    endloop
  endfacet
  facet normal 0.910875 0.412683 0
    outer loop
      vertex -36.144 -17.8242 6
      vertex -37.2323 -15.4221 0
      vertex -37.2323 -15.4221 6
    endloop
  endfacet
  facet normal 0.910875 0.412683 0
    outer loop
      vertex -37.2323 -15.4221 0
      vertex -36.144 -17.8242 6
      vertex -36.144 -17.8242 0
    endloop
  endfacet
  facet normal 0.97388 -0.227064 0
    outer loop
      vertex -39.5256 7.86214 6
      vertex -38.9268 10.4304 0
      vertex -38.9268 10.4304 6
    endloop
  endfacet
  facet normal 0.97388 -0.227064 0
    outer loop
      vertex -38.9268 10.4304 0
      vertex -39.5256 7.86214 6
      vertex -39.5256 7.86214 0
    endloop
  endfacet
  facet normal 0.352274 0.935897 -0
    outer loop
      vertex -12.954 -38.1613 0
      vertex -15.4221 -37.2323 6
      vertex -12.954 -38.1613 6
    endloop
  endfacet
  facet normal 0.352274 0.935897 0
    outer loop
      vertex -15.4221 -37.2323 6
      vertex -12.954 -38.1613 0
      vertex -15.4221 -37.2323 0
    endloop
  endfacet
  facet normal 0.471407 -0.881916 0
    outer loop
      vertex -20.15 34.9008 0
      vertex -17.8242 36.144 6
      vertex -20.15 34.9008 6
    endloop
  endfacet
  facet normal 0.471407 -0.881916 0
    outer loop
      vertex -17.8242 36.144 6
      vertex -20.15 34.9008 0
      vertex -17.8242 36.144 0
    endloop
  endfacet
  facet normal -0.290276 0.956943 0
    outer loop
      vertex 12.954 -38.1613 0
      vertex 10.4304 -38.9268 6
      vertex 12.954 -38.1613 6
    endloop
  endfacet
  facet normal -0.290276 0.956943 0
    outer loop
      vertex 10.4304 -38.9268 6
      vertex 12.954 -38.1613 0
      vertex 10.4304 -38.9268 0
    endloop
  endfacet
  facet normal -0.812843 -0.582482 0
    outer loop
      vertex 33.5082 22.3895 0
      vertex 31.9721 24.5331 6
      vertex 31.9721 24.5331 0
    endloop
  endfacet
  facet normal -0.812843 -0.582482 0
    outer loop
      vertex 31.9721 24.5331 6
      vertex 33.5082 22.3895 0
      vertex 33.5082 22.3895 6
    endloop
  endfacet
  facet normal -0.935897 -0.352274 0
    outer loop
      vertex 38.1613 12.954 0
      vertex 37.2323 15.4221 6
      vertex 37.2323 15.4221 0
    endloop
  endfacet
  facet normal -0.935897 -0.352274 0
    outer loop
      vertex 37.2323 15.4221 6
      vertex 38.1613 12.954 0
      vertex 38.1613 12.954 6
    endloop
  endfacet
  facet normal -0.0327246 0.999464 3.49343e-05
    outer loop
      vertex 0.765367 -40.2749 4.84776
      vertex 0 -40.3 6
      vertex 2.63575 -40.2137 6
    endloop
  endfacet
  facet normal -0.0327876 0.999462 0
    outer loop
      vertex 0 -40.3 6
      vertex 0.390181 -40.2872 4.96157
      vertex 0 -40.3 5
    endloop
  endfacet
  facet normal -0.0327634 0.999463 9.13333e-06
    outer loop
      vertex 0 -40.3 6
      vertex 0.765367 -40.2749 4.84776
      vertex 0.390181 -40.2872 4.96157
    endloop
  endfacet
  facet normal -0.0326816 0.999466 -3.48957e-05
    outer loop
      vertex 2.63575 -40.2137 6
      vertex 1.11114 -40.2636 4.66294
      vertex 0.765367 -40.2749 4.84776
    endloop
  endfacet
  facet normal -0.0326792 0.999466 -3.76552e-05
    outer loop
      vertex 2.63575 -40.2137 6
      vertex 1.41421 -40.2537 4.41421
      vertex 1.11114 -40.2636 4.66294
    endloop
  endfacet
  facet normal -0.0326352 0.999467 -7.15323e-05
    outer loop
      vertex 2.63575 -40.2137 6
      vertex 1.66294 -40.2456 4.11114
      vertex 1.41421 -40.2537 4.41421
    endloop
  endfacet
  facet normal -0.0328825 0.999459 5.59651e-05
    outer loop
      vertex 2.63575 -40.2137 6
      vertex 1.84776 -40.2395 3.76537
      vertex 1.66294 -40.2456 4.11114
    endloop
  endfacet
  facet normal -0.0326172 0.999468 -3.76821e-05
    outer loop
      vertex 2.63575 -40.2137 6
      vertex 1.96157 -40.2358 3.39018
      vertex 1.84776 -40.2395 3.76537
    endloop
  endfacet
  facet normal -0.0330515 0.999454 7.46289e-05
    outer loop
      vertex 2.63575 -40.2137 6
      vertex 2 -40.2345 3
      vertex 1.96157 -40.2358 3.39018
    endloop
  endfacet
  facet normal -0.0326998 0.999465 0
    outer loop
      vertex 2.63575 -40.2137 0
      vertex 2 -40.2345 3
      vertex 2.63575 -40.2137 6
    endloop
  endfacet
  facet normal -0.0330515 0.999454 -7.46289e-05
    outer loop
      vertex 2 -40.2345 3
      vertex 2.63575 -40.2137 0
      vertex 1.96157 -40.2358 2.60982
    endloop
  endfacet
  facet normal -0.0326172 0.999468 3.76821e-05
    outer loop
      vertex 2.63575 -40.2137 0
      vertex 1.84776 -40.2395 2.23463
      vertex 1.96157 -40.2358 2.60982
    endloop
  endfacet
  facet normal -0.0328825 0.999459 -5.59651e-05
    outer loop
      vertex 2.63575 -40.2137 0
      vertex 1.66294 -40.2456 1.88886
      vertex 1.84776 -40.2395 2.23463
    endloop
  endfacet
  facet normal -0.0326352 0.999467 7.15323e-05
    outer loop
      vertex 2.63575 -40.2137 0
      vertex 1.41421 -40.2537 1.58579
      vertex 1.66294 -40.2456 1.88886
    endloop
  endfacet
  facet normal -0.0326792 0.999466 3.76552e-05
    outer loop
      vertex 2.63575 -40.2137 0
      vertex 1.11114 -40.2636 1.33706
      vertex 1.41421 -40.2537 1.58579
    endloop
  endfacet
  facet normal -0.0326816 0.999466 3.48957e-05
    outer loop
      vertex 2.63575 -40.2137 0
      vertex 0.765367 -40.2749 1.15224
      vertex 1.11114 -40.2636 1.33706
    endloop
  endfacet
  facet normal -0.0327246 0.999464 -3.49343e-05
    outer loop
      vertex 0 -40.3 0
      vertex 0.765367 -40.2749 1.15224
      vertex 2.63575 -40.2137 0
    endloop
  endfacet
  facet normal -0.0327634 0.999463 -9.13333e-06
    outer loop
      vertex 0.765367 -40.2749 1.15224
      vertex 0 -40.3 0
      vertex 0.390181 -40.2872 1.03843
    endloop
  endfacet
  facet normal -0.0327876 0.999462 0
    outer loop
      vertex 0.390181 -40.2872 1.03843
      vertex 0 -40.3 0
      vertex 0 -40.3 1
    endloop
  endfacet
  facet normal -0.352274 0.935897 0
    outer loop
      vertex 15.4221 -37.2323 0
      vertex 12.954 -38.1613 6
      vertex 15.4221 -37.2323 6
    endloop
  endfacet
  facet normal -0.352274 0.935897 0
    outer loop
      vertex 12.954 -38.1613 6
      vertex 15.4221 -37.2323 0
      vertex 12.954 -38.1613 0
    endloop
  endfacet
  facet normal 0.995184 -0.0980221 0
    outer loop
      vertex -40.2137 2.63575 6
      vertex -39.9552 5.26021 0
      vertex -39.9552 5.26021 6
    endloop
  endfacet
  facet normal 0.995184 -0.0980221 0
    outer loop
      vertex -39.9552 5.26021 0
      vertex -40.2137 2.63575 6
      vertex -40.2137 2.63575 0
    endloop
  endfacet
  facet normal 0.162903 -0.986642 0
    outer loop
      vertex -7.86214 39.5256 0
      vertex -5.26021 39.9552 6
      vertex -7.86214 39.5256 6
    endloop
  endfacet
  facet normal 0.162903 -0.986642 0
    outer loop
      vertex -5.26021 39.9552 6
      vertex -7.86214 39.5256 0
      vertex -5.26021 39.9552 0
    endloop
  endfacet
  facet normal 0.910875 -0.412683 0
    outer loop
      vertex -37.2323 15.4221 6
      vertex -36.144 17.8242 0
      vertex -36.144 17.8242 6
    endloop
  endfacet
  facet normal 0.910875 -0.412683 0
    outer loop
      vertex -36.144 17.8242 0
      vertex -37.2323 15.4221 6
      vertex -37.2323 15.4221 0
    endloop
  endfacet
  facet normal 0.773002 -0.634404 0
    outer loop
      vertex -31.9721 24.5331 6
      vertex -30.2991 26.5716 0
      vertex -30.2991 26.5716 6
    endloop
  endfacet
  facet normal 0.773002 -0.634404 0
    outer loop
      vertex -30.2991 26.5716 0
      vertex -31.9721 24.5331 6
      vertex -31.9721 24.5331 0
    endloop
  endfacet
  facet normal -0.986642 -0.162903 0
    outer loop
      vertex 39.9552 5.26021 0
      vertex 39.5256 7.86214 6
      vertex 39.5256 7.86214 0
    endloop
  endfacet
  facet normal -0.986642 -0.162903 0
    outer loop
      vertex 39.5256 7.86214 6
      vertex 39.9552 5.26021 0
      vertex 39.9552 5.26021 6
    endloop
  endfacet
  facet normal 0.352274 -0.935897 0
    outer loop
      vertex -15.4221 37.2323 0
      vertex -12.954 38.1613 6
      vertex -15.4221 37.2323 6
    endloop
  endfacet
  facet normal 0.352274 -0.935897 0
    outer loop
      vertex -12.954 38.1613 6
      vertex -15.4221 37.2323 0
      vertex -12.954 38.1613 0
    endloop
  endfacet
  facet normal -0.634404 0.773002 0
    outer loop
      vertex 26.5716 -30.2991 0
      vertex 24.5331 -31.9721 6
      vertex 26.5716 -30.2991 6
    endloop
  endfacet
  facet normal -0.634404 0.773002 0
    outer loop
      vertex 24.5331 -31.9721 6
      vertex 26.5716 -30.2991 0
      vertex 24.5331 -31.9721 0
    endloop
  endfacet
  facet normal 0.956943 0.290276 0
    outer loop
      vertex -38.1613 -12.954 6
      vertex -38.9268 -10.4304 0
      vertex -38.9268 -10.4304 6
    endloop
  endfacet
  facet normal 0.956943 0.290276 0
    outer loop
      vertex -38.9268 -10.4304 0
      vertex -38.1613 -12.954 6
      vertex -38.1613 -12.954 0
    endloop
  endfacet
  facet normal 0.986642 0.162903 0
    outer loop
      vertex -39.5256 -7.86214 6
      vertex -39.9552 -5.26021 0
      vertex -39.9552 -5.26021 6
    endloop
  endfacet
  facet normal 0.986642 0.162903 0
    outer loop
      vertex -39.9552 -5.26021 0
      vertex -39.5256 -7.86214 6
      vertex -39.5256 -7.86214 0
    endloop
  endfacet
  facet normal -0.683578 -0.729878 0
    outer loop
      vertex 26.5716 30.2991 0
      vertex 28.4964 28.4964 6
      vertex 26.5716 30.2991 6
    endloop
  endfacet
  facet normal -0.683578 -0.729878 -0
    outer loop
      vertex 28.4964 28.4964 6
      vertex 26.5716 30.2991 0
      vertex 28.4964 28.4964 0
    endloop
  endfacet
  facet normal -0.290276 -0.956943 0
    outer loop
      vertex 10.4304 38.9268 0
      vertex 12.954 38.1613 6
      vertex 10.4304 38.9268 6
    endloop
  endfacet
  facet normal -0.290276 -0.956943 -0
    outer loop
      vertex 12.954 38.1613 6
      vertex 10.4304 38.9268 0
      vertex 12.954 38.1613 0
    endloop
  endfacet
  facet normal -0.97388 0.227064 0
    outer loop
      vertex 38.9268 -10.4304 0
      vertex 39.5256 -7.86214 6
      vertex 39.5256 -7.86214 0
    endloop
  endfacet
  facet normal -0.97388 0.227064 0
    outer loop
      vertex 39.5256 -7.86214 6
      vertex 38.9268 -10.4304 0
      vertex 38.9268 -10.4304 6
    endloop
  endfacet
  facet normal 0.729878 -0.683578 0
    outer loop
      vertex -30.2991 26.5716 6
      vertex -28.4964 28.4964 0
      vertex -28.4964 28.4964 6
    endloop
  endfacet
  facet normal 0.729878 -0.683578 0
    outer loop
      vertex -28.4964 28.4964 0
      vertex -30.2991 26.5716 6
      vertex -30.2991 26.5716 0
    endloop
  endfacet
  facet normal -0.935897 0.352274 0
    outer loop
      vertex 37.2323 -15.4221 0
      vertex 38.1613 -12.954 6
      vertex 38.1613 -12.954 0
    endloop
  endfacet
  facet normal -0.935897 0.352274 0
    outer loop
      vertex 38.1613 -12.954 6
      vertex 37.2323 -15.4221 0
      vertex 37.2323 -15.4221 6
    endloop
  endfacet
  facet normal 0.683578 -0.729878 0
    outer loop
      vertex -28.4964 28.4964 0
      vertex -26.5716 30.2991 6
      vertex -28.4964 28.4964 6
    endloop
  endfacet
  facet normal 0.683578 -0.729878 0
    outer loop
      vertex -26.5716 30.2991 6
      vertex -28.4964 28.4964 0
      vertex -26.5716 30.2991 0
    endloop
  endfacet
  facet normal -0.729878 -0.683578 0
    outer loop
      vertex 30.2991 26.5716 0
      vertex 28.4964 28.4964 6
      vertex 28.4964 28.4964 0
    endloop
  endfacet
  facet normal -0.729878 -0.683578 0
    outer loop
      vertex 28.4964 28.4964 6
      vertex 30.2991 26.5716 0
      vertex 30.2991 26.5716 6
    endloop
  endfacet
  facet normal -0.910875 -0.412683 0
    outer loop
      vertex 37.2323 15.4221 0
      vertex 36.144 17.8242 6
      vertex 36.144 17.8242 0
    endloop
  endfacet
  facet normal -0.910875 -0.412683 0
    outer loop
      vertex 36.144 17.8242 6
      vertex 37.2323 15.4221 0
      vertex 37.2323 15.4221 6
    endloop
  endfacet
  facet normal 0.995184 0.0980221 0
    outer loop
      vertex -39.9552 -5.26021 6
      vertex -40.2137 -2.63575 0
      vertex -40.2137 -2.63575 6
    endloop
  endfacet
  facet normal 0.995184 0.0980221 0
    outer loop
      vertex -40.2137 -2.63575 0
      vertex -39.9552 -5.26021 6
      vertex -39.9552 -5.26021 0
    endloop
  endfacet
  facet normal 0.729878 0.683578 0
    outer loop
      vertex -28.4964 -28.4964 6
      vertex -30.2991 -26.5716 0
      vertex -30.2991 -26.5716 6
    endloop
  endfacet
  facet normal 0.729878 0.683578 0
    outer loop
      vertex -30.2991 -26.5716 0
      vertex -28.4964 -28.4964 6
      vertex -28.4964 -28.4964 0
    endloop
  endfacet
  facet normal 0.0327246 -0.999464 0
    outer loop
      vertex -2.63575 40.2137 0
      vertex 0 40.3 6
      vertex -2.63575 40.2137 6
    endloop
  endfacet
  facet normal 0.0327246 -0.999464 0
    outer loop
      vertex 0 40.3 6
      vertex -2.63575 40.2137 0
      vertex 0 40.3 0
    endloop
  endfacet
  facet normal -0.227064 0.97388 0
    outer loop
      vertex 10.4304 -38.9268 0
      vertex 7.86214 -39.5256 6
      vertex 10.4304 -38.9268 6
    endloop
  endfacet
  facet normal -0.227064 0.97388 0
    outer loop
      vertex 7.86214 -39.5256 6
      vertex 10.4304 -38.9268 0
      vertex 7.86214 -39.5256 0
    endloop
  endfacet
  facet normal 0.582482 -0.812843 0
    outer loop
      vertex -24.5331 31.9721 0
      vertex -22.3895 33.5082 6
      vertex -24.5331 31.9721 6
    endloop
  endfacet
  facet normal 0.582482 -0.812843 0
    outer loop
      vertex -22.3895 33.5082 6
      vertex -24.5331 31.9721 0
      vertex -22.3895 33.5082 0
    endloop
  endfacet
  facet normal 0.528065 -0.849204 0
    outer loop
      vertex -22.3895 33.5082 0
      vertex -20.15 34.9008 6
      vertex -22.3895 33.5082 6
    endloop
  endfacet
  facet normal 0.528065 -0.849204 0
    outer loop
      vertex -20.15 34.9008 6
      vertex -22.3895 33.5082 0
      vertex -20.15 34.9008 0
    endloop
  endfacet
  facet normal -0.812843 0.582482 0
    outer loop
      vertex 31.9721 -24.5331 0
      vertex 33.5082 -22.3895 6
      vertex 33.5082 -22.3895 0
    endloop
  endfacet
  facet normal -0.812843 0.582482 0
    outer loop
      vertex 33.5082 -22.3895 6
      vertex 31.9721 -24.5331 0
      vertex 31.9721 -24.5331 6
    endloop
  endfacet
  facet normal 0.412683 0.910875 -0
    outer loop
      vertex -15.4221 -37.2323 0
      vertex -17.8242 -36.144 6
      vertex -15.4221 -37.2323 6
    endloop
  endfacet
  facet normal 0.412683 0.910875 0
    outer loop
      vertex -17.8242 -36.144 6
      vertex -15.4221 -37.2323 0
      vertex -17.8242 -36.144 0
    endloop
  endfacet
  facet normal 0.634404 0.773002 -0
    outer loop
      vertex -24.5331 -31.9721 0
      vertex -26.5716 -30.2991 6
      vertex -24.5331 -31.9721 6
    endloop
  endfacet
  facet normal 0.634404 0.773002 0
    outer loop
      vertex -26.5716 -30.2991 6
      vertex -24.5331 -31.9721 0
      vertex -26.5716 -30.2991 0
    endloop
  endfacet
  facet normal -0.910875 0.412683 0
    outer loop
      vertex 36.144 -17.8242 0
      vertex 37.2323 -15.4221 6
      vertex 37.2323 -15.4221 0
    endloop
  endfacet
  facet normal -0.910875 0.412683 0
    outer loop
      vertex 37.2323 -15.4221 6
      vertex 36.144 -17.8242 0
      vertex 36.144 -17.8242 6
    endloop
  endfacet
  facet normal 0.849204 0.528065 0
    outer loop
      vertex -33.5082 -22.3895 6
      vertex -34.9008 -20.15 0
      vertex -34.9008 -20.15 6
    endloop
  endfacet
  facet normal 0.849204 0.528065 0
    outer loop
      vertex -34.9008 -20.15 0
      vertex -33.5082 -22.3895 6
      vertex -33.5082 -22.3895 0
    endloop
  endfacet
  facet normal 0.812843 -0.582482 0
    outer loop
      vertex -33.5082 22.3895 6
      vertex -31.9721 24.5331 0
      vertex -31.9721 24.5331 6
    endloop
  endfacet
  facet normal 0.812843 -0.582482 0
    outer loop
      vertex -31.9721 24.5331 0
      vertex -33.5082 22.3895 6
      vertex -33.5082 22.3895 0
    endloop
  endfacet
  facet normal -0.162903 -0.986642 0
    outer loop
      vertex 5.26021 39.9552 0
      vertex 7.86214 39.5256 6
      vertex 5.26021 39.9552 6
    endloop
  endfacet
  facet normal -0.162903 -0.986642 -0
    outer loop
      vertex 7.86214 39.5256 6
      vertex 5.26021 39.9552 0
      vertex 7.86214 39.5256 0
    endloop
  endfacet
  facet normal 0.471407 0.881916 -0
    outer loop
      vertex -17.8242 -36.144 0
      vertex -20.15 -34.9008 6
      vertex -17.8242 -36.144 6
    endloop
  endfacet
  facet normal 0.471407 0.881916 0
    outer loop
      vertex -20.15 -34.9008 6
      vertex -17.8242 -36.144 0
      vertex -20.15 -34.9008 0
    endloop
  endfacet
  facet normal 0.317221 0.549435 -0.772976
    outer loop
      vertex -30.9678 19.1623 1.33706
      vertex -34.2681 21.1675 1.40796
      vertex -30.8162 19.4247 1.58579
    endloop
  endfacet
  facet normal 0.317141 0.549309 -0.773098
    outer loop
      vertex -34.2681 21.1675 1.40796
      vertex -30.9678 19.1623 1.33706
      vertex -34.3138 21.0941 1.33706
    endloop
  endfacet
  facet normal 0.497579 0.861861 -0.0980406
    outer loop
      vertex -30.5425 19.8988 2.60982
      vertex -33.8441 21.8493 3
      vertex -30.5233 19.9321 3
    endloop
  endfacet
  facet normal 0.497598 0.861865 -0.0978985
    outer loop
      vertex -33.8441 21.8493 3
      vertex -30.5425 19.8988 2.60982
      vertex -33.8644 21.8167 2.60982
    endloop
  endfacet
  facet normal 0.866011 -0.500026 3.84261e-05
    outer loop
      vertex -30.5425 19.8988 2.60982
      vertex -31.7184 17.8621 1.03843
      vertex -31.3282 18.5379 1.03843
    endloop
  endfacet
  facet normal 0.317204 0.549399 -0.773009
    outer loop
      vertex -30.8162 19.4247 1.58579
      vertex -34.2681 21.1675 1.40796
      vertex -34.1536 21.3516 1.58579
    endloop
  endfacet
  facet normal 0.866073 -0.499917 8.72199e-05
    outer loop
      vertex -30.6919 19.6401 4.11114
      vertex -31.3282 18.5379 4.96157
      vertex -30.5425 19.8988 3.39018
    endloop
  endfacet
  facet normal -0.235669 -0.408196 -0.88195
    outer loop
      vertex -35.308 19.3883 1.20455
      vertex -31.906 17.5372 1.15224
      vertex -32.0789 17.2377 1.33706
    endloop
  endfacet
  facet normal -0.235743 -0.408333 -0.881867
    outer loop
      vertex -31.906 17.5372 1.15224
      vertex -35.308 19.3883 1.20455
      vertex -35.2618 19.4746 1.15224
    endloop
  endfacet
  facet normal 0.865783 -0.500418 0.00144998
    outer loop
      vertex -30.9678 19.1623 1.33706
      vertex -31.3282 18.5379 1.03843
      vertex -31.1406 18.8628 1.15224
    endloop
  endfacet
  facet normal -0.497587 -0.861846 0.0981247
    outer loop
      vertex -35.826 18.4191 3.39018
      vertex -35.8389 18.395 3.11309
      vertex -32.5041 16.5012 3.39018
    endloop
  endfacet
  facet normal 0.235688 0.408226 -0.881931
    outer loop
      vertex -30.9678 19.1623 1.33706
      vertex -34.4447 20.8834 1.20455
      vertex -34.3138 21.0941 1.33706
    endloop
  endfacet
  facet normal 0.865938 -0.500152 -0.000318912
    outer loop
      vertex -30.8162 19.4247 4.41421
      vertex -31.3282 18.5379 4.96157
      vertex -30.6919 19.6401 4.11114
    endloop
  endfacet
  facet normal -0.478563 -0.828818 0.289894
    outer loop
      vertex -32.5041 16.5012 3.39018
      vertex -35.7723 18.5195 3.76537
      vertex -35.7878 18.4905 3.65687
    endloop
  endfacet
  facet normal -0.478452 -0.828723 0.290349
    outer loop
      vertex -35.7723 18.5195 3.76537
      vertex -32.5041 16.5012 3.39018
      vertex -32.4472 16.5998 3.76537
    endloop
  endfacet
  facet normal 0.866074 -0.499916 0.000190138
    outer loop
      vertex -31.7184 17.8621 1.03843
      vertex -32.3548 16.7599 1.88886
      vertex -32.2304 16.9753 1.58579
    endloop
  endfacet
  facet normal 0.866017 -0.500015 1.97251e-05
    outer loop
      vertex -30.5425 19.8988 2.60982
      vertex -32.3548 16.7599 1.88886
      vertex -31.7184 17.8621 1.03843
    endloop
  endfacet
  facet normal 0.866073 -0.499917 -8.72199e-05
    outer loop
      vertex -30.5425 19.8988 2.60982
      vertex -31.3282 18.5379 1.03843
      vertex -30.6919 19.6401 1.88886
    endloop
  endfacet
  facet normal -0.317236 -0.549498 0.772925
    outer loop
      vertex -35.527 18.9785 4.48531
      vertex -32.2304 16.9753 4.41421
      vertex -32.0789 17.2377 4.66294
    endloop
  endfacet
  facet normal -0.317346 -0.549674 0.772754
    outer loop
      vertex -32.2304 16.9753 4.41421
      vertex -35.527 18.9785 4.48531
      vertex -35.5678 18.9021 4.41421
    endloop
  endfacet
  facet normal 0.866075 -0.499914 3.16755e-05
    outer loop
      vertex -32.4472 16.5998 3.76537
      vertex -32.5041 16.5012 3.39018
      vertex -32.3548 16.7599 4.11114
    endloop
  endfacet
  facet normal 0.865533 -0.500852 -0.000360208
    outer loop
      vertex -30.5994 19.8002 3.76537
      vertex -30.6919 19.6401 4.11114
      vertex -30.5425 19.8988 3.39018
    endloop
  endfacet
  facet normal -0.386507 -0.669457 0.634382
    outer loop
      vertex -32.3548 16.7599 4.11114
      vertex -35.5678 18.9021 4.41421
      vertex -35.6015 18.8392 4.3273
    endloop
  endfacet
  facet normal -0.386486 -0.669431 0.634422
    outer loop
      vertex -35.5678 18.9021 4.41421
      vertex -32.3548 16.7599 4.11114
      vertex -32.2304 16.9753 4.41421
    endloop
  endfacet
  facet normal 0.866011 -0.500026 -2.3138e-14
    outer loop
      vertex -31.5233 18.2 5
      vertex -31.7184 17.8621 4.96157
      vertex -31.3282 18.5379 4.96157
    endloop
  endfacet
  facet normal 0.865948 -0.500134 -0.000366566
    outer loop
      vertex -31.7184 17.8621 1.03843
      vertex -32.0789 17.2377 1.33706
      vertex -31.906 17.5372 1.15224
    endloop
  endfacet
  facet normal 0.14511 0.251345 -0.956958
    outer loop
      vertex -31.3282 18.5379 1.03843
      vertex -34.6947 20.4815 1.03843
      vertex -34.5523 20.7105 1.12017
    endloop
  endfacet
  facet normal 0.866011 -0.500026 2.3138e-14
    outer loop
      vertex -31.3282 18.5379 1.03843
      vertex -31.7184 17.8621 1.03843
      vertex -31.5233 18.2 1
    endloop
  endfacet
  facet normal 0.865533 -0.500852 0.000360208
    outer loop
      vertex -30.5425 19.8988 2.60982
      vertex -30.6919 19.6401 1.88886
      vertex -30.5994 19.8002 2.23463
    endloop
  endfacet
  facet normal 0.386532 0.669476 -0.634346
    outer loop
      vertex -30.8162 19.4247 1.58579
      vertex -34.0222 21.5629 1.88886
      vertex -30.6919 19.6401 1.88886
    endloop
  endfacet
  facet normal 0.386533 0.669477 -0.634345
    outer loop
      vertex -34.0222 21.5629 1.88886
      vertex -30.8162 19.4247 1.58579
      vertex -34.1536 21.3516 1.58579
    endloop
  endfacet
  facet normal 0.47846 0.828718 0.290349
    outer loop
      vertex -33.8644 21.8167 3.39018
      vertex -30.5994 19.8002 3.76537
      vertex -30.5425 19.8988 3.39018
    endloop
  endfacet
  facet normal 0.478458 0.828716 0.290359
    outer loop
      vertex -30.5994 19.8002 3.76537
      vertex -33.8644 21.8167 3.39018
      vertex -33.9246 21.72 3.76537
    endloop
  endfacet
  facet normal 0.866315 -0.499497 0
    outer loop
      vertex -30.5425 19.8988 3.39018
      vertex -30.5425 19.8988 2.60982
      vertex -30.5233 19.9321 3
    endloop
  endfacet
  facet normal 0.497579 0.861861 0.0980406
    outer loop
      vertex -33.8441 21.8493 3
      vertex -30.5425 19.8988 3.39018
      vertex -30.5233 19.9321 3
    endloop
  endfacet
  facet normal 0.497598 0.861865 0.0978985
    outer loop
      vertex -30.5425 19.8988 3.39018
      vertex -33.8441 21.8493 3
      vertex -33.8644 21.8167 3.39018
    endloop
  endfacet
  facet normal 0.14511 0.251345 0.956958
    outer loop
      vertex -34.5523 20.7105 4.87983
      vertex -34.6947 20.4815 4.96157
      vertex -31.3282 18.5379 4.96157
    endloop
  endfacet
  facet normal 0.866075 -0.499914 -3.16755e-05
    outer loop
      vertex -32.3548 16.7599 1.88886
      vertex -32.5041 16.5012 2.60982
      vertex -32.4472 16.5998 2.23463
    endloop
  endfacet
  facet normal 0.866019 -0.500011 0
    outer loop
      vertex -32.3548 16.7599 4.11114
      vertex -30.5425 19.8988 2.60982
      vertex -30.5425 19.8988 3.39018
    endloop
  endfacet
  facet normal 0.866019 -0.500011 0
    outer loop
      vertex -30.5425 19.8988 2.60982
      vertex -32.3548 16.7599 4.11114
      vertex -32.3548 16.7599 1.88886
    endloop
  endfacet
  facet normal 0.865948 -0.500134 0.000366566
    outer loop
      vertex -31.906 17.5372 4.84776
      vertex -32.0789 17.2377 4.66294
      vertex -31.7184 17.8621 4.96157
    endloop
  endfacet
  facet normal 0.866113 -0.499848 0
    outer loop
      vertex -32.5041 16.5012 3.39018
      vertex -32.3548 16.7599 1.88886
      vertex -32.3548 16.7599 4.11114
    endloop
  endfacet
  facet normal 0.866113 -0.499848 0
    outer loop
      vertex -32.3548 16.7599 1.88886
      vertex -32.5041 16.5012 3.39018
      vertex -32.5041 16.5012 2.60982
    endloop
  endfacet
  facet normal -0.145142 -0.251402 -0.956938
    outer loop
      vertex -35.2618 19.4746 1.15224
      vertex -31.7184 17.8621 1.03843
      vertex -31.906 17.5372 1.15224
    endloop
  endfacet
  facet normal -0.145136 -0.251389 -0.956942
    outer loop
      vertex -31.7184 17.8621 1.03843
      vertex -35.2618 19.4746 1.15224
      vertex -35.0849 19.8057 1.03843
    endloop
  endfacet
  facet normal 0.866027 -0.499997 1.57569e-05
    outer loop
      vertex -31.7184 17.8621 1.03843
      vertex -32.2304 16.9753 1.58579
      vertex -32.0789 17.2377 1.33706
    endloop
  endfacet
  facet normal -0.44097 -0.763802 -0.47133
    outer loop
      vertex -35.7472 18.5666 2.13482
      vertex -32.4472 16.5998 2.23463
      vertex -35.7723 18.5195 2.23463
    endloop
  endfacet
  facet normal -0.440931 -0.763743 -0.471462
    outer loop
      vertex -32.4472 16.5998 2.23463
      vertex -35.7472 18.5666 2.13482
      vertex -32.3548 16.7599 1.88886
    endloop
  endfacet
  facet normal -0.478563 -0.828818 -0.289894
    outer loop
      vertex -35.7723 18.5195 2.23463
      vertex -32.5041 16.5012 2.60982
      vertex -35.7878 18.4905 2.34313
    endloop
  endfacet
  facet normal -0.478452 -0.828723 -0.290349
    outer loop
      vertex -32.5041 16.5012 2.60982
      vertex -35.7723 18.5195 2.23463
      vertex -32.4472 16.5998 2.23463
    endloop
  endfacet
  facet normal 0.865938 -0.500152 0.000318912
    outer loop
      vertex -30.6919 19.6401 1.88886
      vertex -31.3282 18.5379 1.03843
      vertex -30.8162 19.4247 1.58579
    endloop
  endfacet
  facet normal 0.866293 -0.499534 -0.00101416
    outer loop
      vertex -30.8162 19.4247 1.58579
      vertex -31.3282 18.5379 1.03843
      vertex -30.9678 19.1623 1.33706
    endloop
  endfacet
  facet normal -0.0490084 -0.0848872 -0.995185
    outer loop
      vertex -35.0849 19.8057 1.03843
      vertex -31.5233 18.2 1
      vertex -31.7184 17.8621 1.03843
    endloop
  endfacet
  facet normal -0.0490041 -0.0848775 -0.995186
    outer loop
      vertex -31.5233 18.2 1
      vertex -35.0849 19.8057 1.03843
      vertex -34.9008 20.15 1
    endloop
  endfacet
  facet normal 0.145147 0.251399 -0.956938
    outer loop
      vertex -34.5523 20.7105 1.12017
      vertex -31.1406 18.8628 1.15224
      vertex -31.3282 18.5379 1.03843
    endloop
  endfacet
  facet normal 0.145146 0.251396 -0.956939
    outer loop
      vertex -31.1406 18.8628 1.15224
      vertex -34.5523 20.7105 1.12017
      vertex -34.4964 20.8003 1.15224
    endloop
  endfacet
  facet normal 0.235695 0.408242 -0.881922
    outer loop
      vertex -31.1406 18.8628 1.15224
      vertex -34.4447 20.8834 1.20455
      vertex -30.9678 19.1623 1.33706
    endloop
  endfacet
  facet normal 0.235792 0.408397 -0.881824
    outer loop
      vertex -34.4447 20.8834 1.20455
      vertex -31.1406 18.8628 1.15224
      vertex -34.4964 20.8003 1.15224
    endloop
  endfacet
  facet normal -0.317179 -0.549374 -0.773036
    outer loop
      vertex -32.0789 17.2377 1.33706
      vertex -35.527 18.9785 1.51469
      vertex -35.4249 19.1695 1.33706
    endloop
  endfacet
  facet normal 0.865783 -0.500418 -0.00144998
    outer loop
      vertex -31.1406 18.8628 4.84776
      vertex -31.3282 18.5379 4.96157
      vertex -30.9678 19.1623 4.66294
    endloop
  endfacet
  facet normal 0.0490084 0.0848872 0.995185
    outer loop
      vertex -34.6947 20.4815 4.96157
      vertex -31.5233 18.2 5
      vertex -31.3282 18.5379 4.96157
    endloop
  endfacet
  facet normal 0.0490146 0.0848959 0.995184
    outer loop
      vertex -31.5233 18.2 5
      vertex -34.6947 20.4815 4.96157
      vertex -34.9008 20.15 5
    endloop
  endfacet
  facet normal 0.866017 -0.500015 -1.97251e-05
    outer loop
      vertex -31.7184 17.8621 4.96157
      vertex -32.3548 16.7599 4.11114
      vertex -30.5425 19.8988 3.39018
    endloop
  endfacet
  facet normal 0.866011 -0.500026 -3.84261e-05
    outer loop
      vertex -31.3282 18.5379 4.96157
      vertex -31.7184 17.8621 4.96157
      vertex -30.5425 19.8988 3.39018
    endloop
  endfacet
  facet normal -0.235677 -0.408207 0.881943
    outer loop
      vertex -35.308 19.3883 4.79545
      vertex -35.4249 19.1695 4.66294
      vertex -32.0789 17.2377 4.66294
    endloop
  endfacet
  facet normal -0.44097 -0.763802 0.47133
    outer loop
      vertex -32.4472 16.5998 3.76537
      vertex -35.7472 18.5666 3.86518
      vertex -35.7723 18.5195 3.76537
    endloop
  endfacet
  facet normal -0.440931 -0.763743 0.471462
    outer loop
      vertex -35.7472 18.5666 3.86518
      vertex -32.4472 16.5998 3.76537
      vertex -32.3548 16.7599 4.11114
    endloop
  endfacet
  facet normal -0.440922 -0.763719 0.47151
    outer loop
      vertex -35.6851 18.6826 4.11114
      vertex -35.7472 18.5666 3.86518
      vertex -32.3548 16.7599 4.11114
    endloop
  endfacet
  facet normal -0.497587 -0.861846 -0.0981247
    outer loop
      vertex -32.5041 16.5012 2.60982
      vertex -35.8389 18.395 2.88691
      vertex -35.826 18.4191 2.60982
    endloop
  endfacet
  facet normal -0.497621 -0.861889 0.0975696
    outer loop
      vertex -32.5233 16.4679 3
      vertex -35.8389 18.395 3.11309
      vertex -35.8441 18.3852 3
    endloop
  endfacet
  facet normal -0.497586 -0.861856 0.0980406
    outer loop
      vertex -35.8389 18.395 3.11309
      vertex -32.5233 16.4679 3
      vertex -32.5041 16.5012 3.39018
    endloop
  endfacet
  facet normal -0.440922 -0.763719 -0.47151
    outer loop
      vertex -32.3548 16.7599 1.88886
      vertex -35.7472 18.5666 2.13482
      vertex -35.6851 18.6826 1.88886
    endloop
  endfacet
  facet normal -0.478453 -0.828705 -0.290399
    outer loop
      vertex -32.5041 16.5012 2.60982
      vertex -35.826 18.4191 2.60982
      vertex -35.7878 18.4905 2.34313
    endloop
  endfacet
  facet normal 0.440916 0.763691 -0.471561
    outer loop
      vertex -30.6919 19.6401 1.88886
      vertex -33.9246 21.72 2.23463
      vertex -30.5994 19.8002 2.23463
    endloop
  endfacet
  facet normal 0.440951 0.763729 -0.471466
    outer loop
      vertex -33.9246 21.72 2.23463
      vertex -30.6919 19.6401 1.88886
      vertex -34.0222 21.5629 1.88886
    endloop
  endfacet
  facet normal -0.317236 -0.549498 -0.772925
    outer loop
      vertex -32.2304 16.9753 1.58579
      vertex -35.527 18.9785 1.51469
      vertex -32.0789 17.2377 1.33706
    endloop
  endfacet
  facet normal -0.317346 -0.549674 -0.772754
    outer loop
      vertex -35.527 18.9785 1.51469
      vertex -32.2304 16.9753 1.58579
      vertex -35.5678 18.9021 1.58579
    endloop
  endfacet
  facet normal -0.386507 -0.669457 -0.634382
    outer loop
      vertex -35.5678 18.9021 1.58579
      vertex -32.3548 16.7599 1.88886
      vertex -35.6015 18.8392 1.6727
    endloop
  endfacet
  facet normal -0.386486 -0.669431 -0.634422
    outer loop
      vertex -32.3548 16.7599 1.88886
      vertex -35.5678 18.9021 1.58579
      vertex -32.2304 16.9753 1.58579
    endloop
  endfacet
  facet normal 0.386532 0.669476 0.634346
    outer loop
      vertex -34.0222 21.5629 4.11114
      vertex -30.8162 19.4247 4.41421
      vertex -30.6919 19.6401 4.11114
    endloop
  endfacet
  facet normal 0.386533 0.669477 0.634345
    outer loop
      vertex -30.8162 19.4247 4.41421
      vertex -34.0222 21.5629 4.11114
      vertex -34.1536 21.3516 4.41421
    endloop
  endfacet
  facet normal 0.440916 0.763691 0.471561
    outer loop
      vertex -33.9246 21.72 3.76537
      vertex -30.6919 19.6401 4.11114
      vertex -30.5994 19.8002 3.76537
    endloop
  endfacet
  facet normal 0.440951 0.763729 0.471466
    outer loop
      vertex -30.6919 19.6401 4.11114
      vertex -33.9246 21.72 3.76537
      vertex -34.0222 21.5629 4.11114
    endloop
  endfacet
  facet normal 0.235688 0.408226 0.881931
    outer loop
      vertex -34.3138 21.0941 4.66294
      vertex -34.4447 20.8834 4.79545
      vertex -30.9678 19.1623 4.66294
    endloop
  endfacet
  facet normal 0.866293 -0.499534 0.00101416
    outer loop
      vertex -30.9678 19.1623 4.66294
      vertex -31.3282 18.5379 4.96157
      vertex -30.8162 19.4247 4.41421
    endloop
  endfacet
  facet normal 0.317221 0.549435 0.772976
    outer loop
      vertex -34.2681 21.1675 4.59204
      vertex -30.9678 19.1623 4.66294
      vertex -30.8162 19.4247 4.41421
    endloop
  endfacet
  facet normal 0.317141 0.549309 0.773098
    outer loop
      vertex -30.9678 19.1623 4.66294
      vertex -34.2681 21.1675 4.59204
      vertex -34.3138 21.0941 4.66294
    endloop
  endfacet
  facet normal 0.317204 0.549399 0.773009
    outer loop
      vertex -34.1536 21.3516 4.41421
      vertex -34.2681 21.1675 4.59204
      vertex -30.8162 19.4247 4.41421
    endloop
  endfacet
  facet normal 0.235695 0.408242 0.881922
    outer loop
      vertex -34.4447 20.8834 4.79545
      vertex -31.1406 18.8628 4.84776
      vertex -30.9678 19.1623 4.66294
    endloop
  endfacet
  facet normal 0.235792 0.408397 0.881824
    outer loop
      vertex -31.1406 18.8628 4.84776
      vertex -34.4447 20.8834 4.79545
      vertex -34.4964 20.8003 4.84776
    endloop
  endfacet
  facet normal 0.145146 0.251396 0.956939
    outer loop
      vertex -34.5523 20.7105 4.87983
      vertex -31.1406 18.8628 4.84776
      vertex -34.4964 20.8003 4.84776
    endloop
  endfacet
  facet normal 0.145147 0.251399 0.956938
    outer loop
      vertex -31.1406 18.8628 4.84776
      vertex -34.5523 20.7105 4.87983
      vertex -31.3282 18.5379 4.96157
    endloop
  endfacet
  facet normal -0.0490041 -0.0848775 0.995186
    outer loop
      vertex -35.0849 19.8057 4.96157
      vertex -31.5233 18.2 5
      vertex -34.9008 20.15 5
    endloop
  endfacet
  facet normal -0.0490084 -0.0848872 0.995185
    outer loop
      vertex -31.5233 18.2 5
      vertex -35.0849 19.8057 4.96157
      vertex -31.7184 17.8621 4.96157
    endloop
  endfacet
  facet normal -0.145136 -0.251389 0.956942
    outer loop
      vertex -35.2618 19.4746 4.84776
      vertex -31.7184 17.8621 4.96157
      vertex -35.0849 19.8057 4.96157
    endloop
  endfacet
  facet normal -0.145142 -0.251402 0.956938
    outer loop
      vertex -31.7184 17.8621 4.96157
      vertex -35.2618 19.4746 4.84776
      vertex -31.906 17.5372 4.84776
    endloop
  endfacet
  facet normal -0.235743 -0.408333 0.881867
    outer loop
      vertex -35.308 19.3883 4.79545
      vertex -31.906 17.5372 4.84776
      vertex -35.2618 19.4746 4.84776
    endloop
  endfacet
  facet normal -0.235669 -0.408196 0.88195
    outer loop
      vertex -31.906 17.5372 4.84776
      vertex -35.308 19.3883 4.79545
      vertex -32.0789 17.2377 4.66294
    endloop
  endfacet
  facet normal -0.386479 -0.669418 0.63444
    outer loop
      vertex -35.6015 18.8392 4.3273
      vertex -35.6851 18.6826 4.11114
      vertex -32.3548 16.7599 4.11114
    endloop
  endfacet
  facet normal -0.478453 -0.828705 0.290399
    outer loop
      vertex -35.7878 18.4905 3.65687
      vertex -35.826 18.4191 3.39018
      vertex -32.5041 16.5012 3.39018
    endloop
  endfacet
  facet normal 0.866074 -0.499916 -0.000190138
    outer loop
      vertex -32.2304 16.9753 4.41421
      vertex -32.3548 16.7599 4.11114
      vertex -31.7184 17.8621 4.96157
    endloop
  endfacet
  facet normal 0.866027 -0.499997 -1.57569e-05
    outer loop
      vertex -32.0789 17.2377 4.66294
      vertex -32.2304 16.9753 4.41421
      vertex -31.7184 17.8621 4.96157
    endloop
  endfacet
  facet normal -0.317179 -0.549374 0.773036
    outer loop
      vertex -35.4249 19.1695 4.66294
      vertex -35.527 18.9785 4.48531
      vertex -32.0789 17.2377 4.66294
    endloop
  endfacet
  facet normal -0.497621 -0.861889 -0.0975696
    outer loop
      vertex -35.8389 18.395 2.88691
      vertex -32.5233 16.4679 3
      vertex -35.8441 18.3852 3
    endloop
  endfacet
  facet normal -0.497586 -0.861856 -0.0980406
    outer loop
      vertex -32.5233 16.4679 3
      vertex -35.8389 18.395 2.88691
      vertex -32.5041 16.5012 2.60982
    endloop
  endfacet
  facet normal 0.866315 -0.499497 0
    outer loop
      vertex -32.5041 16.5012 3.39018
      vertex -32.5233 16.4679 3
      vertex -32.5041 16.5012 2.60982
    endloop
  endfacet
  facet normal 0.47846 0.828718 -0.290349
    outer loop
      vertex -30.5994 19.8002 2.23463
      vertex -33.8644 21.8167 2.60982
      vertex -30.5425 19.8988 2.60982
    endloop
  endfacet
  facet normal 0.478458 0.828716 -0.290359
    outer loop
      vertex -33.8644 21.8167 2.60982
      vertex -30.5994 19.8002 2.23463
      vertex -33.9246 21.72 2.23463
    endloop
  endfacet
  facet normal 0.0490084 0.0848872 -0.995185
    outer loop
      vertex -31.5233 18.2 1
      vertex -34.6947 20.4815 1.03843
      vertex -31.3282 18.5379 1.03843
    endloop
  endfacet
  facet normal 0.0490146 0.0848959 -0.995184
    outer loop
      vertex -34.6947 20.4815 1.03843
      vertex -31.5233 18.2 1
      vertex -34.9008 20.15 1
    endloop
  endfacet
  facet normal -0.235677 -0.408207 -0.881943
    outer loop
      vertex -32.0789 17.2377 1.33706
      vertex -35.4249 19.1695 1.33706
      vertex -35.308 19.3883 1.20455
    endloop
  endfacet
  facet normal -0.386479 -0.669418 -0.63444
    outer loop
      vertex -32.3548 16.7599 1.88886
      vertex -35.6851 18.6826 1.88886
      vertex -35.6015 18.8392 1.6727
    endloop
  endfacet
  facet normal -0.471398 0 0.881921
    outer loop
      vertex -1.11114 -40.2636 4.66294
      vertex -0.765367 -36.4 4.84776
      vertex -1.11114 -36.4 4.66294
    endloop
  endfacet
  facet normal -0.471398 0 0.881921
    outer loop
      vertex -0.765367 -36.4 4.84776
      vertex -1.11114 -40.2636 4.66294
      vertex -0.765367 -40.2749 4.84776
    endloop
  endfacet
  facet normal -0.0980185 0 0.995185
    outer loop
      vertex -0.390181 -40.2872 4.96157
      vertex 0 -36.4 5
      vertex -0.390181 -36.4 4.96157
    endloop
  endfacet
  facet normal -0.0980185 0 0.995185
    outer loop
      vertex 0 -36.4 5
      vertex -0.390181 -40.2872 4.96157
      vertex 0 -40.3 5
    endloop
  endfacet
  facet normal -0.995185 0 -0.0980187
    outer loop
      vertex -1.96157 -36.4 2.60982
      vertex -2 -40.2345 3
      vertex -2 -36.4 3
    endloop
  endfacet
  facet normal -0.995185 0 -0.0980187
    outer loop
      vertex -2 -40.2345 3
      vertex -1.96157 -36.4 2.60982
      vertex -1.96157 -40.2358 2.60982
    endloop
  endfacet
  facet normal 0.0980185 0 -0.995185
    outer loop
      vertex 0 -36.4 1
      vertex 0.390181 -40.2872 1.03843
      vertex 0 -40.3 1
    endloop
  endfacet
  facet normal 0.0980185 0 -0.995185
    outer loop
      vertex 0.390181 -40.2872 1.03843
      vertex 0 -36.4 1
      vertex 0.390181 -36.4 1.03843
    endloop
  endfacet
  facet normal -0.881919 0 -0.471401
    outer loop
      vertex -1.66294 -36.4 1.88886
      vertex -1.84776 -40.2395 2.23463
      vertex -1.84776 -36.4 2.23463
    endloop
  endfacet
  facet normal -0.881919 0 -0.471401
    outer loop
      vertex -1.84776 -40.2395 2.23463
      vertex -1.66294 -36.4 1.88886
      vertex -1.66294 -40.2456 1.88886
    endloop
  endfacet
  facet normal -0.290281 0 -0.956941
    outer loop
      vertex -0.765367 -40.2749 1.15224
      vertex -0.390181 -36.4 1.03843
      vertex -0.390181 -40.2872 1.03843
    endloop
  endfacet
  facet normal -0.290281 0 -0.956941
    outer loop
      vertex -0.390181 -36.4 1.03843
      vertex -0.765367 -40.2749 1.15224
      vertex -0.765367 -36.4 1.15224
    endloop
  endfacet
  facet normal 0.995185 0 -0.0980187
    outer loop
      vertex 2 -40.2345 3
      vertex 1.96157 -36.4 2.60982
      vertex 2 -36.4 3
    endloop
  endfacet
  facet normal 0.995185 0 -0.0980187
    outer loop
      vertex 1.96157 -36.4 2.60982
      vertex 2 -40.2345 3
      vertex 1.96157 -40.2358 2.60982
    endloop
  endfacet
  facet normal 0.471398 0 -0.881921
    outer loop
      vertex 0.765367 -36.4 1.15224
      vertex 1.11114 -40.2636 1.33706
      vertex 0.765367 -40.2749 1.15224
    endloop
  endfacet
  facet normal 0.471398 0 -0.881921
    outer loop
      vertex 1.11114 -40.2636 1.33706
      vertex 0.765367 -36.4 1.15224
      vertex 1.11114 -36.4 1.33706
    endloop
  endfacet
  facet normal 0.290281 0 0.956941
    outer loop
      vertex 0.390181 -36.4 4.96157
      vertex 0.765367 -40.2749 4.84776
      vertex 0.765367 -36.4 4.84776
    endloop
  endfacet
  facet normal 0.290281 0 0.956941
    outer loop
      vertex 0.765367 -40.2749 4.84776
      vertex 0.390181 -36.4 4.96157
      vertex 0.390181 -40.2872 4.96157
    endloop
  endfacet
  facet normal 0.995185 0 0.0980187
    outer loop
      vertex 1.96157 -36.4 3.39018
      vertex 2 -40.2345 3
      vertex 2 -36.4 3
    endloop
  endfacet
  facet normal 0.995185 0 0.0980187
    outer loop
      vertex 2 -40.2345 3
      vertex 1.96157 -36.4 3.39018
      vertex 1.96157 -40.2358 3.39018
    endloop
  endfacet
  facet normal -0.634404 0 0.773002
    outer loop
      vertex -1.41421 -40.2537 4.41421
      vertex -1.11114 -36.4 4.66294
      vertex -1.41421 -36.4 4.41421
    endloop
  endfacet
  facet normal -0.634404 0 0.773002
    outer loop
      vertex -1.11114 -36.4 4.66294
      vertex -1.41421 -40.2537 4.41421
      vertex -1.11114 -40.2636 4.66294
    endloop
  endfacet
  facet normal -0.995185 0 0.0980187
    outer loop
      vertex -2 -40.2345 3
      vertex -1.96157 -36.4 3.39018
      vertex -2 -36.4 3
    endloop
  endfacet
  facet normal -0.995185 0 0.0980187
    outer loop
      vertex -1.96157 -36.4 3.39018
      vertex -2 -40.2345 3
      vertex -1.96157 -40.2358 3.39018
    endloop
  endfacet
  facet normal -0.634404 0 -0.773002
    outer loop
      vertex -1.41421 -40.2537 1.58579
      vertex -1.11114 -36.4 1.33706
      vertex -1.11114 -40.2636 1.33706
    endloop
  endfacet
  facet normal -0.634404 0 -0.773002
    outer loop
      vertex -1.11114 -36.4 1.33706
      vertex -1.41421 -40.2537 1.58579
      vertex -1.41421 -36.4 1.58579
    endloop
  endfacet
  facet normal -0.956942 0 -0.290279
    outer loop
      vertex -1.84776 -36.4 2.23463
      vertex -1.96157 -40.2358 2.60982
      vertex -1.96157 -36.4 2.60982
    endloop
  endfacet
  facet normal -0.956942 0 -0.290279
    outer loop
      vertex -1.96157 -40.2358 2.60982
      vertex -1.84776 -36.4 2.23463
      vertex -1.84776 -40.2395 2.23463
    endloop
  endfacet
  facet normal 0.290281 0 -0.956941
    outer loop
      vertex 0.390181 -36.4 1.03843
      vertex 0.765367 -40.2749 1.15224
      vertex 0.390181 -40.2872 1.03843
    endloop
  endfacet
  facet normal 0.290281 0 -0.956941
    outer loop
      vertex 0.765367 -40.2749 1.15224
      vertex 0.390181 -36.4 1.03843
      vertex 0.765367 -36.4 1.15224
    endloop
  endfacet
  facet normal -0.471398 0 -0.881921
    outer loop
      vertex -1.11114 -40.2636 1.33706
      vertex -0.765367 -36.4 1.15224
      vertex -0.765367 -40.2749 1.15224
    endloop
  endfacet
  facet normal -0.471398 0 -0.881921
    outer loop
      vertex -0.765367 -36.4 1.15224
      vertex -1.11114 -40.2636 1.33706
      vertex -1.11114 -36.4 1.33706
    endloop
  endfacet
  facet normal 0.634404 0 0.773002
    outer loop
      vertex 1.11114 -36.4 4.66294
      vertex 1.41421 -40.2537 4.41421
      vertex 1.41421 -36.4 4.41421
    endloop
  endfacet
  facet normal 0.634404 0 0.773002
    outer loop
      vertex 1.41421 -40.2537 4.41421
      vertex 1.11114 -36.4 4.66294
      vertex 1.11114 -40.2636 4.66294
    endloop
  endfacet
  facet normal -0.773002 0 -0.634404
    outer loop
      vertex -1.41421 -36.4 1.58579
      vertex -1.66294 -40.2456 1.88886
      vertex -1.66294 -36.4 1.88886
    endloop
  endfacet
  facet normal -0.773002 0 -0.634404
    outer loop
      vertex -1.66294 -40.2456 1.88886
      vertex -1.41421 -36.4 1.58579
      vertex -1.41421 -40.2537 1.58579
    endloop
  endfacet
  facet normal 0.956942 0 -0.290279
    outer loop
      vertex 1.96157 -40.2358 2.60982
      vertex 1.84776 -36.4 2.23463
      vertex 1.96157 -36.4 2.60982
    endloop
  endfacet
  facet normal 0.956942 0 -0.290279
    outer loop
      vertex 1.84776 -36.4 2.23463
      vertex 1.96157 -40.2358 2.60982
      vertex 1.84776 -40.2395 2.23463
    endloop
  endfacet
  facet normal -0.0980185 0 -0.995185
    outer loop
      vertex -0.390181 -40.2872 1.03843
      vertex 0 -36.4 1
      vertex 0 -40.3 1
    endloop
  endfacet
  facet normal -0.0980185 0 -0.995185
    outer loop
      vertex 0 -36.4 1
      vertex -0.390181 -40.2872 1.03843
      vertex -0.390181 -36.4 1.03843
    endloop
  endfacet
  facet normal 0.773002 0 -0.634404
    outer loop
      vertex 1.66294 -40.2456 1.88886
      vertex 1.41421 -36.4 1.58579
      vertex 1.66294 -36.4 1.88886
    endloop
  endfacet
  facet normal 0.773002 0 -0.634404
    outer loop
      vertex 1.41421 -36.4 1.58579
      vertex 1.66294 -40.2456 1.88886
      vertex 1.41421 -40.2537 1.58579
    endloop
  endfacet
  facet normal 0.634404 0 -0.773002
    outer loop
      vertex 1.11114 -36.4 1.33706
      vertex 1.41421 -40.2537 1.58579
      vertex 1.11114 -40.2636 1.33706
    endloop
  endfacet
  facet normal 0.634404 0 -0.773002
    outer loop
      vertex 1.41421 -40.2537 1.58579
      vertex 1.11114 -36.4 1.33706
      vertex 1.41421 -36.4 1.58579
    endloop
  endfacet
  facet normal 0.881919 0 0.471401
    outer loop
      vertex 1.66294 -36.4 4.11114
      vertex 1.84776 -40.2395 3.76537
      vertex 1.84776 -36.4 3.76537
    endloop
  endfacet
  facet normal 0.881919 0 0.471401
    outer loop
      vertex 1.84776 -40.2395 3.76537
      vertex 1.66294 -36.4 4.11114
      vertex 1.66294 -40.2456 4.11114
    endloop
  endfacet
  facet normal 0.956942 0 0.290279
    outer loop
      vertex 1.84776 -36.4 3.76537
      vertex 1.96157 -40.2358 3.39018
      vertex 1.96157 -36.4 3.39018
    endloop
  endfacet
  facet normal 0.956942 0 0.290279
    outer loop
      vertex 1.96157 -40.2358 3.39018
      vertex 1.84776 -36.4 3.76537
      vertex 1.84776 -40.2395 3.76537
    endloop
  endfacet
  facet normal 0.773002 0 0.634404
    outer loop
      vertex 1.41421 -36.4 4.41421
      vertex 1.66294 -40.2456 4.11114
      vertex 1.66294 -36.4 4.11114
    endloop
  endfacet
  facet normal 0.773002 0 0.634404
    outer loop
      vertex 1.66294 -40.2456 4.11114
      vertex 1.41421 -36.4 4.41421
      vertex 1.41421 -40.2537 4.41421
    endloop
  endfacet
  facet normal -0.773002 0 0.634404
    outer loop
      vertex -1.66294 -40.2456 4.11114
      vertex -1.41421 -36.4 4.41421
      vertex -1.66294 -36.4 4.11114
    endloop
  endfacet
  facet normal -0.773002 0 0.634404
    outer loop
      vertex -1.41421 -36.4 4.41421
      vertex -1.66294 -40.2456 4.11114
      vertex -1.41421 -40.2537 4.41421
    endloop
  endfacet
  facet normal 0.881919 0 -0.471401
    outer loop
      vertex 1.84776 -40.2395 2.23463
      vertex 1.66294 -36.4 1.88886
      vertex 1.84776 -36.4 2.23463
    endloop
  endfacet
  facet normal 0.881919 0 -0.471401
    outer loop
      vertex 1.66294 -36.4 1.88886
      vertex 1.84776 -40.2395 2.23463
      vertex 1.66294 -40.2456 1.88886
    endloop
  endfacet
  facet normal -0.290281 0 0.956941
    outer loop
      vertex -0.765367 -40.2749 4.84776
      vertex -0.390181 -36.4 4.96157
      vertex -0.765367 -36.4 4.84776
    endloop
  endfacet
  facet normal -0.290281 0 0.956941
    outer loop
      vertex -0.390181 -36.4 4.96157
      vertex -0.765367 -40.2749 4.84776
      vertex -0.390181 -40.2872 4.96157
    endloop
  endfacet
  facet normal -0.881919 0 0.471401
    outer loop
      vertex -1.84776 -40.2395 3.76537
      vertex -1.66294 -36.4 4.11114
      vertex -1.84776 -36.4 3.76537
    endloop
  endfacet
  facet normal -0.881919 0 0.471401
    outer loop
      vertex -1.66294 -36.4 4.11114
      vertex -1.84776 -40.2395 3.76537
      vertex -1.66294 -40.2456 4.11114
    endloop
  endfacet
  facet normal 0.0980185 0 0.995185
    outer loop
      vertex 0 -36.4 5
      vertex 0.390181 -40.2872 4.96157
      vertex 0.390181 -36.4 4.96157
    endloop
  endfacet
  facet normal 0.0980185 0 0.995185
    outer loop
      vertex 0.390181 -40.2872 4.96157
      vertex 0 -36.4 5
      vertex 0 -40.3 5
    endloop
  endfacet
  facet normal -0.956942 0 0.290279
    outer loop
      vertex -1.96157 -40.2358 3.39018
      vertex -1.84776 -36.4 3.76537
      vertex -1.96157 -36.4 3.39018
    endloop
  endfacet
  facet normal -0.956942 0 0.290279
    outer loop
      vertex -1.84776 -36.4 3.76537
      vertex -1.96157 -40.2358 3.39018
      vertex -1.84776 -40.2395 3.76537
    endloop
  endfacet
  facet normal 0 1 0
    outer loop
      vertex 0.390181 -36.4 4.96157
      vertex -0.390181 -36.4 4.96157
      vertex 0 -36.4 5
    endloop
  endfacet
  facet normal 0 1 0
    outer loop
      vertex 0.765367 -36.4 4.84776
      vertex -0.390181 -36.4 4.96157
      vertex 0.390181 -36.4 4.96157
    endloop
  endfacet
  facet normal 0 1 0
    outer loop
      vertex 0.765367 -36.4 4.84776
      vertex -0.765367 -36.4 4.84776
      vertex -0.390181 -36.4 4.96157
    endloop
  endfacet
  facet normal 0 1 0
    outer loop
      vertex 1.11114 -36.4 4.66294
      vertex -0.765367 -36.4 4.84776
      vertex 0.765367 -36.4 4.84776
    endloop
  endfacet
  facet normal 0 1 0
    outer loop
      vertex 1.11114 -36.4 4.66294
      vertex -1.11114 -36.4 4.66294
      vertex -0.765367 -36.4 4.84776
    endloop
  endfacet
  facet normal 0 1 0
    outer loop
      vertex 1.41421 -36.4 4.41421
      vertex -1.11114 -36.4 4.66294
      vertex 1.11114 -36.4 4.66294
    endloop
  endfacet
  facet normal 0 1 0
    outer loop
      vertex 1.41421 -36.4 4.41421
      vertex -1.41421 -36.4 4.41421
      vertex -1.11114 -36.4 4.66294
    endloop
  endfacet
  facet normal 0 1 0
    outer loop
      vertex 1.66294 -36.4 4.11114
      vertex -1.41421 -36.4 4.41421
      vertex 1.41421 -36.4 4.41421
    endloop
  endfacet
  facet normal 0 1 0
    outer loop
      vertex 1.66294 -36.4 4.11114
      vertex -1.66294 -36.4 4.11114
      vertex -1.41421 -36.4 4.41421
    endloop
  endfacet
  facet normal 0 1 0
    outer loop
      vertex 1.84776 -36.4 3.76537
      vertex -1.66294 -36.4 4.11114
      vertex 1.66294 -36.4 4.11114
    endloop
  endfacet
  facet normal 0 1 0
    outer loop
      vertex 1.84776 -36.4 3.76537
      vertex -1.84776 -36.4 3.76537
      vertex -1.66294 -36.4 4.11114
    endloop
  endfacet
  facet normal 0 1 0
    outer loop
      vertex 1.96157 -36.4 3.39018
      vertex -1.84776 -36.4 3.76537
      vertex 1.84776 -36.4 3.76537
    endloop
  endfacet
  facet normal 0 1 0
    outer loop
      vertex 1.96157 -36.4 3.39018
      vertex -1.96157 -36.4 3.39018
      vertex -1.84776 -36.4 3.76537
    endloop
  endfacet
  facet normal 0 1 0
    outer loop
      vertex 2 -36.4 3
      vertex -1.96157 -36.4 3.39018
      vertex 1.96157 -36.4 3.39018
    endloop
  endfacet
  facet normal 0 1 0
    outer loop
      vertex 2 -36.4 3
      vertex -2 -36.4 3
      vertex -1.96157 -36.4 3.39018
    endloop
  endfacet
  facet normal 0 1 -0
    outer loop
      vertex 1.96157 -36.4 2.60982
      vertex -2 -36.4 3
      vertex 2 -36.4 3
    endloop
  endfacet
  facet normal 0 1 0
    outer loop
      vertex 1.96157 -36.4 2.60982
      vertex -1.96157 -36.4 2.60982
      vertex -2 -36.4 3
    endloop
  endfacet
  facet normal 0 1 -0
    outer loop
      vertex 1.84776 -36.4 2.23463
      vertex -1.96157 -36.4 2.60982
      vertex 1.96157 -36.4 2.60982
    endloop
  endfacet
  facet normal 0 1 0
    outer loop
      vertex 1.84776 -36.4 2.23463
      vertex -1.84776 -36.4 2.23463
      vertex -1.96157 -36.4 2.60982
    endloop
  endfacet
  facet normal 0 1 -0
    outer loop
      vertex 1.66294 -36.4 1.88886
      vertex -1.84776 -36.4 2.23463
      vertex 1.84776 -36.4 2.23463
    endloop
  endfacet
  facet normal 0 1 0
    outer loop
      vertex 1.66294 -36.4 1.88886
      vertex -1.66294 -36.4 1.88886
      vertex -1.84776 -36.4 2.23463
    endloop
  endfacet
  facet normal 0 1 -0
    outer loop
      vertex 1.41421 -36.4 1.58579
      vertex -1.66294 -36.4 1.88886
      vertex 1.66294 -36.4 1.88886
    endloop
  endfacet
  facet normal 0 1 0
    outer loop
      vertex 1.41421 -36.4 1.58579
      vertex -1.41421 -36.4 1.58579
      vertex -1.66294 -36.4 1.88886
    endloop
  endfacet
  facet normal 0 1 -0
    outer loop
      vertex 1.11114 -36.4 1.33706
      vertex -1.41421 -36.4 1.58579
      vertex 1.41421 -36.4 1.58579
    endloop
  endfacet
  facet normal 0 1 0
    outer loop
      vertex 1.11114 -36.4 1.33706
      vertex -1.11114 -36.4 1.33706
      vertex -1.41421 -36.4 1.58579
    endloop
  endfacet
  facet normal 0 1 -0
    outer loop
      vertex 0.765367 -36.4 1.15224
      vertex -1.11114 -36.4 1.33706
      vertex 1.11114 -36.4 1.33706
    endloop
  endfacet
  facet normal 0 1 0
    outer loop
      vertex 0.765367 -36.4 1.15224
      vertex -0.765367 -36.4 1.15224
      vertex -1.11114 -36.4 1.33706
    endloop
  endfacet
  facet normal 0 1 -0
    outer loop
      vertex 0.390181 -36.4 1.03843
      vertex -0.765367 -36.4 1.15224
      vertex 0.765367 -36.4 1.15224
    endloop
  endfacet
  facet normal 0 1 0
    outer loop
      vertex 0.390181 -36.4 1.03843
      vertex -0.390181 -36.4 1.03843
      vertex -0.765367 -36.4 1.15224
    endloop
  endfacet
  facet normal -0 1 0
    outer loop
      vertex -0.390181 -36.4 1.03843
      vertex 0.390181 -36.4 1.03843
      vertex 0 -36.4 1
    endloop
  endfacet
  facet normal 0.471398 0 0.881921
    outer loop
      vertex 0.765367 -36.4 4.84776
      vertex 1.11114 -40.2636 4.66294
      vertex 1.11114 -36.4 4.66294
    endloop
  endfacet
  facet normal 0.471398 0 0.881921
    outer loop
      vertex 1.11114 -40.2636 4.66294
      vertex 0.765367 -36.4 4.84776
      vertex 0.765367 -40.2749 4.84776
    endloop
  endfacet
  facet normal 0.497587 -0.861846 -0.0981247
    outer loop
      vertex 35.8389 18.395 2.88691
      vertex 32.5041 16.5012 2.60982
      vertex 35.826 18.4191 2.60982
    endloop
  endfacet
  facet normal -0.386533 0.669477 0.634345
    outer loop
      vertex 34.0222 21.5629 4.11114
      vertex 30.8162 19.4247 4.41421
      vertex 34.1536 21.3516 4.41421
    endloop
  endfacet
  facet normal -0.386532 0.669476 0.634346
    outer loop
      vertex 30.8162 19.4247 4.41421
      vertex 34.0222 21.5629 4.11114
      vertex 30.6919 19.6401 4.11114
    endloop
  endfacet
  facet normal 0.478452 -0.828723 -0.290349
    outer loop
      vertex 35.7723 18.5195 2.23463
      vertex 32.5041 16.5012 2.60982
      vertex 32.4472 16.5998 2.23463
    endloop
  endfacet
  facet normal 0.478563 -0.828818 -0.289894
    outer loop
      vertex 32.5041 16.5012 2.60982
      vertex 35.7723 18.5195 2.23463
      vertex 35.7878 18.4905 2.34313
    endloop
  endfacet
  facet normal 0.497621 -0.861889 -0.0975696
    outer loop
      vertex 32.5233 16.4679 3
      vertex 35.8389 18.395 2.88691
      vertex 35.8441 18.3852 3
    endloop
  endfacet
  facet normal 0.497586 -0.861856 -0.0980406
    outer loop
      vertex 35.8389 18.395 2.88691
      vertex 32.5233 16.4679 3
      vertex 32.5041 16.5012 2.60982
    endloop
  endfacet
  facet normal -0.866011 -0.500026 2.3138e-14
    outer loop
      vertex 31.7184 17.8621 1.03843
      vertex 31.3282 18.5379 1.03843
      vertex 31.5233 18.2 1
    endloop
  endfacet
  facet normal 0.440931 -0.763743 0.471462
    outer loop
      vertex 32.4472 16.5998 3.76537
      vertex 35.7472 18.5666 3.86518
      vertex 32.3548 16.7599 4.11114
    endloop
  endfacet
  facet normal 0.44097 -0.763802 0.47133
    outer loop
      vertex 35.7472 18.5666 3.86518
      vertex 32.4472 16.5998 3.76537
      vertex 35.7723 18.5195 3.76537
    endloop
  endfacet
  facet normal -0.866315 -0.499497 -0
    outer loop
      vertex 30.5425 19.8988 3.39018
      vertex 30.5233 19.9321 3
      vertex 30.5425 19.8988 2.60982
    endloop
  endfacet
  facet normal 0.235669 -0.408196 -0.88195
    outer loop
      vertex 31.906 17.5372 1.15224
      vertex 35.308 19.3883 1.20455
      vertex 32.0789 17.2377 1.33706
    endloop
  endfacet
  facet normal 0.235743 -0.408333 -0.881867
    outer loop
      vertex 35.308 19.3883 1.20455
      vertex 31.906 17.5372 1.15224
      vertex 35.2618 19.4746 1.15224
    endloop
  endfacet
  facet normal 0.440922 -0.763719 -0.47151
    outer loop
      vertex 35.7472 18.5666 2.13482
      vertex 32.3548 16.7599 1.88886
      vertex 35.6851 18.6826 1.88886
    endloop
  endfacet
  facet normal 0.317346 -0.549674 -0.772754
    outer loop
      vertex 32.2304 16.9753 1.58579
      vertex 35.527 18.9785 1.51469
      vertex 35.5678 18.9021 1.58579
    endloop
  endfacet
  facet normal 0.317236 -0.549498 -0.772925
    outer loop
      vertex 35.527 18.9785 1.51469
      vertex 32.2304 16.9753 1.58579
      vertex 32.0789 17.2377 1.33706
    endloop
  endfacet
  facet normal 0.317179 -0.549374 -0.773036
    outer loop
      vertex 35.527 18.9785 1.51469
      vertex 32.0789 17.2377 1.33706
      vertex 35.4249 19.1695 1.33706
    endloop
  endfacet
  facet normal -0.866074 -0.499916 0.000190138
    outer loop
      vertex 32.3548 16.7599 1.88886
      vertex 31.7184 17.8621 1.03843
      vertex 32.2304 16.9753 1.58579
    endloop
  endfacet
  facet normal -0.865948 -0.500134 -0.000366566
    outer loop
      vertex 32.0789 17.2377 1.33706
      vertex 31.7184 17.8621 1.03843
      vertex 31.906 17.5372 1.15224
    endloop
  endfacet
  facet normal -0.866027 -0.499997 1.57569e-05
    outer loop
      vertex 32.2304 16.9753 1.58579
      vertex 31.7184 17.8621 1.03843
      vertex 32.0789 17.2377 1.33706
    endloop
  endfacet
  facet normal -0.14511 0.251345 -0.956958
    outer loop
      vertex 34.6947 20.4815 1.03843
      vertex 31.3282 18.5379 1.03843
      vertex 34.5523 20.7105 1.12017
    endloop
  endfacet
  facet normal -0.866113 -0.499848 0
    outer loop
      vertex 32.5041 16.5012 2.60982
      vertex 32.3548 16.7599 4.11114
      vertex 32.3548 16.7599 1.88886
    endloop
  endfacet
  facet normal -0.866113 -0.499848 0
    outer loop
      vertex 32.3548 16.7599 4.11114
      vertex 32.5041 16.5012 2.60982
      vertex 32.5041 16.5012 3.39018
    endloop
  endfacet
  facet normal -0.866017 -0.500015 -1.97251e-05
    outer loop
      vertex 31.7184 17.8621 4.96157
      vertex 30.5425 19.8988 3.39018
      vertex 32.3548 16.7599 4.11114
    endloop
  endfacet
  facet normal 0.386486 -0.669431 -0.634422
    outer loop
      vertex 35.5678 18.9021 1.58579
      vertex 32.3548 16.7599 1.88886
      vertex 32.2304 16.9753 1.58579
    endloop
  endfacet
  facet normal 0.386507 -0.669457 -0.634382
    outer loop
      vertex 32.3548 16.7599 1.88886
      vertex 35.5678 18.9021 1.58579
      vertex 35.6015 18.8392 1.6727
    endloop
  endfacet
  facet normal -0.866075 -0.499914 -3.16755e-05
    outer loop
      vertex 32.5041 16.5012 2.60982
      vertex 32.3548 16.7599 1.88886
      vertex 32.4472 16.5998 2.23463
    endloop
  endfacet
  facet normal 0.317346 -0.549674 0.772754
    outer loop
      vertex 35.527 18.9785 4.48531
      vertex 32.2304 16.9753 4.41421
      vertex 35.5678 18.9021 4.41421
    endloop
  endfacet
  facet normal 0.317236 -0.549498 0.772925
    outer loop
      vertex 32.2304 16.9753 4.41421
      vertex 35.527 18.9785 4.48531
      vertex 32.0789 17.2377 4.66294
    endloop
  endfacet
  facet normal -0.866019 -0.500011 0
    outer loop
      vertex 32.3548 16.7599 1.88886
      vertex 30.5425 19.8988 3.39018
      vertex 30.5425 19.8988 2.60982
    endloop
  endfacet
  facet normal -0.866019 -0.500011 0
    outer loop
      vertex 30.5425 19.8988 3.39018
      vertex 32.3548 16.7599 1.88886
      vertex 32.3548 16.7599 4.11114
    endloop
  endfacet
  facet normal -0.866073 -0.499917 -8.72199e-05
    outer loop
      vertex 31.3282 18.5379 1.03843
      vertex 30.5425 19.8988 2.60982
      vertex 30.6919 19.6401 1.88886
    endloop
  endfacet
  facet normal -0.866075 -0.499914 3.16755e-05
    outer loop
      vertex 32.4472 16.5998 3.76537
      vertex 32.3548 16.7599 4.11114
      vertex 32.5041 16.5012 3.39018
    endloop
  endfacet
  facet normal 0.497586 -0.861856 0.0980406
    outer loop
      vertex 32.5233 16.4679 3
      vertex 35.8389 18.395 3.11309
      vertex 32.5041 16.5012 3.39018
    endloop
  endfacet
  facet normal 0.497621 -0.861889 0.0975696
    outer loop
      vertex 35.8389 18.395 3.11309
      vertex 32.5233 16.4679 3
      vertex 35.8441 18.3852 3
    endloop
  endfacet
  facet normal -0.866315 -0.499497 -0
    outer loop
      vertex 32.5041 16.5012 3.39018
      vertex 32.5041 16.5012 2.60982
      vertex 32.5233 16.4679 3
    endloop
  endfacet
  facet normal 0.497587 -0.861846 0.0981247
    outer loop
      vertex 35.826 18.4191 3.39018
      vertex 32.5041 16.5012 3.39018
      vertex 35.8389 18.395 3.11309
    endloop
  endfacet
  facet normal -0.866017 -0.500015 1.97251e-05
    outer loop
      vertex 32.3548 16.7599 1.88886
      vertex 30.5425 19.8988 2.60982
      vertex 31.7184 17.8621 1.03843
    endloop
  endfacet
  facet normal -0.866011 -0.500026 3.84261e-05
    outer loop
      vertex 31.7184 17.8621 1.03843
      vertex 30.5425 19.8988 2.60982
      vertex 31.3282 18.5379 1.03843
    endloop
  endfacet
  facet normal 0.386479 -0.669418 -0.63444
    outer loop
      vertex 35.6851 18.6826 1.88886
      vertex 32.3548 16.7599 1.88886
      vertex 35.6015 18.8392 1.6727
    endloop
  endfacet
  facet normal 0.235677 -0.408207 -0.881943
    outer loop
      vertex 35.4249 19.1695 1.33706
      vertex 32.0789 17.2377 1.33706
      vertex 35.308 19.3883 1.20455
    endloop
  endfacet
  facet normal 0.44097 -0.763802 -0.47133
    outer loop
      vertex 32.4472 16.5998 2.23463
      vertex 35.7472 18.5666 2.13482
      vertex 35.7723 18.5195 2.23463
    endloop
  endfacet
  facet normal 0.440931 -0.763743 -0.471462
    outer loop
      vertex 35.7472 18.5666 2.13482
      vertex 32.4472 16.5998 2.23463
      vertex 32.3548 16.7599 1.88886
    endloop
  endfacet
  facet normal 0.145142 -0.251402 -0.956938
    outer loop
      vertex 31.7184 17.8621 1.03843
      vertex 35.2618 19.4746 1.15224
      vertex 31.906 17.5372 1.15224
    endloop
  endfacet
  facet normal 0.145136 -0.251389 -0.956942
    outer loop
      vertex 35.2618 19.4746 1.15224
      vertex 31.7184 17.8621 1.03843
      vertex 35.0849 19.8057 1.03843
    endloop
  endfacet
  facet normal -0.865533 -0.500852 0.000360208
    outer loop
      vertex 30.6919 19.6401 1.88886
      vertex 30.5425 19.8988 2.60982
      vertex 30.5994 19.8002 2.23463
    endloop
  endfacet
  facet normal -0.0490146 0.0848959 -0.995184
    outer loop
      vertex 31.5233 18.2 1
      vertex 34.6947 20.4815 1.03843
      vertex 34.9008 20.15 1
    endloop
  endfacet
  facet normal -0.0490084 0.0848872 -0.995185
    outer loop
      vertex 34.6947 20.4815 1.03843
      vertex 31.5233 18.2 1
      vertex 31.3282 18.5379 1.03843
    endloop
  endfacet
  facet normal -0.866293 -0.499534 -0.00101416
    outer loop
      vertex 31.3282 18.5379 1.03843
      vertex 30.8162 19.4247 1.58579
      vertex 30.9678 19.1623 1.33706
    endloop
  endfacet
  facet normal -0.317204 0.549399 -0.773009
    outer loop
      vertex 34.2681 21.1675 1.40796
      vertex 30.8162 19.4247 1.58579
      vertex 34.1536 21.3516 1.58579
    endloop
  endfacet
  facet normal 0.235743 -0.408333 0.881867
    outer loop
      vertex 31.906 17.5372 4.84776
      vertex 35.308 19.3883 4.79545
      vertex 35.2618 19.4746 4.84776
    endloop
  endfacet
  facet normal 0.235669 -0.408196 0.88195
    outer loop
      vertex 35.308 19.3883 4.79545
      vertex 31.906 17.5372 4.84776
      vertex 32.0789 17.2377 4.66294
    endloop
  endfacet
  facet normal 0.478452 -0.828723 0.290349
    outer loop
      vertex 32.5041 16.5012 3.39018
      vertex 35.7723 18.5195 3.76537
      vertex 32.4472 16.5998 3.76537
    endloop
  endfacet
  facet normal 0.478563 -0.828818 0.289894
    outer loop
      vertex 35.7723 18.5195 3.76537
      vertex 32.5041 16.5012 3.39018
      vertex 35.7878 18.4905 3.65687
    endloop
  endfacet
  facet normal 0.478453 -0.828705 0.290399
    outer loop
      vertex 35.7878 18.4905 3.65687
      vertex 32.5041 16.5012 3.39018
      vertex 35.826 18.4191 3.39018
    endloop
  endfacet
  facet normal -0.478458 0.828716 -0.290359
    outer loop
      vertex 30.5994 19.8002 2.23463
      vertex 33.8644 21.8167 2.60982
      vertex 33.9246 21.72 2.23463
    endloop
  endfacet
  facet normal -0.47846 0.828718 -0.290349
    outer loop
      vertex 33.8644 21.8167 2.60982
      vertex 30.5994 19.8002 2.23463
      vertex 30.5425 19.8988 2.60982
    endloop
  endfacet
  facet normal -0.497598 0.861865 -0.0978985
    outer loop
      vertex 30.5425 19.8988 2.60982
      vertex 33.8441 21.8493 3
      vertex 33.8644 21.8167 2.60982
    endloop
  endfacet
  facet normal -0.497579 0.861861 -0.0980406
    outer loop
      vertex 33.8441 21.8493 3
      vertex 30.5425 19.8988 2.60982
      vertex 30.5233 19.9321 3
    endloop
  endfacet
  facet normal 0.478453 -0.828705 -0.290399
    outer loop
      vertex 35.826 18.4191 2.60982
      vertex 32.5041 16.5012 2.60982
      vertex 35.7878 18.4905 2.34313
    endloop
  endfacet
  facet normal -0.478458 0.828716 0.290359
    outer loop
      vertex 33.8644 21.8167 3.39018
      vertex 30.5994 19.8002 3.76537
      vertex 33.9246 21.72 3.76537
    endloop
  endfacet
  facet normal -0.47846 0.828718 0.290349
    outer loop
      vertex 30.5994 19.8002 3.76537
      vertex 33.8644 21.8167 3.39018
      vertex 30.5425 19.8988 3.39018
    endloop
  endfacet
  facet normal -0.497598 0.861865 0.0978985
    outer loop
      vertex 33.8441 21.8493 3
      vertex 30.5425 19.8988 3.39018
      vertex 33.8644 21.8167 3.39018
    endloop
  endfacet
  facet normal -0.497579 0.861861 0.0980406
    outer loop
      vertex 30.5425 19.8988 3.39018
      vertex 33.8441 21.8493 3
      vertex 30.5233 19.9321 3
    endloop
  endfacet
  facet normal -0.317204 0.549399 0.773009
    outer loop
      vertex 34.1536 21.3516 4.41421
      vertex 30.8162 19.4247 4.41421
      vertex 34.2681 21.1675 4.59204
    endloop
  endfacet
  facet normal -0.866293 -0.499534 0.00101416
    outer loop
      vertex 30.9678 19.1623 4.66294
      vertex 30.8162 19.4247 4.41421
      vertex 31.3282 18.5379 4.96157
    endloop
  endfacet
  facet normal -0.866073 -0.499917 8.72199e-05
    outer loop
      vertex 30.6919 19.6401 4.11114
      vertex 30.5425 19.8988 3.39018
      vertex 31.3282 18.5379 4.96157
    endloop
  endfacet
  facet normal -0.866011 -0.500026 -3.84261e-05
    outer loop
      vertex 31.3282 18.5379 4.96157
      vertex 30.5425 19.8988 3.39018
      vertex 31.7184 17.8621 4.96157
    endloop
  endfacet
  facet normal -0.866011 -0.500026 -2.3138e-14
    outer loop
      vertex 31.5233 18.2 5
      vertex 31.3282 18.5379 4.96157
      vertex 31.7184 17.8621 4.96157
    endloop
  endfacet
  facet normal -0.386533 0.669477 -0.634345
    outer loop
      vertex 30.8162 19.4247 1.58579
      vertex 34.0222 21.5629 1.88886
      vertex 34.1536 21.3516 1.58579
    endloop
  endfacet
  facet normal -0.386532 0.669476 -0.634346
    outer loop
      vertex 34.0222 21.5629 1.88886
      vertex 30.8162 19.4247 1.58579
      vertex 30.6919 19.6401 1.88886
    endloop
  endfacet
  facet normal -0.865938 -0.500152 0.000318912
    outer loop
      vertex 31.3282 18.5379 1.03843
      vertex 30.6919 19.6401 1.88886
      vertex 30.8162 19.4247 1.58579
    endloop
  endfacet
  facet normal -0.317141 0.549309 -0.773098
    outer loop
      vertex 30.9678 19.1623 1.33706
      vertex 34.2681 21.1675 1.40796
      vertex 34.3138 21.0941 1.33706
    endloop
  endfacet
  facet normal -0.317221 0.549435 -0.772976
    outer loop
      vertex 34.2681 21.1675 1.40796
      vertex 30.9678 19.1623 1.33706
      vertex 30.8162 19.4247 1.58579
    endloop
  endfacet
  facet normal 0.386479 -0.669418 0.63444
    outer loop
      vertex 35.6015 18.8392 4.3273
      vertex 32.3548 16.7599 4.11114
      vertex 35.6851 18.6826 4.11114
    endloop
  endfacet
  facet normal 0.0490041 -0.0848775 0.995186
    outer loop
      vertex 31.5233 18.2 5
      vertex 35.0849 19.8057 4.96157
      vertex 34.9008 20.15 5
    endloop
  endfacet
  facet normal 0.0490084 -0.0848872 0.995185
    outer loop
      vertex 35.0849 19.8057 4.96157
      vertex 31.5233 18.2 5
      vertex 31.7184 17.8621 4.96157
    endloop
  endfacet
  facet normal 0.145136 -0.251389 0.956942
    outer loop
      vertex 31.7184 17.8621 4.96157
      vertex 35.2618 19.4746 4.84776
      vertex 35.0849 19.8057 4.96157
    endloop
  endfacet
  facet normal 0.145142 -0.251402 0.956938
    outer loop
      vertex 35.2618 19.4746 4.84776
      vertex 31.7184 17.8621 4.96157
      vertex 31.906 17.5372 4.84776
    endloop
  endfacet
  facet normal -0.865948 -0.500134 0.000366566
    outer loop
      vertex 31.906 17.5372 4.84776
      vertex 31.7184 17.8621 4.96157
      vertex 32.0789 17.2377 4.66294
    endloop
  endfacet
  facet normal 0.0490084 -0.0848872 -0.995185
    outer loop
      vertex 31.5233 18.2 1
      vertex 35.0849 19.8057 1.03843
      vertex 31.7184 17.8621 1.03843
    endloop
  endfacet
  facet normal 0.0490041 -0.0848775 -0.995186
    outer loop
      vertex 35.0849 19.8057 1.03843
      vertex 31.5233 18.2 1
      vertex 34.9008 20.15 1
    endloop
  endfacet
  facet normal -0.440951 0.763729 0.471466
    outer loop
      vertex 33.9246 21.72 3.76537
      vertex 30.6919 19.6401 4.11114
      vertex 34.0222 21.5629 4.11114
    endloop
  endfacet
  facet normal -0.440916 0.763691 0.471561
    outer loop
      vertex 30.6919 19.6401 4.11114
      vertex 33.9246 21.72 3.76537
      vertex 30.5994 19.8002 3.76537
    endloop
  endfacet
  facet normal -0.865533 -0.500852 -0.000360208
    outer loop
      vertex 30.5994 19.8002 3.76537
      vertex 30.5425 19.8988 3.39018
      vertex 30.6919 19.6401 4.11114
    endloop
  endfacet
  facet normal -0.235792 0.408397 0.881824
    outer loop
      vertex 34.4447 20.8834 4.79545
      vertex 31.1406 18.8628 4.84776
      vertex 34.4964 20.8003 4.84776
    endloop
  endfacet
  facet normal -0.235695 0.408242 0.881922
    outer loop
      vertex 31.1406 18.8628 4.84776
      vertex 34.4447 20.8834 4.79545
      vertex 30.9678 19.1623 4.66294
    endloop
  endfacet
  facet normal -0.14511 0.251345 0.956958
    outer loop
      vertex 34.5523 20.7105 4.87983
      vertex 31.3282 18.5379 4.96157
      vertex 34.6947 20.4815 4.96157
    endloop
  endfacet
  facet normal -0.0490146 0.0848959 0.995184
    outer loop
      vertex 34.6947 20.4815 4.96157
      vertex 31.5233 18.2 5
      vertex 34.9008 20.15 5
    endloop
  endfacet
  facet normal -0.0490084 0.0848872 0.995185
    outer loop
      vertex 31.5233 18.2 5
      vertex 34.6947 20.4815 4.96157
      vertex 31.3282 18.5379 4.96157
    endloop
  endfacet
  facet normal -0.865938 -0.500152 -0.000318912
    outer loop
      vertex 30.8162 19.4247 4.41421
      vertex 30.6919 19.6401 4.11114
      vertex 31.3282 18.5379 4.96157
    endloop
  endfacet
  facet normal -0.440951 0.763729 -0.471466
    outer loop
      vertex 30.6919 19.6401 1.88886
      vertex 33.9246 21.72 2.23463
      vertex 34.0222 21.5629 1.88886
    endloop
  endfacet
  facet normal -0.440916 0.763691 -0.471561
    outer loop
      vertex 33.9246 21.72 2.23463
      vertex 30.6919 19.6401 1.88886
      vertex 30.5994 19.8002 2.23463
    endloop
  endfacet
  facet normal -0.235688 0.408226 -0.881931
    outer loop
      vertex 34.4447 20.8834 1.20455
      vertex 30.9678 19.1623 1.33706
      vertex 34.3138 21.0941 1.33706
    endloop
  endfacet
  facet normal -0.865783 -0.500418 0.00144998
    outer loop
      vertex 31.3282 18.5379 1.03843
      vertex 30.9678 19.1623 1.33706
      vertex 31.1406 18.8628 1.15224
    endloop
  endfacet
  facet normal 0.440922 -0.763719 0.47151
    outer loop
      vertex 35.6851 18.6826 4.11114
      vertex 32.3548 16.7599 4.11114
      vertex 35.7472 18.5666 3.86518
    endloop
  endfacet
  facet normal 0.317179 -0.549374 0.773036
    outer loop
      vertex 35.4249 19.1695 4.66294
      vertex 32.0789 17.2377 4.66294
      vertex 35.527 18.9785 4.48531
    endloop
  endfacet
  facet normal 0.386486 -0.669431 0.634422
    outer loop
      vertex 32.3548 16.7599 4.11114
      vertex 35.5678 18.9021 4.41421
      vertex 32.2304 16.9753 4.41421
    endloop
  endfacet
  facet normal 0.386507 -0.669457 0.634382
    outer loop
      vertex 35.5678 18.9021 4.41421
      vertex 32.3548 16.7599 4.11114
      vertex 35.6015 18.8392 4.3273
    endloop
  endfacet
  facet normal -0.235688 0.408226 0.881931
    outer loop
      vertex 34.3138 21.0941 4.66294
      vertex 30.9678 19.1623 4.66294
      vertex 34.4447 20.8834 4.79545
    endloop
  endfacet
  facet normal -0.317141 0.549309 0.773098
    outer loop
      vertex 34.2681 21.1675 4.59204
      vertex 30.9678 19.1623 4.66294
      vertex 34.3138 21.0941 4.66294
    endloop
  endfacet
  facet normal -0.317221 0.549435 0.772976
    outer loop
      vertex 30.9678 19.1623 4.66294
      vertex 34.2681 21.1675 4.59204
      vertex 30.8162 19.4247 4.41421
    endloop
  endfacet
  facet normal -0.235792 0.408397 -0.881824
    outer loop
      vertex 31.1406 18.8628 1.15224
      vertex 34.4447 20.8834 1.20455
      vertex 34.4964 20.8003 1.15224
    endloop
  endfacet
  facet normal -0.235695 0.408242 -0.881922
    outer loop
      vertex 34.4447 20.8834 1.20455
      vertex 31.1406 18.8628 1.15224
      vertex 30.9678 19.1623 1.33706
    endloop
  endfacet
  facet normal -0.145147 0.251399 -0.956938
    outer loop
      vertex 31.1406 18.8628 1.15224
      vertex 34.5523 20.7105 1.12017
      vertex 31.3282 18.5379 1.03843
    endloop
  endfacet
  facet normal -0.145146 0.251396 -0.956939
    outer loop
      vertex 34.5523 20.7105 1.12017
      vertex 31.1406 18.8628 1.15224
      vertex 34.4964 20.8003 1.15224
    endloop
  endfacet
  facet normal 0.235677 -0.408207 0.881943
    outer loop
      vertex 35.308 19.3883 4.79545
      vertex 32.0789 17.2377 4.66294
      vertex 35.4249 19.1695 4.66294
    endloop
  endfacet
  facet normal -0.866027 -0.499997 -1.57569e-05
    outer loop
      vertex 32.0789 17.2377 4.66294
      vertex 31.7184 17.8621 4.96157
      vertex 32.2304 16.9753 4.41421
    endloop
  endfacet
  facet normal -0.866074 -0.499916 -0.000190138
    outer loop
      vertex 32.2304 16.9753 4.41421
      vertex 31.7184 17.8621 4.96157
      vertex 32.3548 16.7599 4.11114
    endloop
  endfacet
  facet normal -0.865783 -0.500418 -0.00144998
    outer loop
      vertex 31.1406 18.8628 4.84776
      vertex 30.9678 19.1623 4.66294
      vertex 31.3282 18.5379 4.96157
    endloop
  endfacet
  facet normal -0.145146 0.251396 0.956939
    outer loop
      vertex 31.1406 18.8628 4.84776
      vertex 34.5523 20.7105 4.87983
      vertex 34.4964 20.8003 4.84776
    endloop
  endfacet
  facet normal -0.145147 0.251399 0.956938
    outer loop
      vertex 34.5523 20.7105 4.87983
      vertex 31.1406 18.8628 4.84776
      vertex 31.3282 18.5379 4.96157
    endloop
  endfacet
endsolid OpenSCAD_Model
